/*!40101 SET @OLD_CHARACTER_SET_CLIENT=@@CHARACTER_SET_CLIENT */;
/*!40101 SET NAMES utf8 */;
/*!50503 SET NAMES utf8mb4 */;
/*!40103 SET @OLD_TIME_ZONE=@@TIME_ZONE */;
/*!40103 SET TIME_ZONE='+00:00' */;
/*!40014 SET @OLD_FOREIGN_KEY_CHECKS=@@FOREIGN_KEY_CHECKS, FOREIGN_KEY_CHECKS=0 */;
/*!40101 SET @OLD_SQL_MODE=@@SQL_MODE, SQL_MODE='NO_AUTO_VALUE_ON_ZERO' */;
/*!40111 SET @OLD_SQL_NOTES=@@SQL_NOTES, SQL_NOTES=0 */;

CREATE DATABASE IF NOT EXISTS `disdukcapil-chatbot` /*!40100 DEFAULT CHARACTER SET utf8 COLLATE utf8_unicode_ci */ /*!80016 DEFAULT ENCRYPTION='N' */;
USE `disdukcapil-chatbot`;

CREATE TABLE IF NOT EXISTS `broadcast` (
  `id` int NOT NULL AUTO_INCREMENT,
  `start_date` datetime DEFAULT NULL,
  `text` longtext CHARACTER SET utf8 COLLATE utf8_unicode_ci,
  `file` longtext CHARACTER SET utf8 COLLATE utf8_unicode_ci,
  `status` varchar(50) CHARACTER SET utf8 COLLATE utf8_unicode_ci DEFAULT NULL,
  PRIMARY KEY (`id`) USING BTREE
) ENGINE=InnoDB AUTO_INCREMENT=2 DEFAULT CHARSET=utf8 COLLATE=utf8_unicode_ci ROW_FORMAT=DYNAMIC;

INSERT INTO `broadcast` (`id`, `start_date`, `text`, `file`, `status`) VALUES
	(1, '2022-11-20 19:37:42', 'Test', 'LASMINI.png', 'OK');

CREATE TABLE IF NOT EXISTS `broadcast_tujuan` (
  `id` int NOT NULL AUTO_INCREMENT,
  `pelapor_id` int DEFAULT NULL,
  `broadcast_id` int DEFAULT NULL,
  PRIMARY KEY (`id`) USING BTREE
) ENGINE=InnoDB AUTO_INCREMENT=2 DEFAULT CHARSET=utf8 COLLATE=utf8_unicode_ci ROW_FORMAT=DYNAMIC;

INSERT INTO `broadcast_tujuan` (`id`, `pelapor_id`, `broadcast_id`) VALUES
	(1, 30, 1);

CREATE TABLE IF NOT EXISTS `log_user_chat` (
  `id` int NOT NULL AUTO_INCREMENT,
  `pelapor_id` int DEFAULT NULL,
  `pesan` text CHARACTER SET utf8 COLLATE utf8_unicode_ci,
  `tanggal` datetime DEFAULT CURRENT_TIMESTAMP,
  `code` varchar(50) CHARACTER SET utf8 COLLATE utf8_unicode_ci DEFAULT NULL,
  PRIMARY KEY (`id`) USING BTREE
) ENGINE=InnoDB AUTO_INCREMENT=44 DEFAULT CHARSET=utf8 COLLATE=utf8_unicode_ci ROW_FORMAT=DYNAMIC;

INSERT INTO `log_user_chat` (`id`, `pelapor_id`, `pesan`, `tanggal`, `code`) VALUES
	(1, 30, 'hallo', '2022-11-20 17:43:02', NULL),
	(2, 30, '1', '2022-11-20 17:43:12', NULL),
	(3, 30, 'Ketik nomor/kode/nama layanan informasi ADMINDUK :\n\nA. Cara mengurus Pengajuan Permohonan melalui Online \nB. Aduan permasalahan masyarakat terkait ADMINDUK \nC. Cara Mengetahui (Tracking) Proses Pengajuan Dokumen Permohonan Administrasi kependudukan \nD. Warga yang berumur 17 tahun atau yang belum pernah perekaman KTP-EL (?) \nE. Proses Pengajuan Permohonan Dokumen Administrasi Kependudukan \nF. Pengambilan Dokumen Administrasi Kependudukan \nG. Lokasi dan Waktu Layanan Administrasi Kependudukan Dispendukcapil Kabupaten Nganjuk ( Mall Pelayanan Publik Dispendukcapil Kabupaten Nganjuk ) \nH. Tata Cara legalisir dokumen yang belum menggunakan QR-Code \nI. Tata Cara mencetak Dokumen jika sudah diterbitkan \nSelesai. Selesai', '2022-11-20 17:43:12', 'Sys'),
	(4, 30, '1', '2022-11-20 17:43:13', NULL),
	(5, 30, 'Ketik nomor/kode/nama layanan informasi ADMINDUK :\n\nA. Cara mengurus Pengajuan Permohonan melalui Online \nB. Aduan permasalahan masyarakat terkait ADMINDUK \nC. Cara Mengetahui (Tracking) Proses Pengajuan Dokumen Permohonan Administrasi kependudukan \nD. Warga yang berumur 17 tahun atau yang belum pernah perekaman KTP-EL (?) \nE. Proses Pengajuan Permohonan Dokumen Administrasi Kependudukan \nF. Pengambilan Dokumen Administrasi Kependudukan \nG. Lokasi dan Waktu Layanan Administrasi Kependudukan Dispendukcapil Kabupaten Nganjuk ( Mall Pelayanan Publik Dispendukcapil Kabupaten Nganjuk ) \nH. Tata Cara legalisir dokumen yang belum menggunakan QR-Code \nI. Tata Cara mencetak Dokumen jika sudah diterbitkan \nSelesai. Selesai', '2022-11-20 17:43:13', 'Sys'),
	(6, 19, 'Hello', '2022-11-20 19:14:54', NULL),
	(7, 11, 'haloo', '2022-11-21 13:35:08', NULL),
	(8, 11, '4', '2022-11-21 13:35:35', NULL),
	(9, 11, 'Ketik nomor/kode/nama layanan informasi ADMINDUK :\n\n4.1. KTP-eL \n4.2. Akta Kelahiran \n4.3. Akta Kematian \n4.4. Akta Perkawinan \n4.5. Akta Perceraian \n4.6. Pemuktahiran Biodata \n4.7. Pindah Keluar WNI \n4.8. Pindah Datang \n4.9. Pindah Dalam Kota \n4.10. Kartu Keluarga', '2022-11-21 13:35:35', 'Sys'),
	(10, 11, '4.1', '2022-11-21 13:35:47', NULL),
	(11, 11, 'Ketik nomor/kode/nama layanan informasi ADMINDUK :\n\n4.1a. a. Tempat Pelayanan Pembuatan KTP-el Baru dan Syaratnya \n4.1b. b. Tata Cara Pembuatan KTP-el Baru \n4.1c. c. Tata Cara Pengajuan Perubahan Elemen Data, Rusak dan Hilang terkait KTP-el \n4.1d. d. Tata Cara Cetak Pengajuan Perubahan Elemen Data KTP-el \n4.1e. e. Terkait Legalisir KTP-el \n4.1f. f. Memeriksa ( Tracking ) permohonan KTP-el \n4.1g. g. Tata Cara Pembuatan KTP-el luar Kabupaten Nganjuk ( Luar Jawa Timur ) \n4.1h. h. Tata Cara Cetak Pembuatan KTP-el Luar Kabupaten Nganjuk ( Luar Jawa Timur ) \n4.1i. i. Tata Cara Pengajuan Perekaman Ulang KTP-el Akibat Kesalahan Biometrik', '2022-11-21 13:35:47', 'Sys'),
	(12, 11, '4.5', '2022-11-21 13:38:20', NULL),
	(13, 11, 'Ketik nomor/kode/nama layanan informasi ADMINDUK :\n\n4.5.a. a. Tata Cara Pengajuan Akta Perceraian \n4.5.b. b.Pengajuan Akta Perceraian', '2022-11-21 13:38:20', 'Sys'),
	(14, 11, '4.5.a.a', '2022-11-21 13:38:31', NULL),
	(15, 11, 'Halo', '2022-11-21 15:44:19', NULL),
	(16, 169, 'Hai', '2022-11-21 15:50:37', NULL),
	(17, 170, 'Salam', '2022-11-21 17:21:16', NULL),
	(18, 170, '5', '2022-11-21 17:23:12', NULL),
	(19, 170, 'Ketik nomor/kode/nama layanan informasi ADMINDUK :\n\n1. TATA CARA LAYANAN ONLINE ADMINDUK \n2. SYARAT UMUM PENGAJUAN ADMINDUK \n3. LINK LAYANAN ADMINDUK \n4. JENIS-JENIS LAYANAN ADMINDUK \n5. Disdukcapil Nganjuk \n6. PERTANYAAN UMUM TERKAIT ADMINDUK', '2022-11-21 17:23:12', 'Sys'),
	(20, 170, '4', '2022-11-21 17:24:12', NULL),
	(21, 170, 'Ketik nomor/kode/nama layanan informasi ADMINDUK :\n\n4.1. KTP-eL \n4.2. Akta Kelahiran \n4.3. Akta Kematian \n4.4. Akta Perkawinan \n4.5. Akta Perceraian \n4.6. Pemuktahiran Biodata \n4.7. Pindah Keluar WNI \n4.8. Pindah Datang \n4.9. Pindah Dalam Kota \n4.10. Kartu Keluarga', '2022-11-21 17:24:12', 'Sys'),
	(22, 30, 'test', '2022-11-21 18:27:45', NULL),
	(23, 169, 'Test', '2022-11-24 12:19:32', NULL),
	(24, 169, '1', '2022-11-24 12:21:27', NULL),
	(25, 169, 'Ketik nomor/kode/nama layanan informasi ADMINDUK :\n\nA. Cara mengurus Pengajuan Permohonan melalui Online \nB. Aduan permasalahan masyarakat terkait ADMINDUK \nC. Cara Mengetahui (Tracking) Proses Pengajuan Dokumen Permohonan Administrasi kependudukan \nD. Warga yang berumur 17 tahun atau yang belum pernah perekaman KTP-EL (?) \nE. Proses Pengajuan Permohonan Dokumen Administrasi Kependudukan \nF. Pengambilan Dokumen Administrasi Kependudukan \nG. Lokasi dan Waktu Layanan Administrasi Kependudukan Dispendukcapil Kabupaten Nganjuk ( Mall Pelayanan Publik Dispendukcapil Kabupaten Nganjuk ) \nH. Tata Cara legalisir dokumen yang belum menggunakan QR-Code \nI. Tata Cara mencetak Dokumen jika sudah diterbitkan \nSelesai. Selesai', '2022-11-24 12:21:27', 'Sys'),
	(26, 169, 'A', '2022-11-24 12:22:08', NULL),
	(27, 169, 'Ketik nomor/kode/nama layanan informasi ADMINDUK :\n\n1.a. AKUN Disdukcapil Nganjuk', '2022-11-24 12:22:08', 'Sys'),
	(28, 169, '1', '2022-11-24 12:22:56', NULL),
	(29, 169, 'Ketik nomor/kode/nama layanan informasi ADMINDUK :\n\nA. Cara mengurus Pengajuan Permohonan melalui Online \nB. Aduan permasalahan masyarakat terkait ADMINDUK \nC. Cara Mengetahui (Tracking) Proses Pengajuan Dokumen Permohonan Administrasi kependudukan \nD. Warga yang berumur 17 tahun atau yang belum pernah perekaman KTP-EL (?) \nE. Proses Pengajuan Permohonan Dokumen Administrasi Kependudukan \nF. Pengambilan Dokumen Administrasi Kependudukan \nG. Lokasi dan Waktu Layanan Administrasi Kependudukan Dispendukcapil Kabupaten Nganjuk ( Mall Pelayanan Publik Dispendukcapil Kabupaten Nganjuk ) \nH. Tata Cara legalisir dokumen yang belum menggunakan QR-Code \nI. Tata Cara mencetak Dokumen jika sudah diterbitkan \nSelesai. Selesai', '2022-11-24 12:22:56', 'Sys'),
	(30, 169, 'B', '2022-11-24 12:23:20', NULL),
	(31, 169, 'Ketik nomor/kode/nama layanan informasi ADMINDUK :\n\n1.b. Website SAPA WARGA \n2.b. Instagram \n3.b. Twitter \n4.b. SSW e-KIOS LAYANAN PUBLIK \n5.b. E-mail', '2022-11-24 12:23:20', 'Sys'),
	(32, 169, '2', '2022-11-24 12:24:11', NULL),
	(33, 169, 'Ketik nomor/kode/nama layanan informasi ADMINDUK :\n\n2.1. Syarat Umum KTP-eL \n2.2. Syarat Umum Akta Kelahiran \n2.3. Syarat Umum Akta Kematian \n2.4. Syarat Umum Akta Perkawinan \n2.5. Syarat Umum Akta Perceraian \n2.6. Syarat Umum Pemutakhiran Biodata \n2.7. Syarat Umum Pindah Keluar WNI \n2.8. Syarat Umum Pindah Datang \n2.9. Syarat Umum Pindah Dalam Kota \n2.10. Syarat Umum Kartu Keluarga', '2022-11-24 12:24:11', 'Sys'),
	(34, 169, '2.1', '2022-11-24 12:25:39', NULL),
	(35, 169, 'Ketik nomor/kode/nama layanan informasi ADMINDUK :\n\n1. TATA CARA LAYANAN ONLINE ADMINDUK \n2. SYARAT UMUM PENGAJUAN ADMINDUK \n3. LINK LAYANAN ADMINDUK \n4. JENIS-JENIS LAYANAN ADMINDUK \n5. Disdukcapil Nganjuk \n6. PERTANYAAN UMUM TERKAIT ADMINDUK', '2022-11-24 12:25:39', 'Sys'),
	(36, 169, '4', '2022-11-24 12:26:21', NULL),
	(37, 169, 'Ketik nomor/kode/nama layanan informasi ADMINDUK :\n\n4.1. KTP-eL \n4.2. Akta Kelahiran \n4.3. Akta Kematian \n4.4. Akta Perkawinan \n4.5. Akta Perceraian \n4.6. Pemuktahiran Biodata \n4.7. Pindah Keluar WNI \n4.8. Pindah Datang \n4.9. Pindah Dalam Kota \n4.10. Kartu Keluarga', '2022-11-24 12:26:21', 'Sys'),
	(38, 169, '4', '2022-11-24 12:26:48', NULL),
	(39, 169, 'Ketik nomor/kode/nama layanan informasi ADMINDUK :\n\n4.1. KTP-eL \n4.2. Akta Kelahiran \n4.3. Akta Kematian \n4.4. Akta Perkawinan \n4.5. Akta Perceraian \n4.6. Pemuktahiran Biodata \n4.7. Pindah Keluar WNI \n4.8. Pindah Datang \n4.9. Pindah Dalam Kota \n4.10. Kartu Keluarga', '2022-11-24 12:26:48', 'Sys'),
	(40, 169, '4.4', '2022-11-24 12:26:58', NULL),
	(41, 169, 'Ketik nomor/kode/nama layanan informasi ADMINDUK :\n\n4.4.a. a. Tata cara pengajuan pencatatan perkawinan \n4.4.b. b. Pengajuan Akta Perkawinan \n4.4.c. c. Tata cara pengajuan akta perkawinan \n4.4.d. d. Tata cara pembayaran denda akta perkawinan', '2022-11-24 12:26:58', 'Sys'),
	(42, 169, '4.4.1.b', '2022-11-24 12:28:28', NULL),
	(43, 174, '', '2022-11-26 20:08:36', NULL);

CREATE TABLE IF NOT EXISTS `masking_data` (
  `id` int NOT NULL AUTO_INCREMENT,
  `nama` text CHARACTER SET utf8mb4 COLLATE utf8mb4_0900_ai_ci,
  `slug` text CHARACTER SET utf8mb4 COLLATE utf8mb4_0900_ai_ci,
  `wa_number` text CHARACTER SET utf8mb4 COLLATE utf8mb4_0900_ai_ci,
  `status` varchar(50) CHARACTER SET utf8mb4 COLLATE utf8mb4_0900_ai_ci DEFAULT NULL,
  `template_text` text CHARACTER SET utf8mb4 COLLATE utf8mb4_0900_ai_ci,
  PRIMARY KEY (`id`) USING BTREE
) ENGINE=InnoDB AUTO_INCREMENT=6 DEFAULT CHARSET=utf8mb4 COLLATE=utf8mb4_0900_ai_ci ROW_FORMAT=DYNAMIC;

INSERT INTO `masking_data` (`id`, `nama`, `slug`, `wa_number`, `status`, `template_text`) VALUES
	(3, 'Dinas Kependudukan dan Pencatatan Sipil', 'layananwa', '6285964159225', 'aktif', 'Saya Ingin Bertanya');

CREATE TABLE IF NOT EXISTS `pelapor` (
  `id` int NOT NULL AUTO_INCREMENT,
  `nama` varchar(50) CHARACTER SET utf8 COLLATE utf8_unicode_ci DEFAULT NULL,
  `nik` varchar(50) CHARACTER SET utf8 COLLATE utf8_unicode_ci DEFAULT NULL,
  `phone` varchar(50) CHARACTER SET utf8 COLLATE utf8_unicode_ci DEFAULT NULL,
  `status` varchar(50) CHARACTER SET utf8 COLLATE utf8_unicode_ci DEFAULT 'bot',
  `handle_status` varchar(50) CHARACTER SET utf8 COLLATE utf8_unicode_ci DEFAULT 'belum',
  `time` datetime DEFAULT NULL,
  PRIMARY KEY (`id`) USING BTREE
) ENGINE=InnoDB AUTO_INCREMENT=175 DEFAULT CHARSET=utf8 COLLATE=utf8_unicode_ci ROW_FORMAT=DYNAMIC;

INSERT INTO `pelapor` (`id`, `nama`, `nik`, `phone`, `status`, `handle_status`, `time`) VALUES
	(5, 'slamet subur', '123456789012', '6281216845757', 'bot', 'belum', NULL),
	(6, NULL, NULL, '6282227000987', 'bot', 'belum', NULL),
	(7, NULL, NULL, '6281331854136', 'bot', 'belum', NULL),
	(8, NULL, NULL, 'status@broadcast', 'bot', 'belum', NULL),
	(9, NULL, NULL, '6283830561212', 'bot', 'belum', NULL),
	(10, NULL, NULL, '6287712121993', 'bot', 'belum', NULL),
	(11, NULL, NULL, '6282131016390', 'bot', 'belum', NULL),
	(12, NULL, NULL, '6283108763291', 'bot', 'belum', NULL),
	(13, NULL, NULL, '6289677424611', 'bot', 'belum', NULL),
	(14, NULL, NULL, '628980156871', 'bot', 'belum', NULL),
	(15, NULL, NULL, '6281233792074', 'bot', 'belum', NULL),
	(16, NULL, NULL, '6285648005483', 'bot', 'belum', NULL),
	(17, NULL, NULL, '6281216013642', 'bot', 'belum', NULL),
	(18, NULL, NULL, '6282139692544', 'bot', 'belum', NULL),
	(19, NULL, NULL, '6285161546933', 'bot', 'belum', NULL),
	(20, NULL, NULL, '6283856727433', 'bot', 'belum', NULL),
	(21, NULL, NULL, '6282121211386', 'bot', 'belum', NULL),
	(22, NULL, NULL, '6285979561814', 'bot', 'belum', NULL),
	(23, NULL, NULL, '62895378184678', 'bot', 'belum', NULL),
	(24, NULL, NULL, '6281359642095', 'bot', 'belum', NULL),
	(30, 'DANI CAHYA SURYANDA', '3571012908950001', '6285536928693', 'bot', 'belum', NULL),
	(31, 'Mariati', '3578234507730002', '6285648005483', 'bot', 'belum', NULL),
	(32, 'DANI CAHYA SURYANDA', '3578193103020001', '6285536928693', 'bot', 'belum', NULL),
	(33, 'Bayu Al', '3578041504950005', '6283856727433', 'bot', 'belum', NULL),
	(34, 'Bernathan Adiyatma', '', '6282143663299', 'bot', 'belum', NULL),
	(36, 'l', '', '6283856727433', 'bot', 'belum', NULL),
	(37, 'Nabil', '0', '6285979561814', 'bot', 'belum', NULL),
	(38, 'david hermansyah', '282727272', '6287703243069', 'bot', 'belum', NULL),
	(39, NULL, NULL, '6289687503772', 'bot', 'belum', NULL),
	(40, ' ', '1233333333333333', '6289687503772', 'bot', 'belum', NULL),
	(41, NULL, NULL, '120363041660011233@g.us', 'bot', 'belum', NULL),
	(42, 'Asd', '12345678', '6285648005483', 'bot', 'belum', NULL),
	(43, 'Bayu Al', '3578041504950005', '6283856727433', 'bot', 'belum', NULL),
	(44, 'Aa', '2344', '6289687503772', 'bot', 'belum', NULL),
	(45, 'Nurul Hidayah', '3525156911830002', '6281216013642', 'bot', 'belum', NULL),
	(46, 'B', '5', '6287851878999', 'bot', 'belum', NULL),
	(47, 'david hermansyah', '8339929293', '6282131016390', 'bot', 'belum', NULL),
	(49, NULL, NULL, '628123278291', 'bot', 'belum', NULL),
	(50, 'Asd', '12345678', '6285648005483', 'bot', 'belum', NULL),
	(51, 'Nurul Hidayah', '3525156911830002', '6281216013642', 'bot', 'belum', NULL),
	(52, 'Nurul Hidayah', '3578153009990001', '6281216013642', 'bot', 'belum', NULL),
	(53, 'david hermansyah', '8339929293', '6282131016390', 'bot', 'belum', NULL),
	(54, 'Aska Aulia Haydarrahman', '3578234507730002', '6285648005483', 'bot', 'belum', NULL),
	(55, 'Ardis imam mulhaq', '9171014511830002', '6285648005483', 'bot', 'belum', NULL),
	(56, 'Mariati', '3578234507730002', '6285648005483', 'bot', 'belum', NULL),
	(57, 'Ardis imam mulhaq', '3578234507730002', '6285648005483', 'bot', 'belum', NULL),
	(58, 'Mariati', '9171014511830002', '6285648005483', 'bot', 'belum', NULL),
	(59, NULL, NULL, '628563388960', 'bot', 'belum', NULL),
	(60, 'rossi', '3578100811840004', '628563388960', 'bot', 'belum', NULL),
	(61, 'Ardis imam mulhaq', '12345678', '6285648005483', 'bot', 'belum', NULL),
	(62, 'Zakiyatul Aghniyah', '3525165910890121', '6285731100380', 'bot', 'belum', NULL),
	(63, NULL, NULL, '6281327424548', 'bot', 'belum', NULL),
	(64, 'david hermansyah', '172728484', '6287703243069', 'bot', 'belum', NULL),
	(65, 'Mariati', '12345678', '6285648005483', 'bot', 'belum', NULL),
	(66, 'Nurul Hidayah', '3525156911830002', '6281216013642', 'bot', 'belum', NULL),
	(67, NULL, NULL, '628128021337', 'bot', 'belum', NULL),
	(68, NULL, NULL, '6285230016273', 'bot', 'belum', NULL),
	(69, 'Mariati', '12345678', '6285648005483', 'bot', 'belum', NULL),
	(70, NULL, NULL, '6281330891715', 'bot', 'belum', NULL),
	(71, NULL, NULL, '6289675939852', 'bot', 'belum', NULL),
	(72, 'AINUL', '3578112208970003', '6289675939852', 'bot', 'belum', NULL),
	(73, NULL, NULL, '6281703857854', 'bot', 'belum', NULL),
	(74, NULL, NULL, '6285733226200', 'bot', 'belum', NULL),
	(75, NULL, NULL, '6282226562932', 'bot', 'belum', NULL),
	(76, NULL, NULL, '6282233013348', 'bot', 'belum', NULL),
	(77, NULL, NULL, '6281358813061', 'bot', 'belum', NULL),
	(78, NULL, NULL, '6282244870678', 'bot', 'belum', NULL),
	(79, 'Vivid', '357...', '6287853239879', 'bot', 'belum', NULL),
	(80, NULL, NULL, '6282230562127', 'bot', 'belum', NULL),
	(81, NULL, NULL, '6287864921874', 'bot', 'belum', NULL),
	(82, 'AGIL DYAH MELATI SUKMA', '3573036002000004', '6287864921874', 'bot', 'belum', NULL),
	(83, 'AINUL', '3578112208970003', '6289675939852', 'bot', 'belum', NULL),
	(84, 'SITI MUSLIKHAH', '3525127108970001', '6285608372939', 'bot', 'belum', NULL),
	(85, 'Nurul Hidayah', '3525156911830002', '6281216013642', 'bot', 'belum', NULL),
	(86, 'RAHMAD ISTIAWAN', '3515071009830001', '6285648402440', 'bot', 'belum', NULL),
	(87, NULL, NULL, '6285865645209', 'bot', 'belum', NULL),
	(88, 'Sembarang', '3578123456789911', '6281703857854', 'bot', 'belum', NULL),
	(89, NULL, NULL, '628113399048', 'bot', 'belum', NULL),
	(90, 'Indra Hardika', '3578271709890001', '628113399048', 'bot', 'belum', NULL),
	(91, NULL, NULL, '6281335843388', 'bot', 'belum', NULL),
	(92, 'izzar', '3578290407950002', '6281335843388', 'bot', 'belum', NULL),
	(93, 'RAHMAD ISTIAWAN', '3515071009830003', '6285648402440', 'bot', 'belum', NULL),
	(94, NULL, NULL, '6287852770240', 'bot', 'belum', NULL),
	(95, 'GERRY RENDRAGRAHA', '3578061007930005', '6287852770240', 'bot', 'belum', NULL),
	(96, 'Agung Wahyu Pribadi', '3526012205910007', '6287806854122', 'bot', 'belum', NULL),
	(97, 'Guntur rangga kurniawan', '3578119403930002', '6285708341841', 'bot', 'belum', NULL),
	(98, 'RAHMAD ISTIAWAN', '351507', '6285648402440', 'bot', 'belum', NULL),
	(99, 'QURROTUL AINI', '3578094306870001', '6282226562932', 'bot', 'belum', NULL),
	(100, NULL, NULL, '6281233555654', 'bot', 'belum', NULL),
	(101, 'Novarina Kartikawati sahrub', '3578166411850003', '6281358813061', 'bot', 'belum', NULL),
	(102, NULL, NULL, '6281232273148', 'bot', 'belum', NULL),
	(103, 'DZIKKY PUTRA PRADANA', '3578221805950002', '6281515715340', 'bot', 'belum', NULL),
	(104, NULL, NULL, '628563269096', 'bot', 'belum', NULL),
	(105, NULL, NULL, '6282132937626', 'bot', 'belum', NULL),
	(106, 'Septrian Adi Wibowo', '3578172109950001', '6285865645209', 'bot', 'belum', NULL),
	(107, NULL, NULL, '6285749548180', 'bot', 'belum', NULL),
	(108, NULL, NULL, '6283849431290', 'bot', 'belum', NULL),
	(109, 'Dafa', '3578040409990001', '6283849431290', 'bot', 'belum', NULL),
	(110, 'Moch ricky hidayat', '3578070909920001', '6281335720772', 'bot', 'belum', NULL),
	(111, 'Firman ainun bahri', '3578111310910001', '6289501298738', 'bot', 'belum', NULL),
	(112, NULL, NULL, '6283852033200', 'bot', 'belum', NULL),
	(113, 'Muhibatus tsaniyah', '3578275410920002', '6289501298738', 'bot', 'belum', NULL),
	(114, 'ITA PUSPITA SARI', '3578174209800002', '6281398000322', 'bot', 'belum', NULL),
	(115, NULL, NULL, '6287890161266', 'bot', 'belum', NULL),
	(116, 'navy safira putri', '3578036205980002', '6287890161266', 'bot', 'belum', NULL),
	(117, NULL, NULL, '6285963173307', 'bot', 'belum', NULL),
	(118, NULL, NULL, '6282232061976', 'bot', 'belum', NULL),
	(119, 'Bayu Al', '3578041504950005', '6283856727433', 'bot', 'belum', NULL),
	(120, 'Muhibatus tsaniyah', '3578275410920002', '6289501298738', 'bot', 'belum', NULL),
	(121, 'nita wahyu wulandari', '3578264306710004', '6281230836070', 'bot', 'belum', NULL),
	(122, 'Meilynda Pramita Insiyah', '3578266005950003', '6281554965605', 'bot', 'belum', NULL),
	(123, 'TYAS HUSNA APRILIYANI', '3308215804940002', '6283854754027', 'bot', 'belum', NULL),
	(124, 'ADAM MAULANA HAKIM', '3515090208940001', '6285777677899', 'bot', 'belum', NULL),
	(125, NULL, NULL, '628978883133', 'bot', 'belum', NULL),
	(126, NULL, NULL, '6287852389337', 'bot', 'belum', NULL),
	(127, NULL, NULL, '6281335533761', 'bot', 'belum', NULL),
	(128, 'IRMA APRIANTI', '3578045704920001', '6285648401884', 'bot', 'belum', NULL),
	(129, NULL, NULL, '6281334180281', 'bot', 'belum', NULL),
	(130, NULL, NULL, '6281333658580', 'bot', 'belum', NULL),
	(131, 'Fajar Yulyanto Hermawan', '3578110707860002', '6281327424548', 'bot', 'belum', NULL),
	(132, 'Nathan', '42992', '6282143663299', 'bot', 'belum', NULL),
	(133, NULL, NULL, '6281326101982', 'bot', 'belum', NULL),
	(134, 'Elfa Masita', '3578085206900001', '6285655211182', 'bot', 'belum', NULL),
	(135, 'Fiqih Kartika Murti', '3578041009930005', '6282192332126', 'bot', 'belum', NULL),
	(136, NULL, NULL, '6282299968735', 'bot', 'belum', NULL),
	(137, NULL, NULL, '6285732065510', 'bot', 'belum', NULL),
	(138, 'Imam kusyadi jaya', '3578242102850001', '6287851444242', 'bot', 'belum', NULL),
	(139, 'Aulia Rahman', '3578082110880002', '6287854637454', 'bot', 'belum', NULL),
	(140, NULL, NULL, '6287854444224', 'bot', 'belum', NULL),
	(141, NULL, NULL, '6283831304884', 'bot', 'belum', NULL),
	(142, 'Siti sundari', '3578266006860003', '6282141217347', 'bot', 'belum', NULL),
	(143, NULL, NULL, '6285707766675', 'bot', 'belum', NULL),
	(145, 'Bayu Al', '3578041504950005', '6283856727433', 'bot', 'belum', NULL),
	(146, 'ZAENAL ARIFIN', '3506133105820001', '6281326101982', 'bot', 'belum', NULL),
	(147, 'Dimas febriansyah', '3578140402900001', '6281331086602', 'bot', 'belum', NULL),
	(148, NULL, NULL, '6289653945198', 'bot', 'belum', NULL),
	(149, 'Rizaful Narurohman', '3578271907960001', '6281231165354', 'bot', 'belum', NULL),
	(150, 'Bayu Al', '3578041504950005', '6283856727433', 'bot', 'belum', NULL),
	(151, NULL, NULL, '6285735541741', 'bot', 'belum', NULL),
	(152, 'ANTON WAYUDI', '3578140607780005', '6282242588335', 'bot', 'belum', NULL),
	(153, 'ROY ARISTIANDO PISESSA', '3578042003860005', '628984102334', 'bot', 'belum', NULL),
	(154, NULL, NULL, '6287780889055', 'bot', 'belum', NULL),
	(155, 'Yank', '3578032102970003', '6287780889055', 'bot', 'belum', NULL),
	(156, 'Hermawan Ismawanto', '3578204505480001', '6283856727433', 'bot', 'belum', NULL),
	(157, 'Bayu Al', '3578041504950005', '6283856727433', 'bot', 'belum', NULL),
	(158, 'Agus Sonhaji', '3578222310700001', '6282139692544', 'bot', 'belum', NULL),
	(159, NULL, NULL, '6285258587695', 'bot', 'belum', NULL),
	(160, 'Bayu Al', '3578041504950005', '6283856727433', 'bot', 'belum', NULL),
	(161, 'Tora', '1234512345123451', '6282227000987', 'bot', 'belum', NULL),
	(162, NULL, NULL, '62881081960129', 'bot', 'belum', NULL),
	(163, 'wandha framudia', '3523162005840004', '62881081960129', 'bot', 'belum', NULL),
	(164, NULL, NULL, '628164292077', 'bot', 'belum', NULL),
	(165, 'Tora Agasra', '123456789123456', '6282227000987', 'bot', 'belum', NULL),
	(166, NULL, NULL, '6281259838888', 'bot', 'belum', NULL),
	(167, NULL, NULL, '6282244345930', 'bot', 'belum', NULL),
	(168, NULL, NULL, '6281330795124', 'bot', 'belum', NULL),
	(169, NULL, NULL, '62881026541868', 'bot', 'belum', NULL),
	(170, NULL, NULL, '6288217477326', 'bot', 'belum', NULL),
	(171, NULL, NULL, '6281259966447', 'bot', 'belum', NULL),
	(172, NULL, NULL, '62881026331532', 'bot', 'belum', NULL),
	(173, NULL, NULL, '62881026331532', 'bot', 'belum', NULL),
	(174, NULL, NULL, '6288989645472', 'bot', 'belum', NULL);

CREATE TABLE IF NOT EXISTS `pengguna` (
  `id` int NOT NULL AUTO_INCREMENT,
  `upt_id` int DEFAULT NULL,
  `nama` varchar(50) CHARACTER SET utf8 COLLATE utf8_unicode_ci DEFAULT NULL,
  `username` varchar(50) CHARACTER SET utf8 COLLATE utf8_unicode_ci DEFAULT NULL,
  `password` varchar(50) CHARACTER SET utf8 COLLATE utf8_unicode_ci DEFAULT NULL,
  `level` int DEFAULT NULL,
  PRIMARY KEY (`id`) USING BTREE
) ENGINE=InnoDB DEFAULT CHARSET=utf8 COLLATE=utf8_unicode_ci ROW_FORMAT=DYNAMIC;


CREATE TABLE IF NOT EXISTS `pertanyaan` (
  `id` int NOT NULL AUTO_INCREMENT,
  `pid` int DEFAULT NULL,
  `nama` varchar(255) CHARACTER SET utf8 COLLATE utf8_unicode_ci DEFAULT NULL,
  `code` varchar(50) CHARACTER SET utf8 COLLATE utf8_unicode_ci DEFAULT NULL,
  `jawaban` text CHARACTER SET utf8 COLLATE utf8_unicode_ci,
  `file` varchar(50) CHARACTER SET utf8 COLLATE utf8_unicode_ci DEFAULT NULL,
  PRIMARY KEY (`id`) USING BTREE
) ENGINE=InnoDB AUTO_INCREMENT=157 DEFAULT CHARSET=utf8 COLLATE=utf8_unicode_ci ROW_FORMAT=DYNAMIC;

INSERT INTO `pertanyaan` (`id`, `pid`, `nama`, `code`, `jawaban`, `file`) VALUES
	(1, NULL, 'TATA CARA LAYANAN ONLINE ADMINDUK', '1', 'Pelayanan online Dispendukcapil Kabupaten Nganjuk dapat diakses melalui beberapa website kami. Apabila belum memiliki\nakun dapat mendaftarkan diri terlebih dahulu dengan syarat berdomisili asli warga Kabupaten Nganjuk.\n\n*Silahkan Pilih Menu sebagai berikut :*', NULL),
	(2, NULL, 'SYARAT UMUM PENGAJUAN ADMINDUK', '2', 'Berikut syarat umum pengajuan Administrasi Kependudukan Dispendukcapil Kabupaten Nganjuk.\n*Silahkan Piih Menu sebagai berikut :*', NULL),
	(4, 1, 'Cara mengurus Pengajuan Permohonan melalui Online', 'A', '*Halo Sobat Dukcapil....*\n\nPengajuan bisa dilakukan secara online melalui situs kami link: https://dispendukcapil.Kabupaten Nganjuk.go.id/\n\n\n*Apakah Anda ingin mengajukan Permohonan melaui situs disdukcapil nganjuk https://dispendukcapil.Kabupaten Nganjuk.go.id/?*\nJika YA ketik *YA* untuk mengajukan Permohonan.\nJika Tidak ketik *Tidak* Akhiri Percakapan.\nJika ingin kembali ke MENU UTAMA silakan ketik *Menu*', NULL),
	(5, 1, 'Aduan permasalahan masyarakat terkait ADMINDUK', 'B', 'Aduan permasalahan masyarakat *Administrasi Kependudukan*\n*Silahkan Piih Menu sebagai berikut :*', NULL),
	(9, NULL, 'LINK LAYANAN ADMINDUK', '3', 'LINK Layanan *Administrasi Kependudukan*\n*Silahkan Piih Menu sebagai berikut :*', NULL),
	(10, 5, 'Website SAPA WARGA', '1.b', '*Halo Sobat Dukcapil...*\n\n*Website Sapa Warga* merupakan layanan pengaduan untuk mengadukan permasalahan masyarakat terkait administrasi kependudukan.\n\n*Layanan Sapa Warga :*\n- Klik link berikut ini : *https://dukcapilsapawarga-dispendukcapil.Kabupaten Nganjuk.go.id* \n- Silahkan Isi Captcha dengan benar\n- Mohon masukan pengaduan cukup satu kali saja untuk permasalahan yang sama dan jelaskan permasalahan secara detail.\n- Jika ada pengaduan berkali-kali dengan permasalahan yang sama akan memperlama proses solusi permasalahan anda. \n\nNote :  Untuk melihat status pengaduan anda silahkan Klik Menu _*"Cek Pengaduan"*_\n\n\n*Apakah Anda ingin mengajukan Permohonan melaui situs https://dispendukcapil.Kabupaten Nganjuk.go.id?*\nJika YA ketik *YA* untuk mengajukan Permohonan.\nJika Tidak ketik *Tidak* Akhiri Percakapan.\nJika ingin kembali ke MENU UTAMA silakan ketik *Menu*', NULL),
	(11, 5, 'Instagram', '2.b', '*Halo Sobat Dukcapil...*\n\n*Berikut Akun Instagram dan Tata Cara Pengaduan Permasalahan Dispendukcapil Kabupaten Nganjuk:*\n\n@Dispendukcapil.sby atau pada link *https://www.instagram.com/dispendukcapil.sby/*\n- Silahkan Follow akun Instagram @Dispendukcapil.sby \n- Silahkan baca pada Feed IG kami untuk mengetahui perkembangan Informasi Layanan Adminduk di Dispendukcapil Kabupaten Nganjuk\n- Aduan permohonan bisa dilakukan melalui DM IG @Dispendukcapil.sby dengan menyertakan _*"Nama dan NIK Pelapor/Pemohon"*_\n\n\n*Apakah Anda ingin mengajukan Permohonan melaui situs Disdukcapil Nganjuk?*\nJika YA ketik *YA* untuk mengajukan Permohonan.\nJika Tidak ketik *Tidak* Akhiri Percakapan.\nJika ingin kembali ke MENU UTAMA silakan ketik *Menu*', NULL),
	(12, 5, 'Twitter', '3.b', '*Halo Sobat Dukcapil...*\n\n*Berikut Akun Twitter dan Tata Cara Pengaduan Permasalahan Dispendukcapil Kabupaten Nganjuk:*\n\n@DispendukcapilS atau pada link *https://twitter.com/DispendukcapilS/*\n- Silahkan follow Akun Twitter @DispendukcapilS\n- Silahkan membaca informasi pada akun Twitter untuk mengetahui Perkembangan Informasi Layanan Adminduk di Dispendukcapil Kabupaten Nganjuk.\n- Untuk pengajuan terkait aduan permohnan dapat dilakukan melalui DM pada akun Twitter @DispendukcapilS dengan menyertakan _*"Nama dan NIK Pelapor / Pemohon."*_\n\n\n*Apakah Anda ingin mengajukan Permohonan melaui situs Disdukcapil Nganjuk?*\nJika YA ketik *YA* untuk mengajukan Permohonan.\nJika Tidak ketik *Tidak* Akhiri Percakapan.\nJika ingin kembali ke MENU UTAMA silakan ketik *Menu*', NULL),
	(13, 5, 'SSW e-KIOS LAYANAN PUBLIK', '4.b', '*Halo Sobat Dukcapil...*\n\n*Berikut Link SSW e-KIOS LAYANAN PUBLIK dan Tata Cara Pengaduan Permasalahan Dispendukcapil Kabupaten Nganjuk:*\n\nhttps://ssw.Kabupaten Nganjuk.go.id/anjungan/index.php\n- Silahkan masuk pada link *https://ssw.Kabupaten Nganjuk.go.id/anjungan/index.php*\n- Silahkan pilih pada menu Mall Pelayanan Publik ( Jika ingin mengetahui atau mengecek data terkait dokumen Adminduk yang ada).\n\n\n*Apakah Anda ingin mengajukan Permohonan melaui situs https://dispendukcapil.Kabupaten Nganjuk.go.id?*\nJika YA ketik *YA* untuk mengajukan Permohonan.\nJika Tidak ketik *Tidak* Akhiri Percakapan.\nJika ingin kembali ke MENU UTAMA silakan ketik *Menu*', NULL),
	(14, 5, 'E-mail', '5.b', '*Halo Sobat Dukcapil...*\n\n*Berikut Alamat Email dan Tata Cara Pengaduan Permasalahan Dispendukcapil Kabupaten Nganjuk:*\n\ndis_dukcapil@Kabupaten Nganjuk.go.id\nEmail Dispendukcapil Kabupaten Nganjuk merupakan media yang digunakan untuk sarana pengaduan warga melalui by email, reset password akun di https://dispendukcapil.Kabupaten Nganjuk.go.id yang terkait dengan Administrasi Kependudukan.\n\n\n*Apakah Anda ingin mengajukan Permohonan melaui situs https://dispendukcapil.Kabupaten Nganjuk.go.id*\nJika YA ketik *YA* untuk mengajukan Permohonan.\nJika Tidak ketik *Tidak* Akhiri Percakapan.\nJika ingin kembali ke MENU UTAMA silakan ketik *Menu*', NULL),
	(15, 1, 'Cara Mengetahui (Tracking) Proses Pengajuan Dokumen Permohonan Administrasi kependudukan', 'C', 'Silahkan Download Aplikasi TAKON disdukcapil_nganjuk di PlayStore (Khusus Android) atau Pilih Menu AKUN TAKON  di bawah ini https://dispendukcapil.Kabupaten Nganjuk.go.id :', NULL),
	(16, 15, 'AKUN TAKON DISDUKCAPIL NGANJUK', '1.c', '*Halo Sobat Dukcapil...*\n\n*Aplikasi Takon Disdukcapil Nganjuk* digunakan untuk melakukan cek berkala (tracking) permohonan pengajuan dokumen administrasi kependudukan atau bisa dilihat melalui Notifikasi di Akun Disdukcapil Nganjuk.\n\nTata cara tracking dokumen Takon Disdukcapil Nganjuk :\n- Silahkan unduh aplikasi Takon Disdukcapil Nganjuk di Playstore atau pada link berikut : https://play.google.com/store/apps/details?id=dispendukcapil.Kabupaten Nganjuk.takonDisdukcapil Nganjuk&amp;hl=in&amp;gl=US\n- Masukkan NIK/No.E-Kitir anda dan tekan tombol Search\n\n\n*Apakah Anda ingin mengajukan Permohonan melaui situs Disdukcapil Nganjuk?*\nJika YA ketik *YA* untuk mengajukan Permohonan.\nJika Tidak ketik *Tidak* Akhiri Percakapan.\nJika ingin kembali ke MENU UTAMA silakan ketik *Menu*', NULL),
	(17, 1, 'Warga yang berumur 17 tahun atau yang belum pernah perekaman KTP-EL (?)', 'D', '*Halo Sobat Dukcapil...*\n\n*Perekaman Warga yang berumur 17 tahun* atau yang belum pernah perekaman KTP-EL, dapat dilakukan di Kecamatan\n\n- Jika di Kecamatan cukup membawa fotocopy KK (Kartu Keluarga).\n- Jika di Siola dapat dilakukan, dengan:\n- Silakan Ambil Antrean secara Online di:\n*https://ssw.Kabupaten Nganjuk.go.id/anjungan/index.php*\n- Pilih Antrian e-KTP SIOLA, Klik LAYANAN REKAM dan pilih tanggal perekaman.\n\n\n*Apakah Anda ingin mengajukan Permohonan melaui situs Disdukcapil Nganjuk?*\nJika YA ketik *YA* untuk mengajukan Permohonan.\nJika Tidak ketik *Tidak* Akhiri Percakapan.\nJika ingin kembali ke MENU UTAMA silakan ketik *Menu*', NULL),
	(18, 1, 'Proses Pengajuan Permohonan Dokumen Administrasi Kependudukan', 'E', '*Halo Sobat Dukcapil...*\n\n*Proses Pengajuan Permohonan Dokumen Administrasi Kependudukan*\n\n- Waktu Permohonan Administrasi Kependudukan yaitu 7 (Tujuh) Hari Kerja dihitung setelah mendapatkan bukti *E-Kitir.*\n- Jika melebihi waktu yang sudah ditentukan silahkan menghubungi *Call Center* kami di 031-99254200.\n\n\n*Apakah Anda ingin mengajukan Permohonan melaui situs Disdukcapil Nganjuk?*\nJika YA ketik *YA* untuk mengajukan Permohonan.\nJika Tidak ketik *Tidak* Akhiri Percakapan.\nJika ingin kembali ke MENU UTAMA silakan ketik *Menu*', NULL),
	(19, 1, 'Pengambilan Dokumen Administrasi Kependudukan', 'F', '*Halo Sobat Dukcapil...*\n\n*Pengambilan Dokumen Administrasi Kependudukan* khusus untuk *KTP* (Kartu Tanda Penduduk) dan *KIA* (Kartu Identitas Anak) dapat  dilakukan di Kelurahan sesuai dengan domisili / wilayah masing-masing.\n\n\n*Apakah Anda ingin mengajukan Permohonan melaui situs Disdukcapil Nganjuk?*\nJika YA ketik *YA* untuk mengajukan Permohonan.\nJika Tidak ketik *Tidak* Akhiri Percakapan.\nJika ingin kembali ke MENU UTAMA silakan ketik *Menu*', NULL),
	(20, 1, 'Lokasi dan Waktu Layanan Administrasi Kependudukan Dispendukcapil Kabupaten Nganjuk ( Mall Pelayanan Publik Dispendukcapil Kabupaten Nganjuk )', 'G', '*Halo Sobat Dukcapil...*\n\n*Lokasi dan Waktu Layanan Administrasi Kependudukan Dispendukcapil Kabupaten Nganjuk (Mall Pelayanan Publik Dispendukcapil Kabupaten Nganjuk).*\n\n*- Lokasi* Mall Pelayanan Publik Dinas Kependudukan dan Pencatatan Sipil Kabupaten Nganjuk \n*- Jam Operasional Layanan Adminduk* pada hari kerja Senin - Kamis (07.30-16.00), hari Jumat (07.30-15.00) dan hari Sabtu (08.00-13.00).\n\n\n*Apakah Anda ingin mengajukan Permohonan melaui situs Disdukcapil Nganjuk?*\nJika YA ketik *YA* untuk mengajukan Permohonan.\nJika Tidak ketik *Tidak* Akhiri Percakapan.\nJika ingin kembali ke MENU UTAMA silakan ketik *Menu*', NULL),
	(21, 1, 'Tata Cara legalisir dokumen yang belum menggunakan QR-Code', 'H', '*Halo Sobat Dukcapil...*\n\n*Tata Cara legalisir dokumen yang belum menggunakan QR-Code*\n\nDokumen Kependudukan yang *Belum ber-barcode*  terbitan Dispendukcapil Kabupaten Nganjuk, bisa dilakukan melalui website Disdukcapil Nganjuk \n- Fotocopy dokumen kependudukan warna hitam dan putih\n- Dokumen Kependudukan (Asli) yang akan dilegalisir\nNote : untuk dokumen kependudukan bukan terbitan dispendukcapil Kabupaten Nganjuk, legalisirnya di Pengadilan Negeri.\n\n\n*Apakah Anda ingin mengajukan Permohonan melaui situs Disdukcapil Nganjuk?*\nJika YA ketik *YA* untuk mengajukan Permohonan.\nJika Tidak ketik *Tidak* Akhiri Percakapan.\nJika ingin kembali ke MENU UTAMA silakan ketik *Menu*', NULL),
	(22, 1, 'Tata Cara mencetak Dokumen jika sudah diterbitkan', 'I', '*Halo Sobat Dukcapil...*\n\n*Tata Cara mencetak Dokumen Administrasi Kependudukan jika sudah diterbitkan melalui situs Online Disdukcapil Nganjuk*\n\nTata Cara mencetak Dokumen Administrasi Kependudukan *jika sudah diterbitkan* melalui situs Online Disdukcapil Nganjuk\n- Sesuai aturan Permendagri no 109 thn 2019, dokumen kependudukan dicetak secara mandiri di kertas HVS A4 ukuran 80 gram.\n- Dokumen hasil permohonan akan diberikan dalam bentuk PDF yang dapat diunduh oleh Pemohon dan dicetak secara mandiri.\nTerima Kasih.\n\n\n*Apakah Anda ingin mengajukan Permohonan melaui situs Disdukcapil Nganjuk?*\nJika YA ketik *YA* untuk mengajukan Permohonan.\nJika Tidak ketik *Tidak* Akhiri Percakapan.\nJika ingin kembali ke MENU UTAMA silakan ketik *Menu*', NULL),
	(23, 9, 'Disdukcapil Nganjuk', '3.1', '*Halo Sobat Dukcapil..*\n\n*Website Disdukcapil Nganjuk* merupakan layanan pengajuan permohonan administrasi kependudukan bagi warga yang ingin mengurus administrasi kependudukan berbasis online.\n\n*Berikut Link Disdukcapil Nganjuk:*\nhttps://dispendukcapil.Kabupaten Nganjuk.go.id/ \n\n\n*Apakah Anda ingin mengajukan Permohonan melaui situs Disdukcapil Nganjuk?*\nJika YA ketik *YA* untuk mengajukan Permohonan.\nJika Tidak ketik *Tidak* Akhiri Percakapan.\nJika ingin kembali ke MENU UTAMA silakan ketik *Menu*', NULL),
	(24, 9, 'Takon Disdukcapil Nganjuk', '3.2', '*Halo Sobat Dukcapil...*\n\n*Takon Disdukcapil Nganjuk* merupakan sebuah aplikasi layanan dari Dispendukcapil Kabupaten Nganjuk dengan memiliki layanan untuk mengajukan pertanyaan terkait dengan administrasi Adminduk yang sedang diajukan oleh pemohon, sehingga terkait segala permasalahan dapat dilakukan dengan menananyakannya pada aplikasi yang berbasis online ini.\n\nBerikut Link Unduh Aplikasi "Takon Disdukcapil Nganjuk":\nhttps://play.google.com/store/apps/details?id=dispendukcapil.Kabupaten Nganjuk.takonDisdukcapil Nganjuk&amp;hl=in&amp;gl=US\n\n\n*Apakah Anda ingin mengajukan Permohonan melaui situs Disdukcapil Nganjuk?*\nJika YA ketik *YA* untuk mengajukan Permohonan.\nJika Tidak ketik *Tidak* Akhiri Percakapan.\nJika ingin kembali ke MENU UTAMA silakan ketik *Menu*', NULL),
	(25, 9, 'Website Sapa Warga', '3.3', '*Halo Sobat Dukcapil...*\n\n*Website Sapa Warga* adalah website resmi dari Dispendukcapil Kabupaten Nganjuk bagi warga yang memiliki kendala dalam pengurusan dokumen administrasi kependudukan dan melakukan pelaporan terkait permasalahan dan kendala yang dialami.\nhttps://dukcapilsapawarga-dispendukcapil.Kabupaten Nganjuk.go.id/\n\n\n*Apakah Anda ingin mengajukan Permohonan melaui situs Disdukcapil Nganjuk?*\nJika YA ketik *YA* untuk mengajukan Permohonan.\nJika Tidak ketik *Tidak* Akhiri Percakapan.\nJika ingin kembali ke MENU UTAMA silakan ketik *Menu*', NULL),
	(26, 9, 'Link Instagram', '3.4', '*Halo Sobat Dukcapil...*\n\nInstagram @Dispendukcapil.sby merupakan akun sosial media yang dimiliki oleh Dispendukcapil Kabupaten Nganjuk untuk mampu memberikan segala informasi terkait layanan yang ada pada Dispendukcapil Kabupaten Nganjuk berbasis sosial media selain terdapat informasi, Sobat Adminduk juga dapat mengajukan pengaduan melalui fitur DM Instagram dengan format ( Nama Lengkap serta melampirkan NIK ).\n\n*Berikut Link Akun Instagram Dispendukcapil Kabupaten Nganjuk:*\nhttps://www.instagram.com/dispendukcapil.sby/\n\n\n*Apakah Anda ingin mengajukan Permohonan melaui situs Disdukcapil Nganjuk?*\nJika YA ketik *YA* untuk mengajukan Permohonan.\nJika Tidak ketik *Tidak* Akhiri Percakapan.\nJika ingin kembali ke MENU UTAMA silakan ketik *Menu*', NULL),
	(27, 9, 'Link Twitter', '3.5', '*Halo Sobat Dukcapil...*\n\nTwitter @DispendukcapilS merupakan akun sosial media twitter yang dimiliki oleh Dispendukcapil Kabupaten Nganjuk untuk mampu memberikan segala informasi terkait layanan yang ada pada Dispendukcapil Kabupaten Nganjuk berbasis sosial media selain terdapat informasi, Sobat Adminduk juga dapat mengajukan pengaduan melalui fitur DM Twitter dengan format (Nama Lengkap serta melampirkan NIK).\n\n*Berikut Link Akun Twitter Dispendukcapil Kabupaten Nganjuk:*\nhttps://twitter.com/DispendukcapilS/\n\n\n*Apakah Anda ingin mengajukan Permohonan melaui situs Disdukcapil Nganjuk?*\nJika YA ketik *YA* untuk mengajukan Permohonan.\nJika Tidak ketik *Tidak* Akhiri Percakapan.\nJika ingin kembali ke MENU UTAMA silakan ketik *Menu*', NULL),
	(28, 9, 'Link SSW e-KIOS LAYANAN PUBLIK', '3.6', '*Halo Sobat Dukcapil...*\n\n*SSW e-KIOS LAYANAN PUBLIK* adalah website untuk melakukan pencetakan dokumen perizinan secara mandiri oleh warga Kabupaten Nganjuk.\n\n*Berikut Link SSW atau Kabupaten Nganjuk Single Window:*\nhttps://ssw.Kabupaten Nganjuk.go.id/anjungan/index.php\n\n\n*Apakah Anda ingin mengajukan Permohonan melaui situs Disdukcapil Nganjuk?*\nJika YA ketik *YA* untuk mengajukan Permohonan.\nJika Tidak ketik *Tidak* Akhiri Percakapan.\nJika ingin kembali ke *Menu Utama* silakan ketik *Menu*', NULL),
	(29, 9, 'E-mail Resmi Dispendukcapil', '3.7', '*Halo Sobat Dukcapil...*\nEmail Dispendukcapil Kabupaten Nganjuk merupakan media yang digunakan untuk sarana pengaduan warga melalui by email, reset password akun Disdukcapil Nganjuk yang terkait dengan Administrasi Kependudukan.\nBerikut alamat *Email* resmi Dispendukcapil Kabupaten Nganjuk: \ndis_dukcapil@Kabupaten Nganjuk.go.id\n\n\n*Apakah Anda ingin mengajukan Permohonan melaui situs Disdukcapil Nganjuk?*\nJika YA ketik *YA* untuk mengajukan Permohonan.\nJika Tidak ketik *Tidak* Akhiri Percakapan.\nJika ingin kembali ke MENU UTAMA silakan ketik *Menu*', NULL),
	(30, NULL, 'JENIS-JENIS LAYANAN ADMINDUK', '4', '*JENIS-JENIS LAYANAN Administrasi Kependudukan*\nSilakan pilih opsi jenis layanan:', NULL),
	(31, 30, 'KTP-eL', '4.1', 'a. Tempat Pelayanan Pembuatan KTP-el Baru dan Syaratnya\nb. Tata Cara Pembuatan KTP-el Baru\nc. Tata Cara Pengajuan Perubahan Elemen Data, Rusak dan Hilang terkait KTP-el\nd. Tata Cara Cetak Pengajuan Perubahan Elemen Data KTP-el\ne. Terkait Legalisir KTP-el\nf. Memeriksa ( Tracking ) permohonan KTP-el\ng. Tata Cara Pembuatan KTP-el luar Kabupaten Nganjuk ( Luar Jawa Timur )\nh. Tata Cara Cetak Pembuatan KTP-el Luar Kabupaten Nganjuk ( Luar Jawa Timur )\ni. Tata Cara Pengajuan Perekaman Ulang KTP-el Akibat Kesalahan Biometrik', NULL),
	(32, 30, 'Akta Kelahiran', '4.2', 'Silakan pilih opsi yang Anda inginkan:\n\n*a. Tata cara Pengajuan Permohonan Akta Kelahiran*\n\n*b. Kepengurusan Akta Kelahiran untuk:*\n   1. Untuk Diri Sendiri\n   2. Untuk Anak atau Cucu (Keluarga satu KK)\n   3. Lain - lain\n   \n   *1. Diri sendiri*\n      a. Tata Cara dan Syarat Pembetulan Nama Akta Kelahiran\n      b. Tata Cara dan Syarat Penerbitan Akta Kelahiran untuk Dewasa\n      c. Tata Cara Mengurus Akta Kelahiran yang Hilang\n      d. Tata Cara Legalisir Akta Kelahiran\n   \n   *2. Anak atau Cucu (Keluarga satu KK)*\n      a. Tata Cara dan Syarat Mengurus Pengajuan Akta Kelahiran\n      b. Tata Cara dan Syarat Pembetulan Nama Akta Kelahiran\n      c. Pengurusan Akta Kelahiran Bayi yang Lahir di Luar Kabupaten Nganjuk\n      d. Tata Cara Mengurus Akta Kelahiran yang Hilang\n      e. Tata Cara Legalisir Akta Kelahiran\n   \n   *3. Lain - Lain*\n      a. Pengurusan Akta Kelahiran tanpa Memiliki Surat Keterangan Lahir dan Keberadaan Orang Tua Tidak Jelas.\n      b. Tata Cara Membuat Akta Kelahiran, jika Orang Tua tidak Memiliki Surat Nikah atau Akta Kawin atau Ibu dibawah Umur\n      c. Tata Cara Penerbitan Akta untuk Anak Adopsi', NULL),
	(33, 30, 'Akta Kematian', '4.3', 'a. Tempat Kepengurusan Akta Kematian\nb. Tata Cara Perubahan nama pada Akta Kematian\nc. Tata Cara Kepengurusan Akta Kematian yang Hilang\nd. Tata Cara Legalisir Akta Kematian\ne. Tata Cara Mengurus Akta Kematian untuk Anggota Keluarga Tunggal ( Tidak memiliki Keluarga / Tunggal di dalam KK )', NULL),
	(34, 30, 'Akta Perkawinan', '4.4', 'a. Tata cara pengajuan pencatatan perkawinan\nb.  Pengajuan Akta Perkawinan untuk :\n1. WNI menikah di Indonesia\n2. WNI menikah di luar negeri\n3. WNI dan WNA\nc. Tata cara pengajuan akta perkawinan \nd. Tata cara pembayaran denda akta perkawinan', NULL),
	(35, 30, 'Akta Perceraian', '4.5', 'a. Tata cara pengajuan akta perceraian\nb. Pengajuan Akta Perceraian untuk :\n  1. Diri Sendiri;\n  2. Keluarga;\n  3. Lain – lain\n\n  1. Diri Sendiri \n      - Persyaratan membuat akta perceraian\n      - Kelengkapan berkas pengajun akta perceraian\n      - Tata cara mendapat no akta perceraian \n      - Tata cara mencetak akta perceraian secara online\n      - Tata cara legalisir akta perceraian \n  2. Keluarga \n      - Tata cara dan syarat mengurus akta perceraian\n      - Kelengkapan berkas pengajuan akta perceraian\n      - Tata cara mendapat no akta perceraian yang hilang\n      - Tata cara pengambilan akta perceraian salah satu pemohon sudah meninggal\n      - Tata cara legalisisr akta perceraian \n  3. Lain – lain \n      - Tata cara mengurus akta perceraian tanpa pengacara\n      - Tata cara pengecekan status perceraian', NULL),
	(36, 30, 'Pemuktahiran Biodata', '4.6', 'a. Tata cara pengurusan pengajuan permohonan perubahan biodata\nb. Pengajuan permohonan perubahan (Pemutakhiran) biodata untuk :\n    1. Diri Sendiri\n    2. Keluarga', NULL),
	(37, 30, 'Pindah Keluar WNI', '4.7', 'a. Tempat Mengurus Pindah Keluar WNI\nb. Syarat Pengajuan Pindah Keluar\nc. Jika Penduduk Yang Pindah Masih Dibawah 17 Tahun\nd. Persyaratan Batal Pindah\ne. Jika Yang Pindah Adalah Istri Dan Anak (Bercerai)\nf. Durasi Proses Pengajuan Pindah', NULL),
	(38, 30, 'Pindah Datang', '4.8', 'a. Tempat Mengurus Pindah Datang\nb. Syarat Pengajuan Pindah Datang\nc. Tata Cara Jika Penduduk Yang Pindah Masih Dibawah 17 Tahun\nd. Jika Alamat Tujuan Bukan Milik Sendiri\ne. Jika Masa Berlaku Masa SKPWNI Sudah Habis\nf. Durasi Pengurusan Pindah Datang', NULL),
	(39, 30, 'Pindah Dalam Kota', '4.9', 'a. Tempat Mengurus Pindah Dalam Kota\nb. Syarat Pengajuan Pindah Dalam Kota\nc. Tata Cara Proses Pindah Jika Alamat Yang Digunakan Adalah Rusun\nd. Persyaratan Jika Pemohon Tinggal Di Apartemen', NULL),
	(40, 30, 'Kartu Keluarga', '4.10', '*Silakan pilih opsi yang Anda inginkan:*\na. Tata cara Pengajuan Kartu Keluarga\nb. Tata cara pemutakhiran Biodata &amp; Pemutakhiran Biodata Keluarga\nPEMUTAKHIRAN BIODATA KELUARGA :\n*Untuk pemohon usia dibawah 17 thn, gunakan akun orang tua\n*Untuk orang tua yang mau mengubah data anaknya\n*Atau untuk anak yang mau mengubah data keluarganya\nc. Tata cara cetak KK yang rusak\nD. Tata cara cetak KK yang hilang\nE. Tata cara memperbaharui KK WNI yang lama (KK warna merah/KK warna pink/KK bahan karton/KK warna biru muda)\nF. Tata cara pecah Kartu Keluarga \nG. Tata cara mengurus KK setelah pelaporan Akta Lahir Luar Negeri', NULL),
	(41, 4, 'AKUN Disdukcapil Nganjuk', '1.a', '*AKUN Disdukcapil Nganjuk*\nWebsite Disdukcapil Nganjuk digunakan untuk mengajukan permohonan seperti cetak E-KTP, Akta Kelahiran, KK dan sebagainya.\n\nTata cara pembuatan akun Disdukcapil Nganjuk :\n- Silahkan masuk pada link berikut  https://dispendukcapil.Kabupaten Nganjuk.go.id/ \n- Buat akun Disdukcapil Nganjuk\n- Verifikasi akun (Foto KTP-el/KK/Surat kehilangan dari Kepolisian dan Selfie dengan KTP-el/KK dengan ukuran maks.1MB)\n- Tunggu proses verifikasi (1x24 jam), apabila sudah diverifikasi maka dapat lanjut ke tahap berikutnya\n\n*Apakah Anda ingin mengajukan Permohonan melaui situs Disdukcapil Nganjuk?*\nJika YA ketik *YA* untuk mengajukan Permohonan.\nJika Tidak ketik *Tidak* Akhiri Percakapan.\nJika ingin kembali ke MENU UTAMA silakan ketik *Menu*', NULL),
	(46, 2, 'Syarat Umum KTP-eL', '2.1', '*Halo Sobat Dukcapil...*\n\nBerikut syarat umum KTP-eL:\n1. Fotocopy KK\n2. Nomer Antrian (Apabila melakukan perekaman di Siola)\n\n- Perekaman KTP-el dilakukan pada HARI dan JAM KERJA\n- Nomer antrian bisa dicetak atau di screenshoot dan disimpan di gadget masing-masing. Nomor antrian dapat didapatkan pada http://ssw.Kabupaten Nganjuk.go.id/anjungan/index.php\n\n*Apakah Anda ingin mengajukan Permohonan melaui situs Disdukcapil Nganjuk?*\nJika YA ketik *YA* untuk mengajukan Permohonan.\nJika Tidak ketik *Tidak* Akhiri Percakapan.\nJika ingin kembali ke MENU UTAMA silakan ketik *Menu*', NULL),
	(47, NULL, 'Disdukcapil Nganjuk', '5', '*Disdukcapil Nganjuk* merupakan situs Layanan Dispendukcapil Kabupaten Nganjuk yang dapat digunakan untuk mengajukan berbagai permohonan administrasi kependudukan, seperti: Permohonan cetak KTP-el, Permohonan penerbitan akta kelahiran, Permohonan penerbitan Kartu Keluarga, dan lain sebagainya. \nDisdukcapil Nganjuk dapat diakses melalui Android dan Website.\n\nAnda dapat mengunduh aplikasi Disdukcapil Nganjuk melalui Google PlayStore pada Link berikut:\n......\n\nAtau anda dapat mengakses Disdukcapil Nganjuk melalui Link Website:\n*v2.disdukcapilKabupaten Nganjuk.id*', NULL),
	(49, 2, 'Syarat Umum Akta Kelahiran', '2.2', '*Halo Sobat Dukcapil...*\nPengajuan akta kelahiran bisa dilakukan dengan cara sebagai berikut :\n \n1. Pengajuan bisa dilakukan di Kelurahan/Kecamatan \n2. Pengajuan bisa dilakukan secara online melalui situs kami link: https://dispendukcapil.Kabupaten Nganjuk.go.id/ \n\nPERSYARATAN AKTA KELAHIRAN :\n1. Surat Kelahiran ASLI dr dokter/bidan/RS/penolong kelahiran\n2. KK dan KTP-el ortu\n3. fotocopy buku nikah ortu dilegalisir\n4. ktp-el 2 orang saksi (saksi berktp-elektronik)\n\n\n*Apakah Anda ingin mengajukan Permohonan melaui situs Disdukcapil Nganjuk?*\nJika YA ketik *YA* untuk mengajukan Permohonan.\nJika Tidak ketik *Tidak* Akhiri Percakapan.\nJika ingin kembali ke MENU UTAMA silakan ketik *Menu*', NULL),
	(50, 2, 'Syarat Umum Akta Kematian', '2.3', '*Halo Sobat Dukcapil...*\n\nPengajuan Akta Kematian dapat dilakukan secara online (mandiri) melalui website Disdukcapil Nganjuk di dispendukcapil.Kabupaten Nganjuk.go.id atau di kelurahan / kecamatan sesuai domisili.\n\nuntuk persyaratan mengurus akta kematian adalah sebagai berikut:\n1. Surat kematian dari dokter/RS ASLI atau Surat Pernyataan kematian dari keluarga (Bisa didownload pada menu permohonan akta kematian) ditanda tangani di atas materai 10000\n2. KTP/KK Asli yang meninggal\n3. Fotocopy KTP &amp; KK pelapor\n4. Fotocopy KTP 2 orang saksi (saksi KTP-el Kabupaten Nganjuk)\n\n\n*Apakah Anda ingin mengajukan Permohonan melaui situs Disdukcapil Nganjuk?*\nJika YA ketik *YA* untuk mengajukan Permohonan.\nJika Tidak ketik *Tidak* Akhiri Percakapan.\nJika ingin kembali ke MENU UTAMA silakan ketik *Menu*', NULL),
	(51, 2, 'Syarat Umum Akta Perkawinan', '2.4', '*Halo Sobat Dukcapil....*\nPengisian formulir permohonan akta perkawinan bisa melalui https://dispendukcapil.Kabupaten Nganjuk.go.id/ dan melengkapi berkas yang diperlukan.\n\nPersyaratan Pencatatan Perkawinan :\n1. Mengisi formulir permohonan melalui https://dispendukcapil.Kabupaten Nganjuk.go.id/\n2. Surat keterangan telah terjadinya perkawinan dari pemuka agama\n3. Pas foto berdampingan 4x6 (background bebas)\n4. KK &amp; KTP-el (apabila salah satu mempelai warga luar Kabupaten Nganjuk)\n*Catatan: Saksi pencatatan perkawinan mohon bukan orang tua kandung atau kakek atau nenek dari mempelai serta saksi berusia minimal 21 tahun dan memiliki KTP-el Kabupaten Nganjuk\n\n\n*Apakah Anda ingin mengajukan Permohonan melaui situs Disdukcapil Nganjuk?*\nJika YA ketik *YA* untuk mengajukan Permohonan.\nJika Tidak ketik *Tidak* Akhiri Percakapan.\nJika ingin kembali ke MENU UTAMA silakan ketik *Menu*', NULL),
	(52, 2, 'Syarat Umum Akta Perceraian', '2.5', '*Halo Sobat Dukcapil...* \n\nUntuk pengajuan Akta Perceraian dapat dilakukan dengan beberapa cara, sebagai berikut : \n\n1. Pengajuan bisa dilakukan secara offline dengan mengunjungi Kelurahan/Kecamatan yang saat ini menjadi domisili pemohon \n2. Selanjutnya pengajuan secara online dapat dilakukan dengan mengunjungi situs website Disdukcapil Nganjuk, berikut link sistus website dapat di akses : https://dispendukcapil.Kabupaten Nganjuk.go.id \n\nNOTE : jika belum memiliki akun silahkan mendaftar akun dengan memilih menu "DAFTAR" jika sudah memiliki akun silahkan langsung login menggunakan username dan password kemudian memilih menu "PERMOHONAN AKTA PERCERAIAN"\n\n\n*Apakah Anda ingin mengajukan Permohonan melaui situs Disdukcapil Nganjuk?*\nJika YA ketik *YA* untuk mengajukan Permohonan.\nJika Tidak ketik *Tidak* Akhiri Percakapan.\nJika ingin kembali ke MENU UTAMA silakan ketik *Menu*', NULL),
	(53, 2, 'Syarat Umum Pemutakhiran Biodata', '2.6', '*Halo Sobat Dukcapil....* \nPengajuan permohonan pemuktahiran biodata bisa dilakukan dengan cara sebagai berikut : \n\n1. Pengajuan bisa dilakukan di Kelurahan/Kecamatan \n2. Pengajuan bisa dilakukan secara online melalui situs kami link https://dispendukcapil.Kabupaten Nganjuk.go.id/ \n\nNote : jika belum memiliki akun silahkan mendaftar akun dengan memilih menu "DAFTAR" jika sudah memiliki akun silahkan langsung login menggunakan username dan password kemudian memilih menu "PEMUTAKHIRAN BIODATA KELUARGA".\n\n\n*Apakah Anda ingin mengajukan Permohonan melaui situs ?*\nJika YA ketik *YA* untuk mengajukan Permohonan.\nJika Tidak ketik *Tidak* Akhiri Percakapan.\nJika ingin kembali ke MENU UTAMA silakan ketik *Menu*', NULL),
	(54, 2, 'Syarat Umum Pindah Keluar WNI', '2.7', '*Halo Sobat Dukcapil....* \nPengajuan permohonan pindah keluar bisa dilakukan dengan cara sebagai berikut : \n\n- Pemohon hanya perlu melampirkan KK Kabupaten Nganjuk (jika melakukan pengajuan melalui kelurahan / kecamatan maka diserahkan ke petugas)\n(KTP-el hanya ditunjukkan saja)\n- Pengajuan Pindah Keluar dapat dilakukan secara mandiri melalui website Disdukcapil Nganjuk pada alamat dispendukcapil.Kabupaten Nganjuk.go.id atau melalui kelurahan / kecamatan / RT.\n\n\n*Apakah Anda ingin mengajukan Permohonan melaui situs Disdukcapil Nganjuk?*\nJika YA ketik *YA* untuk mengajukan Permohonan.\nJika Tidak ketik *Tidak* Akhiri Percakapan.\nJika ingin kembali ke MENU UTAMA silakan ketik *Menu*', NULL),
	(55, 2, 'Syarat Umum Pindah Datang', '2.8', '*Halo Sobat Dukcapil....* \n\nPengajuan pindah datang bisa dilakukan dengan cara sebagai berikut : \n\n- Surat Keterangan Pindah dari daerah asal (SKPWNI), SPTJM (formulir disediakan di kelurahan).\n- Pengajuan Pindah datang dapat dilakukan di kelurahan / di RT  yang selanjutnya akan dilakukan outreach oleh petugas ke rumah pemohon dan RT.\n\n\n*Apakah Anda ingin mengajukan Permohonan melaui situs Disdukcapil Nganjuk?*\nJika YA ketik *YA* untuk mengajukan Permohonan.\nJika Tidak ketik *Tidak* Akhiri Percakapan.\nJika ingin kembali ke MENU UTAMA silakan ketik *Menu*', NULL),
	(56, 2, 'Syarat Umum Pindah Dalam Kota', '2.9', '*Halo Sobat Dukcapil...*\n\nPengajuan bisa dilakukan dengan cara sebagai berikut : \n- KK Kabupaten Nganjuk, KTP-el, surat jaminan tempat tinggal (disediakan oleh kelurahan), dan Berita Acara Verifikasi (formulir disediakan oleh kelurahan).\n- Pengajuan Pindah Datang dapat dilakukan di kelurahan tujuan yang selanjutnya akan dilakukan outreach oleh petugas ke rumah pemohon dan RT dengan hasil outreach berupa berita acara verifikasi.\n\n\n*Apakah Anda ingin mengajukan Permohonan melaui situs Disdukcapil Nganjuk?*\nJika YA ketik *YA* untuk mengajukan Permohonan.\nJika Tidak ketik *Tidak* Akhiri Percakapan.\nJika ingin kembali ke MENU UTAMA silakan ketik *Menu*', NULL),
	(57, 2, 'Syarat Umum Kartu Keluarga', '2.10', '*Halo Sobat Dukcapil...*\n\nBerikut ini adalah persyaratan untuk pengajuan Kartu Keluarga:\n1. Fotocopy Akta Kawin;\n2. Surat Keterangan Jaminan Tempat Tinggal dari pemilik rumah diketahui oleh RT &amp;RW;\n3. KTP pemilik rumah;\n4. Surat Keterangan Pindah Datang (bila yang pindah dalam wilayah Negara RI);\n5. Surat Keterangan Datang dari Luar Negeri (bagi yang datang dari Luar Negeri karena pindah);\n6. Akta Kelahiran/Biodata (bila ada).\n\n\n*Apakah Anda ingin mengajukan Permohonan melaui situs Disdukcapil Nganjuk?*\nJika YA ketik *YA* untuk mengajukan Permohonan.\nJika Tidak ketik *Tidak* Akhiri Percakapan.\nJika ingin kembali ke MENU UTAMA silakan ketik *Menu*', NULL),
	(63, NULL, 'PERTANYAAN UMUM TERKAIT ADMINDUK', '6', 'Silakan pilih opsi *Pertanyaan Umum* terkait ADMINDUK:', NULL),
	(64, 63, 'Bagaimana cara memperbaiki data jika ada yang salah?', '6.1', '*Halo Sobat Dukcapil...*\n\nJika mengalami kendala dapat mengajukan melalui Petugas Dispendukcapil yang bertugas di Kantor Kecamatan sesuai domisili KK Saudara, atau bisa menghubungi Call Center kami di 031-99254200.  \n\n\n*Apakah Anda ingin mengajukan Permohonan melaui situs Disdukcapil Nganjuk?*\nJika YA ketik *YA* untuk mengajukan Permohonan.\nJika Tidak ketik *Tidak* Akhiri Percakapan.\nJika ingin kembali ke MENU UTAMA silakan ketik *Menu*', NULL),
	(65, 1, 'Selesai', 'Selesai', 'Mudah Bukan Sobat Dukcapil... Ayo Segera Tertib Administrasi Kependudukan.\n\n\n*Apakah Anda ingin mengajukan Permohonan melaui situs Disdukcapil Nganjuk?*\n\nJika YA ketik *YA* untuk mengajukan Permohonan.\nJika Tidak ketik *TIdak* Akhiri Percakapan.', NULL),
	(67, 31, 'a. Tempat Pelayanan Pembuatan KTP-el Baru dan Syaratnya', '4.1a', '*a. Tempat Pelayanan Pembuatan KTP-eL Baru dan Syaratnya:*\n\n*Halo Sobat Dukcapil...*\nUntuk perekaman KTP-eL yang baru berumur 17 tahun bisa dilakukan di seluruh kantor kecamatan di Kabupaten Nganjuk atau Mall Pelayanan Publik\n\n*Berikut persyaratan melakukan perekaman KTP-eL , yaitu:*\n1. Fotocopy KK\n2. Nomer Antrian (Apabila melakukan perekaman di Siola)\n\n*Perekaman KTP-el dilakukan pada HARI dan JAM KERJA\n\n\n*Apakah Anda ingin mengajukan Permohonan melaui situs Disdukcapil Nganjuk?*\nJika YA ketik *YA* untuk mengajukan Permohonan.\nJika Tidak ketik *Tidak* Akhiri Percakapan.\nJika ingin kembali ke MENU UTAMA silakan ketik *Menu*', NULL),
	(70, 31, 'b. Tata Cara Pembuatan KTP-el Baru', '4.1b', '*b. Tata Cara Pembuatan KTP-eL Baru*\n\n*Halo Sobat Dukcapil...*                                                                                                                                                                                                                                                                                                                                               Silahkan Anda konfirmasi kepada pihak kecamatan, untuk melakukan pelayanan perekaman KTP-eL baru. Apabila, kecamatan Anda menerima perekaman KTP-eL, silakan melakukan perekaman KTP-eL di kecamatan, namun apabila tidak menerima perekaman KTP-eL baru silakan Anda melakukan perekaman manual dengan mengambil nomer antrian melalui http://ssw.Kabupaten Nganjuk.go.id/anjungan/index.php\n(silakan cek secara berkala untuk info terbaru tanggal pendaftaran perekaman)\n\nPersyaratan melakukan perekaman ktp-el , yaitu :\n1. Fotocopy KK\n2. Nomer Antrian (Apabila melakukan perekaman)\n\n*Perekaman KTP-el dilakukan pada HARI &amp; JAM KERJA\n*Nomer antrian bisa dicetak atau di screenshoot dan disimpan di gadget masing-masing.\n\n\n*Apakah Anda ingin mengajukan Permohonan melaui situs Disdukcapil Nganjuk?*\nJika YA ketik *YA* untuk mengajukan Permohonan.\nJika Tidak ketik *Tidak* Akhiri Percakapan.\nJika ingin kembali ke MENU UTAMA silakan ketik *Menu*', NULL),
	(73, 32, 'a. Tata cara Pengajuan Akta Kelahiran', '4.2a', '*a. Tata cara Pengajuan Permohonan Akta Kelahiran*\n\n*Halo Sobat Dukcapil...*\nPengajuan bisa dilakukan dengan cara sebagai berikut :\n1. Pengajuan bisa dilakukan di Kelurahan/Kecamatan \n2. Pengajuan bisa dilakukan secara online melalui situs kami link:  https://dispendukcapil.Kabupaten Nganjuk.go.id/\n\nNOTE: Jika belum memiliki akun silahkan mendaftar akun dengan memilih menu _*DAFTAR*_  jika sudah memiliki akun silahkan langsung login menggunakan username dan password kemudian memilih menu _*PERMOHONAN AKTA KELAHIRAN*_.\n\n\n*Apakah Anda ingin mengajukan Permohonan melaui situs Disdukcapil Nganjuk?*\nJika YA ketik *YA* untuk mengajukan Permohonan.\nJika Tidak ketik *Tidak* Akhiri Percakapan.\nJika ingin kembali ke MENU UTAMA silakan ketik *Menu*', NULL),
	(76, 32, 'b. Kepengurusan Akta Kelahiran', '4.2b', '*Silakan pilih opsi Kepengurusan Akta Kelahiran, berikut:*\n\n1. Untuk Diri Sendiri\n2. Untuk Anak atau Cucu (Keluarga satu KK)\n3. Lain - lain', NULL),
	(77, 76, '1. Akta Kelahiran untuk Diri Sendiri', '4.2b1', '*1. Pengurusan Akta Kelahiran untuk Diri Sendiri*\n\nPilih opsi pertanyaan berikut:\na. Persyaratan pembetulan Nama Akta Kelahiran \nb. Tata Cara dan Syarat Penerbitan Akta Kelahiran untuk Dewasa \nc. Tata Cara Mengurus Akta Kelahiran yang Hilang \nd. Tata Cara Legalisir Akta Kelahiran', NULL),
	(78, 77, 'a. Pembetulan Nama pada Akta Kelahiran', '4.2b1a', '*a. Persyaratan pembetulan Nama pada Akta Kelahiran*\n\n*Halo Sobat Dukcapil...*\nNama pada Akta Kelahiran *dapat dibetulkan*, dengan mengajukan Perubahan Nama pada Akta Kelahiran secara online (mandiri) melalui website di https://dispendukcapil.Kabupaten Nganjuk.go.id/ atau di kelurahan / kecamatan sesuai domisili dengan melampirkan persyaratan.\n\nPersyaratan Permohonan Perubahan Nama:\n1. Asli dan fotocopy Kutipan Akta Kelahiran yang akan mengalami perubahan nama\n2. Fotocopy KTP + KK \n3. Fotocopy akta perkawinan / nikah (bagi yang sudah menikah)\n4. Fotocopy salinan Penetapan Pengadilan Negeri tentang Ganti Nama yang dilegalisasi\n\n\n*Apakah Anda ingin mengajukan Permohonan melaui situs Disdukcapil Nganjuk?*\nJika YA ketik *YA* untuk mengajukan Permohonan.\nJika Tidak ketik *Tidak* Akhiri Percakapan.\nJika ingin kembali ke MENU UTAMA silakan ketik *Menu*', NULL),
	(80, 77, 'b. Akta Kelahiran untuk Dewasa (Bayi Tua)', '4.2b1b', '*b. Tata Cara dan Syarat Penerbitan Akta Kelahiran untuk Dewasa*\n\n*Halo Sobat Dukcapil...*\nAkta Kelahiran *dapat* diterbitkan untuk *orang dewasa*. \n\nPengajuan Akta Kelahiran dapat dilakukan secara online (mandiri) melalui website di  https://dispendukcapil.Kabupaten Nganjuk.go.id/ atau di kelurahan / kecamatan sesuai domisili dengan melampirkan:\n- Surat Kelahiran ASLI (apabila ada) atau SPTJM KELAHIRAN, \n- KK dan KTP-el pemohon, \n- fotocopy buku nikah milik orang tua pemohon dilegalisir (apabila ada) atau SPTJM KEBENARAN SUAMI-ISTRI pengganti buku nikah orang tua, \n- ktp-el 2 orang saksi (saksi berktp-elektronik).\n\n*SPTJM KELAHIRAN dan SPTJM KEBENARAN SUAMI-ISTRI dapat diunduh melalui website.\n\n\n*Apakah Anda ingin mengajukan Permohonan melaui situs Disdukcapil Nganjuk?*\nJika YA ketik *YA* untuk mengajukan Permohonan.\nJika Tidak ketik *Tidak* Akhiri Percakapan.\nJika ingin kembali ke MENU UTAMA silakan ketik *Menu*', NULL),
	(81, 77, 'c. Akta Kelahiran yang Hilang', '4.2b1c', '*c. Tata Cara pengurusan Akta Kelahiran yang Hilang*\n\n*Halo Sobat Dukcapil...*\nPengajuan Kutipan Kedua Akta Kelahiran karena hilang *dapat* dilakukan secara online (mandiri) melalui website Disdukcapil Nganjuk di  https://dispendukcapil.Kabupaten Nganjuk.go.id/ atau di kelurahan / kecamatan dengan melampirkan surat kehilangan dari kepolisian dan fotokopi akta kelahiran yang hilang.  \n\nNOTE: Jika tidak memiliki fotokopi akta kelahiran yang hilang, maka pemohon diarahkan untuk mengajukan konfirmasi akta terlebih dahulu melalui menu konfirmasi keabsahan akta melalui website Disdukcapil Nganjuk. \n\n\n*Apakah Anda ingin mengajukan Permohonan melaui situs Disdukcapil Nganjuk?*\nJika YA ketik *YA* untuk mengajukan Permohonan.\nJika Tidak ketik *Tidak* Akhiri Percakapan.\nJika ingin kembali ke MENU UTAMA silakan ketik *Menu*', NULL),
	(82, 33, 'a. Tempat Kepengurusan Akta Kematian', '4.3a', '*Halo Sobat Dukcapil...*\n\nPengajuan Akta Kematian dapat dilakukan secara online (mandiri) melalui website Disdukcapil Nganjuk di dispendukcapil.Kabupaten Nganjuk.go.id atau di kelurahan / kecamatan sesuai domisili. \n\n\n*Apakah Anda ingin mengajukan Permohonan melaui situs Disdukcapil Nganjuk?*\nJika YA ketik *YA* untuk mengajukan Permohonan.\nJika Tidak ketik *Tidak* Akhiri Percakapan.\nJika ingin kembali ke MENU UTAMA silakan ketik *Menu*', NULL),
	(83, 33, 'b. Tata Cara Perubahan nama pada Akta Kematian', '4.3b', '*Halo Sobat Dukcapil...*\nUntuk perubahan nama pada akta kematian dapat dilakukan dengan cara mengajukan Perubahan Nama pada Akta Kematian  dapat dilakukan secara online (mandiri) melalui website Disdukcapil Nganjuk di dispendukcapil.Kabupaten Nganjuk.go.id atau di kelurahan / kecamatan sesuai domisili dengan melampirkan persyaratan penetapan pengadilan negeri.\n\n\n*Apakah Anda ingin mengajukan Permohonan melaui situs Disdukcapil Nganjuk?*\nJika YA ketik *YA* untuk mengajukan Permohonan.\nJika Tidak ketik *Tidak* Akhiri Percakapan.\nJika ingin kembali ke MENU UTAMA silakan ketik *Menu*', NULL),
	(84, 33, 'c. Tata Cara Kepengurusan Akta Kematian yang Hilang', '4.3c', '*Halo Sobat Dukcapil...*\n\nPengajuan Kutipan Kedua Akta Kematian  karena hilang dapat dilakukan secara online (mandiri) atau di kelurahan / kecamatan dengan melampirkan surat kehilangan  dari kepolisian dan fotokopi akta kematian yang hilang.  \n\n\n*Apakah Anda ingin mengajukan Permohonan melaui situs Disdukcapil Nganjuk?*\nJika YA ketik *YA* untuk mengajukan Permohonan.\nJika Tidak ketik *Tidak* Akhiri Percakapan.\nJika ingin kembali ke MENU UTAMA silakan ketik *Menu*', NULL),
	(85, 77, 'd. Tata Cara Legalisir Akta Kelahiran', '4.2b1d', '*d. Tata Cara Legalisir Akta Kelahiran*\n\n*Halo Sobat Dukcapil...*\nJika akta kelahiran yang *belum bertandatangan* elektronik, *dapat dilegalisir* secara online (mandiri) melalui website  di  https://dispendukcapil.Kabupaten Nganjuk.go.id/ atau di kelurahan / kecamatan sesuai domisili.\n\nPengajuan Legalisir Akta Kelahiran dapat lakukan dengan cara berikut:\n- Buat akun di website Disdukcapil Nganjuk\n- Verifikasi akun (upload foto KTP-el/KK dan selfie dengan KTP-el/KK)\n- Tunggu proses verifikasi (1x24 jam), apabila sudah diverifikasi maka dapat lanjut ke tahap berikutnya\n- Pilih menu Legalisir Online\n- Isi data dengan benar dan lengkap\n\n*Untuk contoh posisi scan dokumen bisa di liat melaui tombol Posisi Dokumen yang discan, setelah memilih dokumen yang akan discan\n\nNOTE: Sesuai Peraturan Menteri Dalam Negeri Republik Indonesia No. 104 Tahun 2019 pasal 19 ayat (6) bahwa dokumen kependudukan dengan format digital dan sudah ditandatangani secara elektronik dan KTP-el tidak memerlukan legalisir.\n\n\n*Apakah Anda ingin mengajukan Permohonan melalui situs Disdukcapil Nganjuk?*\nJika YA ketik *YA* untuk mengajukan Permohonan.\nJika Tidak ketik *Tidak* Akhiri Percakapan.\nJika ingin kembali ke MENU UTAMA silakan ketik *Menu*', NULL),
	(86, 33, 'd. Tata Cara Legalisir Akta Kematian', '4.3d', '*Halo Sobat Dukcapil...*\nJika akta kematian yang _*belum bertandatangan elektronik*_, dapat dilegalisir secara online (mandiri) melalui website  pada alamat  dispendukcapil.Kabupaten Nganjuk.go.id atau di kelurahan / kecamatan sesuai domisili. \nSesuai Peraturan Menteri Dalam Negeri Republik Indonesia No. 104 Tahun 2019 pasal 19 ayat (6) bahwa dokumen kependudukan dengan format digital dan sudah ditandatangani secara elektronik dan KTP-el tidak memerlukan legalisir. \n\n\n*Apakah Anda ingin mengajukan Permohonan melaui situs Disdukcapil Nganjuk?*\nJika YA ketik *YA* untuk mengajukan Permohonan.\nJika Tidak ketik *Tidak* Akhiri Percakapan.\nJika ingin kembali ke MENU UTAMA silakan ketik *Menu*', NULL),
	(87, 33, 'e. Tata Cara Mengurus Akta Kematian untuk Anggota Keluarga Tunggal ( Tidak memiliki Keluarga / Tunggal di dalam KK )', '4.3e', '*Halo Sobat Dukcapil...*\nJika yang meninggal tidak memiliki keluarga / tunggal di dalam kartu keluarga. Maka, Pelapornya adalah Ketua RT dengan melampirkan SK pengangkatan RT dan persyaratan lain sesuai ketentuan.\n\n\n*Apakah Anda ingin mengajukan Permohonan melaui situs Disdukcapil Nganjuk?*\nJika YA ketik *YA* untuk mengajukan Permohonan.\nJika Tidak ketik *Tidak* Akhiri Percakapan.\nJika ingin kembali ke MENU UTAMA silakan ketik *Menu*', NULL),
	(88, 31, 'c. Tata Cara Pengajuan Perubahan Elemen Data, Rusak dan Hilang terkait KTP-el', '4.1c', '*Halo Sobat Dukcapil...*\nTerkait pengajuan cetak ulang KTP-el yang mengalami kerusakan, perubahan data, atau hilang dapat dilakukan secara online (mandiri)  atau dapat dilakukan di kelurahan / kecamatan dengan melampirkan: \n-Surat Kehilangan\n-Kartu Keluarga terbaru\n-KTP-el lama untuk kemudian dicetak oleh Dinas Kependudukan dan Pencatatan Sipil dan dikirim ke kelurahan.\n\n\n*Apakah Anda ingin mengajukan Permohonan melaui situs Disdukcapil Nganjuk?*\nJika YA ketik *YA* untuk mengajukan Permohonan.\nJika Tidak ketik *Tidak* Akhiri Percakapan.\nJika ingin kembali ke MENU UTAMA silakan ketik *Menu*', NULL),
	(89, 31, 'd. Tata Cara Cetak Pengajuan Perubahan Elemen Data KTP-el', '4.1d', '*Halo Sobat Dukcapil...*\nTerkait pengajuan KTP-el karena perubahan element pada KTP-el bisa dilakukan melalui situs kami https://dispendukcapil.Kabupaten Nganjuk.go.id/ dengan mengikuti arahan sebagai berikut:\n- Pilih menu LOGIN WARGA\n- Buat akun \n- Verifikasi akun (Foto KK dan Selfie dengan KK)\nTunggu proses verifikasi (1x24 jam), apabila sudah diverifikasi maka dapat lanjut ke tahap berikutnya\n- Pilih menu Cetak KTP-el (Identitasku)\n- Login kembali dgn username dan password \n- Pilih menu di pojok kiri atas\n- Pilih permohonan pengajuan baru\n- Cek dan isi data pemohon dgn benar dan lengkap \n- Pilih alasan “Perubahan element”\n- Upload foto KTP-el lama dan KK Kabupaten Nganjuk baru\n- Cek di menu status pengajuan. Tunggu sampai permohonan ditolak/diapprove oleh petugas. Note: Apabila permohonan diapproval petugas, pemohon akan mendapatkan E-KITIR. Apabila permohonan ditolak, maka mohon dipahami catatan dr petugas utk alasan penolakannya \nPengambilan KTP-el di kelurahan dgn membawa ekitir dan KTP-el lama , silakan tracking secara berkala melalui aplikasi TAKON Disdukcapil Nganjuk (download di playstore). Apabila KTP-el sudah jadi dan dapat diambil di kelurahan , akan muncul keterangan di aplikasi tersebut.\n\n\n*Apakah Anda ingin mengajukan Permohonan melaui situs Disdukcapil Nganjuk?*\nJika YA ketik *YA* untuk mengajukan Permohonan.\nJika Tidak ketik *Tidak* Akhiri Percakapan.\nJika ingin kembali ke MENU UTAMA silakan ketik *Menu*', NULL),
	(90, 31, 'e. Terkait Legalisir KTP-el', '4.1e', '*Halo Sobat Dukcapil...*\nMengikuti Peraturan Menteri Dalam Negeri Republik Indonesia No. 104 Tahun 2019 pasal 19 ayat (6) bahwa dokumen kependudukan dengan format digital dan sudah ditandatangani secara elektronik dan KTP-el tidak memerlukan legalisir. \n\n\n*Apakah Anda ingin mengajukan Permohonan melaui situs Disdukcapil Nganjuk?*\nJika YA ketik *YA* untuk mengajukan Permohonan.\nJika Tidak ketik *Tidak* Akhiri Percakapan.\nJika ingin kembali ke MENU UTAMA silakan ketik *Menu*', NULL),
	(91, 31, 'f. Memeriksa ( Tracking ) permohonan KTP-el', '4.1f', '*Halo Sobat Dukcapil...*\nTerkair status pengajuan cetak KTP-el dapat dilihat pada aplikasi android Takon Disdukcapil Nganjuk pada menu Layanan Takon-ID, lalu Cek Status Kependudukan, KTP-el. \n\n\n*Apakah Anda ingin mengajukan Permohonan melaui situs Disdukcapil Nganjuk?*\nJika YA ketik *YA* untuk mengajukan Permohonan.\nJika Tidak ketik *Tidak* Akhiri Percakapan.\nJika ingin kembali ke MENU UTAMA silakan ketik *Menu*', NULL),
	(92, 31, 'g. Tata Cara Pembuatan KTP-el luar Kabupaten Nganjuk ( Luar Jawa Timur )', '4.1g', '*Halo Sobat Dukcapil...*\n\nTerkait perekaman KTP-el Penduduk luar domisili Kabupaten Nganjuk (Luar Jawa Timur), bisa pendaftaran melalui petugas Dispendukcapil yang ada di Kecamatan. Dengan membawa Fotocopy KK Pemohon. Untuk pelaksanaan perekaman KTP-el dilakukan di Kantor Pelayanan Dispendukcapil  (alamat bisa Pemohon cari melalui google), sesuai jadwal yang diinfokan oleh Petugas. Namun untuk cetak KTP-el, yang mencetak adalah Dispendukcapil sesuai domisili KK Pemohon. \n\n\n*Apakah Anda ingin mengajukan Permohonan melaui situs Disdukcapil Nganjuk?*\nJika YA ketik *YA* untuk mengajukan Permohonan.\nJika Tidak ketik *Tidak* Akhiri Percakapan.\nJika ingin kembali ke MENU UTAMA silakan ketik *Menu*', NULL),
	(93, 31, 'h. Tata Cara Cetak Pembuatan KTP-el Luar Kabupaten Nganjuk ( Luar Jawa Timur )', '4.1h', '*Halo Sobat Dukcapil...*\n\nBerikut persyaratan untuk cetak KTP-el Luar Kabupaten Nganjuk (Luar Jawa Timur) sebagai berikut :\n- KTP-el asli \n- Fotocopy KK\n- Surat permohonan untuk cetak KTP-el luar Kabupaten Nganjuk yg ditujukan kepada kepala Dinas Kependudukan dan Pencatatan Sipil Kabupaten Nganjuk\npengajuan cetak ktp-el luar Kabupaten Nganjuk silahkan kakak ke Kecamatan sesuai domisili saat ini untuk bertemu dengan petugas Dispendukcapil yang ditempatkan di Kecamatan. \nTerima Kasih\n\n\n*Apakah Anda ingin mengajukan Permohonan melaui situs Disdukcapil Nganjuk?*\nJika YA ketik *YA* untuk mengajukan Permohonan.\nJika Tidak ketik *Tidak* Akhiri Percakapan.\nJika ingin kembali ke MENU UTAMA silakan ketik *Menu*', NULL),
	(94, 31, 'i. Tata Cara Pengajuan Perekaman Ulang KTP-el Akibat Kesalahan Biometrik', '4.1i', '*Halo Sobat Dukcapil...*\n\nTerkait perekaman ulang KTP-el dikarenakan YOB (salah background/menggunakan peci/memakai softlens/memakai kacamata/foto buram/tanda tangan kosong) pengajuan bisa dilakukan di Kecamatan sesuai domisili KK bertemu dengan petugas Dispendukcapil yang ditempatkan di Kecamatan. \nBisa disampaikan ke petugas untuk pengajuan Perekaman YOB dan didaftarkan melalui e-sulay. \n\nUntuk perekaman KTP-el ulang diwajibkan untuk mengantri ya sobat Adminduk, jadi sobat Adminduk tidak perlu datang ke kantor pelayanan kami apabila belum dihubungi petugas. Note: mohon untuk tidak mengganti nomor HP agar memudahkan petugas untuk menghubungi kakak.\nTerimakasih\n\n\n*Apakah Anda ingin mengajukan Permohonan melaui situs Disdukcapil Nganjuk?*\nJika YA ketik *YA* untuk mengajukan Permohonan.\nJika Tidak ketik *Tidak* Akhiri Percakapan.\nJika ingin kembali ke MENU UTAMA silakan ketik *Menu*', NULL),
	(95, 76, '2. Akta Kelahiran untuk Anak/Cucu', '4.2b2', '*2. Pengurusan Akta Kelahiran untuk Anak/Cucu (Keluarga satu KK)*\n\nPilih opsi pertanyaan berikut:\na. Tata Cara dan Syarat Mengurus Pengajuan Akta Kelahiran \nb. Tata Cara dan Syarat Pembetulan Nama Akta Kelahiran \nc. Tata Cara Pengurusan Akta Kelahiran Bayi yang Lahir di Luar Kabupaten Nganjuk \nd. Tata Cara Mengurus Akta Kelahiran yang Hilang \ne. Tata Cara Legalisir Akta Kelahiran', NULL),
	(96, 63, 'Berapa Lama waktu Pengajuan ADMINDUK?', '6.2', '*Halo Sobat Dukcapil...*\nWaktu Permohonan Administrasi Kependudukan yaitu 7 (Tujuh) Hari Kerja dihitung setelah mendapatkan bukti E-Kitir. \n\n\n*Apakah Anda ingin mengajukan Permohonan melaui situs Disdukcapil Nganjuk?*\nJika YA ketik *YA* untuk mengajukan Permohonan.\nJika Tidak ketik *Tidak* Akhiri Percakapan.\nJika ingin kembali ke MENU UTAMA silakan ketik *Menu*', NULL),
	(98, 63, 'Bagaimana cara mencetak Dokumen ADMINDUK?', '6.4', '*Halo Sobat Dukcapil...*\nUntuk Mencetak Dokumen Adminduk Jika sudah *diterbitkan melalui online mandiri Disdukcapil Nganjuk*, *Sesuai aturan Permendagri no 109 thn 2019*, dokumen kependudukan dicetak secara mandiri di kertas *HVS A4 ukuran 80 gram*.\n\nDokumen hasil permohonan akan diberikan dalam bentuk PDF yang dapat diunduh oleh Pemohon dan dicetak secara mandiri. \n\n\n*Apakah Anda ingin mengajukan Permohonan melaui situs Disdukcapil Nganjuk?*\nJika YA ketik *YA* untuk mengajukan Permohonan.\nJika Tidak ketik *Tidak* Akhiri Percakapan.\nJika ingin kembali ke MENU UTAMA silakan ketik *Menu*', NULL),
	(99, 63, 'Bagaimana Jika NIK tidak bisa terbaca oleh sistem?', '6.3', '*Halo Sobat Dukcapil...*\nBagi Sobat Adminduk Kabupaten Nganjuk yang mengalami permasalahan  kependudukan dalam pelayanan publik seperti registrasi provider, BPJS, Pembukaan Rekening Bank dan pengurusan sejenisnya. Silahkan *KONSOLIDASI* NIK melalui *DUKCAPIL SAPAWARGA.*\n\nAkses Link dibawah ini :\nhttps://dukcapilsapawarga-dispendukcapil.Kabupaten Nganjuk.go.id\nDengan melampirkan data dibawah ini :\n1. NIK :\n2. NO.KK :\n3. NAMA :\n4. EMAIL :\n5. PERMASALAHAN :\n\n\n*Apakah Anda ingin mengajukan Permohonan melaui situs Disdukcapil Nganjuk?*\nJika YA ketik *YA* untuk mengajukan Permohonan.\nJika Tidak ketik *Tidak* Akhiri Percakapan.\nJika ingin kembali ke MENU UTAMA silakan ketik *Menu*', NULL),
	(100, 63, 'Verifikasi akun Disdukcap butuh waktu berapa lama?', '6.5', 'Verifikasi Akun Disdukcapil Nganjuk menunggu 2x24 jam, dan dilakukan pada hari kerja.\n\n\n*Apakah Anda ingin mengajukan Permohonan melaui situs Disdukcapil Nganjuk?*\nJika YA ketik *YA* untuk mengajukan Permohonan.\nJika Tidak ketik *Tidak* Akhiri Percakapan.\nJika ingin kembali ke MENU UTAMA silakan ketik *Menu*', NULL),
	(101, 63, 'Mengapa NIK dan KK tidak valid menu Disdukcapil?', '6.6', '*Halo Sobat Dukcapil...*\n\nKetika dinyatakan tidak valid saat pengajuan proses pada menu-menu di Disdukcapil Nganjuk, NIK yang didaftarkan di akun harus sama dengan NIK yang mengajukan permohonan Kepengurusan.\n\n\n*Apakah Anda ingin mengajukan Permohonan melaui situs Disdukcapil Nganjuk?*\nJika YA ketik *YA* untuk mengajukan Permohonan.\nJika Tidak ketik *Tidak* Akhiri Percakapan.\nJika ingin kembali ke MENU UTAMA silakan ketik *Menu*', NULL),
	(102, 63, 'Mengapa tidak bisa upload dokumen persyaratan?', '6.7', '*Halo Sobat Dukcapil...*\n\nApabila tidak bisa upload dokumen persyaratan pada menu-menu di Disdukcapil Nganjuk, Pastikan ukuran dokumen tidak lebih dari 250kb dan perhatikan format dokumen yang diminta apakah JPEG atau PDF.\n\n\n*Apakah Anda ingin mengajukan Permohonan melaui situs Disdukcapil Nganjuk?*\nJika YA ketik *YA* untuk mengajukan Permohonan.\nJika Tidak ketik *Tidak* Akhiri Percakapan.\nJika ingin kembali ke MENU UTAMA silakan ketik *Menu*', NULL),
	(103, 34, 'a. Tata cara pengajuan pencatatan perkawinan', '4.4.a', '*a. Tata cara pengajuan pencatatan perkawinan*\n\n*Halo Sobat Dukcapil...*\nPengajuan pencatatan perkawinan dapat dilakukan dengan pengisian formulir permohonan melalui https://dispendukcapil.Kabupaten Nganjuk.go.id/ dan melengkapi berkas yang diperlukan. Persyaratan Pencatatan Perkawinan :\n1. Mengisi formulir permohonan melalui https://dispendukcapil.Kabupaten Nganjuk.go.id/\n2. Surat keterangan telah terjadinya perkawinan dari pemuka agama\n3. Pas foto berdampingan 4x6 (background bebas)\n4. KK &amp; KTP-el (apabila salah satu mempelai warga luar Kabupaten Nganjuk)\n*saksi pencatatan perkawinan mohon bukan orang tua kandung atau kakek atau nenek dari mempelai serta saksi berusia minimal 21 thn dan memiliki KTP-el Kabupaten Nganjuk\n\n\n*Apakah Anda ingin mengajukan Permohonan melaui situs Disdukcapil Nganjuk?*\nJika YA ketik *YA* untuk mengajukan Permohonan.\nJika Tidak ketik *Tidak* Akhiri Percakapan.\nJika ingin kembali ke MENU UTAMA silakan ketik *Menu*', NULL),
	(104, 34, 'b. Pengajuan Akta Perkawinan', '4.4.b', '*Silakan pilih opsi pengajuan kepengurusan Akta Perkawinan, berikut:*\n1. WNI menikah di Indonesia \n2. WNI menikah di luar negeri \n3. WNI dan WNA', NULL),
	(105, 104, '1.  WNI menikah di Indonesia', '4.4.b1', '*1.  WNI menikah di Indonesia*\n\n*Halo Sobat Dukcapil...*\nAnda dapat melakukan pengisian formulir permohonan melalui https://dispendukcapil.Kabupaten Nganjuk.go.id/ dan melengkapi berkas yang diperlukan. Persyaratan Pencatatan Perkawinan :\n1. Mengisi formulir permohonan melalui https://dispendukcapil.Kabupaten Nganjuk.go.id/\n2. Surat keterangan telah terjadinya perkawinan dari pemuka agama\n3. Pas foto berdampingan 4x6 (background bebas)\n4. KK &amp; KTP-el (apabila salah satu mempelai warga luar Kabupaten Nganjuk)\n*saksi pencatatan perkawinan mohon bukan orang tua kandung atau kakek atau nenek dari mempelai serta saksi berusia minimal 21 thn dan memiliki KTP-el Kabupaten Nganjuk\n\n\n*Apakah Anda ingin mengajukan Permohonan melaui situs Disdukcapil Nganjuk?*\nJika YA ketik *YA* untuk mengajukan Permohonan.\nJika Tidak ketik *Tidak* Akhiri Percakapan.\nJika ingin kembali ke MENU UTAMA silakan ketik *Menu*', NULL),
	(106, 104, '2. WNI menikah di luar negeri', '4.4.b2', '*2. WNI menikah di luar negeri*\n\n*Halo Sobat Dukcapil...*\nBerdasarkan Undang-Undang No 23 tahun 2006 tentang Kependudukan Pasal 37 ayat 4 bahwa :\nPenduduk Kabupaten Nganjuk yang beragama non muslim yang sudah melaksanakan perkawinan dihadapan pemuka agama atau penghayat kepercayaan di luar negeri wajib untuk melakukan pelaporan kepada Dispendukcapil paling lambat 30 hari sejak yang bersangkutan kembali ke daerah.\nPersyaratan perkawinan untuk pernikahan WNI di luar negeri yakni : \n1. Bukti pencatatan perkawinan/akta perkawinan dari negara setempat yang sudah diterjemahkan kedalam bahasa Indonesia\n2. Akta Kelahiran\n3. Paspor Republik Indonesia\n4. KTP dan KK\n\n\n*Apakah Anda ingin mengajukan Permohonan melaui situs Disdukcapil Nganjuk?*\nJika YA ketik *YA* untuk mengajukan Permohonan.\nJika Tidak ketik *Tidak* Akhiri Percakapan.\nJika ingin kembali ke MENU UTAMA silakan ketik *Menu*', NULL),
	(107, 104, '3. WNI dan WNA', '4.4.b3', '*3. WNI dan WNA*\n\n*Halo Sobat Dukcapil...*\nPERSYARATAN :\n1. Fotocopy Kutipan Akta Kelahiran / Surat Keterangan Kelahiran suami istri dengan menunjukkan aslinya (catatan pinggir bagi yang sudah berganti nama dan atau berubah kewarganegaraan);\n2. Surat Bukti Pemberkatan Perkawinan menurut agamanya;\na. Fotocopy dengan menunjukkan aslinya bila pemberkatan dan pencatatan dilakukan bersamaan;\nb. Fotocopy dilegalisir bila pemberkatan dan pencatatan tidak dilakukan bersamaan.\n3. Fotocopy KK dan KTP suami istri dengan menunjukkan aslinya;\n4. Fotocopy Surat bukti ganti nama (bagi yang telah ganti nama) dengan menunjukkan aslinya;\n5. Fotocopy Dokumen Imigrasi, STLD dari Kepolisian dan surat dari Kedutaan/Konsul/Perwakilan Negaranya (bagi Orang Asing yang akan melakukan perkawinan dengan WNI) dengan menunjukkan aslinya;\n6. Surat-surat kelengkapan dari Kedutaan Besar yang bersangkutan (bagi perkawinan antar Orang Asing) asli;\n7. Fotocopy Kutipan Akta Kelahiran Anak (bagi calon mempelai yang telah mempunyai anak yang akan diakui dan disahkan setelah perkawinan dengan menunjukkan aslinya;\n8. Izin tertulis dari orang tua apabila belum mencapai umur 21 (dua puluh satu) tahun (asli);\n9. Izin tertulis dari Pengadilan Negeri apabila calon suami belum mencapai umur 19 (sembilan belas) tahun dan calon isteri belum mencapai umur 16 (enam belas) tahun;\n10. Izin dari pejabat yang berwenang bagi anggota TNI/POLRI (asli);\n11. Kutipan Akta Perceraian bagi yang cerai hidup (asli);\n12. Pas Foto berdampingan ukuran 4 x 6 cm sebanyak 5 lembar;\n13. Fotocopy KTP 2 (dua) orang saksi (yang mengetahui peristiwa);\n14. Surat Pernyataan Belum Pernah Menikah dengan materai Rp 6.000,-;\n15. Surat Keterangan dari Kelurahan setempat.\nRETRIBUSI :\n\nWNI : Rp. 275.000,-\nOrang Asing : Rp. 500.000,-\n\n\n*Apakah Anda ingin mengajukan Permohonan melaui situs Disdukcapil Nganjuk?*\nJika YA ketik *YA* untuk mengajukan Permohonan.\nJika Tidak ketik *Tidak* Akhiri Percakapan.\nJika ingin kembali ke MENU UTAMA silakan ketik *Menu*', NULL),
	(108, 34, 'c. Tata cara pengajuan akta perkawinan', '4.4.c', '*c. Tata cara pengajuan akta perkawinan*\n\n*Halo Sobat Dukcapil...*\nPendaftaran akta perkawinan dilakukan oleh calon mempelai yang merupakan penduduk Kabupaten Nganjuk. Permohonan dapat dilakukan secara online melalui situs kami https://dispendukcapil.Kabupaten Nganjuk.go.id/ . Langkah-langkah yang dilakukan yakni : \n- Pilih login warga\n- Daftar akun \n- Verifikasi akun (Foto KTP-el/KK dan Selfie dengan KTP-el/KK)\n- Tunggu proses verifikasi (1x24 jam), apabila sudah diverifikasi maka dapat lanjut ke tahap berikutnya\n- Pilih menu Permohonan Akta Perkawinan \n- Isi data dengan benar dan lengkap \n- Jangan lupa upload berkas persyaratannya ya (untuk berkas persyaratannya dijadikan 1 file PDF)\n- Di akhir permohonan, Pemohon akan mendapat e-kitir sebagai tanda bukti permohonan\n\n\n*Apakah Anda ingin mengajukan Permohonan melaui situs Disdukcapil Nganjuk?*\nJika YA ketik *YA* untuk mengajukan Permohonan.\nJika Tidak ketik *Tidak* Akhiri Percakapan.\nJika ingin kembali ke MENU UTAMA silakan ketik *Menu*', NULL),
	(109, 34, 'd. Tata cara pembayaran denda akta perkawinan', '4.4.d', '*d. Tata cara pembayaran denda akta perkawinan*\n\n*Halo Sobat Dukcapil...*\nUntuk pembayaran denda akan diarahkan oleh petugas sesudah mengajukan pendaftaran melalui Disdukcapil Nganjuk. Pembayaran disarankan melalui teller bank jatim agar mendapat bukti pembayaran\n\n\n*Apakah Anda ingin mengajukan Permohonan melaui situs Disdukcapil Nganjuk?*\nJika YA ketik *YA* untuk mengajukan Permohonan.\nJika Tidak ketik *Tidak* Akhiri Percakapan.\nJika ingin kembali ke MENU UTAMA silakan ketik *Menu*', NULL),
	(110, 36, 'a. Tata cara permohonan perubahan biodata', '4.6.a', '*a. Tata cara pengurusan pengajuan permohonan perubahan biodata*\n\n*Halo Sobat Dukcapil...*\nPengajuan bisa dilakukan dengan cara sebagai berikut :\n1. Pengajuan bisa dilakukan di Kelurahan/Kecamatan \n2. Pengajuan bisa dilakukan secara online melalui situs kami link (https://dispendukcapil.Kabupaten Nganjuk.go.id/)\n\nNote : jika belum memiliki akun silahkan mendaftar akun dengan memilih menu "DAFTAR"  jika sudah memiliki akun silahkan langsung login menggunakan username dan password kemudian memilih menu "PEMUTAKHIRAN BIODATA KELUARGA".\n\n\n*Apakah Anda ingin mengajukan Permohonan melaui situs Disdukcapil Nganjuk?*\nJika YA ketik *YA* untuk mengajukan Permohonan.\nJika Tidak ketik *Tidak* Akhiri Percakapan.\nJika ingin kembali ke MENU UTAMA silakan ketik *Menu*', NULL),
	(111, 36, 'b. Pengajuan perubahan (Pemutakhiran) biodata', '4.6.b', '*Silahkan pilih opsi permohonan perubahan (Pemutakhiran) biodata, berikut :*\n1. Untuk Diri Sendiri\n2. Untuk Keluarga', NULL),
	(112, 111, '1. Untuk Diri Sendiri', '4.6.b1', '*1. Untuk Diri Sendiri*\n\n*Halo Sobat Dukcapil...*\nSilahkan melakukan pengajuan secara online melalui situs kami Disdukcapil Nganjuk, syarat perubahan biodata bisa disesuaikan dengan pengajuan permohonan di menu "PEMUTAKHIRAN BIODATA".\ncontoh : Merubah Data Status Perkawinan (Belum Kawin/Kawin/Cerai Hidup/Cerai Mati).\nsyaratnya : Melampirkan Dokumen Kartu Keluarga; Dokumen Perkawinan \n\nNote : Untuk Syarat Permohonan, bisa disesuaikan dengan Status Biodata yang ingin di rubah.me\n\n\n*Apakah Anda ingin mengajukan Permohonan melaui situs Disdukcapil Nganjuk?*\nJika YA ketik *YA* untuk mengajukan Permohonan.\nJika Tidak ketik *Tidak* Akhiri Percakapan.\nJika ingin kembali ke MENU UTAMA silakan ketik *Menu*', NULL),
	(113, 111, '2. Untuk Keluarga', '4.6.b2', '*2. Untuk Keluarga*\n\n*Halo Sobat Dukcapil...*\nSilahkan melakukan pengajuan secara online melalui situs kami Disdukcapil Nganjuk, syarat perubahan biodata bisa disesuaikan dengan pengajuan permohonan di menu PEMUTAKHIRAN BIODATA KELUARGA, mengisi kolom Nama Ayah/Ibu sesuai yang diinginkan dan melampirkan berkas persyaratan berupa KK dan Akta Kelahiran.\nJika mengalami kendala dapat mengajukan melalui Petugas Dispendukcapil yang bertugas di Kantor Kecamatan sesuai domisili KK Saudara, terimakasih.\n\n\n*Apakah Anda ingin mengajukan Permohonan melaui situs Disdukcapil Nganjuk?*\nJika YA ketik *YA* untuk mengajukan Permohonan.\nJika Tidak ketik *Tidak* Akhiri Percakapan.\nJika ingin kembali ke MENU UTAMA silakan ketik *Menu*', NULL),
	(114, 35, 'a. Tata Cara Pengajuan Akta Perceraian', '4.5.a', '*a.Tata Cara Pengajuan Akta Perceraian*\n\n*Halo Sobat Dukcapil...*\nUntuk pengajuan Akta Perceraian dapat dilakukan dengan beberapa cara, sebagai berikut : \n1. Pengajuan bisa dilakukan secara offline dengan mengunjungi Kelurahan/Kecamatan yang saat ini menjadi domisili pemohon;\n2. Selanjutnya pengajuan secara online dapat dilakukan dengan mengunjungi situs website Disdukcapil Nganjuk, berikut link sistus website dapat di akses : (https://dispendukcapil.Kabupaten Nganjuk.go.id/)\n\nNOTE : jika belum memiliki akun silahkan mendaftar akun dengan memilih menu ""DAFTAR""  jika sudah memiliki akun silahkan langsung login menggunakan username dan password kemudian memilih menu ""PERMOHONAN AKTA PERCERAIAN"".\n\n\n*Apakah Anda ingin mengajukan Permohonan melaui situs Disdukcapil Nganjuk?*\nJika YA ketik *YA* untuk mengajukan Permohonan.\nJika Tidak ketik *Tidak* Akhiri Percakapan.\nJika ingin kembali ke MENU UTAMA silakan ketik *Menu*', NULL),
	(115, 35, 'b.Pengajuan Akta Perceraian', '4.5.b', '*Silakan pilih opsi pengajuan kepengurusan Akta Perceraian, berikut:*\n1. Diri Sendiri\n2. Keluarga\n3. Lain - Lain', NULL),
	(116, 37, 'a. Tempat Mengurus Pindah Keluar WNI', '4.7a', '*Halo Sobat Dukcapil...*\n\n- Tempat Mengurus Pindah Keluar WNI dapat dilakukan secara mandiri melalui website Disdukcapil Nganjuk pada alamat dispendukcapil.Kabupaten Nganjuk.go.id atau melalui kelurahan / kecamatan / RT \n\n\n*Apakah Anda ingin mengajukan Permohonan melaui situs Disdukcapil Nganjuk?*\nJika YA ketik *YA* untuk mengajukan Permohonan.\nJika Tidak ketik *Tidak* Akhiri Percakapan.\nJika ingin kembali ke MENU UTAMA silakan ketik *Menu*', NULL),
	(117, 37, 'b. Syarat Pengajuan Pindah Keluar', '4.7b', '*Halo Sobat Dukcapil...*\n\n- Pemohon hanya perlu melampirkan KK Kabupaten Nganjuk (jika melakukan pengajuan melalui kelurahan / kecamatan maka diserahkan ke petugas)\n(KTP-el hanya ditunjukkan saja)\n\n\n*Apakah Anda ingin mengajukan Permohonan melaui situs Disdukcapil Nganjuk?*\nJika YA ketik *YA* untuk mengajukan Permohonan.\nJika Tidak ketik *Tidak* Akhiri Percakapan.\nJika ingin kembali ke MENU UTAMA silakan ketik *Menu*', NULL),
	(118, 37, 'c. Jika Penduduk Yang Pindah Masih Dibawah 17 Tahun', '4.7c', '*Halo Sobat Dukcapil...*\n\n- Jika Penduduk Yang Pindah Masih Dibawah 17 Tahun Pengajuan dapat diproses dengan melampirkan surat pernyataan tidak keberatan dari orang tua.\n\n\n*Apakah Anda ingin mengajukan Permohonan melaui situs Disdukcapil Nganjuk?*\nJika YA ketik *YA* untuk mengajukan Permohonan.\nJika Tidak ketik *Tidak* Akhiri Percakapan.\nJika ingin kembali ke MENU UTAMA silakan ketik *Menu*', NULL),
	(119, 37, 'd. Persyaratan Batal Pindah', '4.7d', '*Halo Sobat Dukcapil...*\n\nPersyaratan Batal Pindah sebagai berikut:\n- Surat Keterangan Pindah antar kabupaten/kota/provinsi yang asli, Surat Pernyataan Batal Pindah yang diketahui RT, Surat Pernyataan tidak keberatan penggunaan alamat dari pemilik di alamat tujuan di Kabupaten Nganjuk, Kartu Keluarga dan KTP-el penjamin, foto pemohon memegang Surat Pernyataan Batal Pindah.\n\n\n*Apakah Anda ingin mengajukan Permohonan melaui situs Disdukcapil Nganjuk?*\nJika YA ketik *YA* untuk mengajukan Permohonan.\nJika Tidak ketik *Tidak* Akhiri Percakapan.\nJika ingin kembali ke MENU UTAMA silakan ketik *Menu*', NULL),
	(120, 38, 'a. Tempat Mengurus Pindah Datang', '4.8a', '*Halo Sobat Dukcapil...*\n\n- Tempat Mengurus Pindah Datang dapat dilakukan di kelurahan / di RT  yang selanjutnya akan dilakukan outreach oleh petugas ke rumah pemohon dan RT.\n\n\n*Apakah Anda ingin mengajukan Permohonan melaui situs Disdukcapil Nganjuk?*\nJika YA ketik *YA* untuk mengajukan Permohonan.\nJika Tidak ketik *Tidak* Akhiri Percakapan.\nJika ingin kembali ke MENU UTAMA silakan ketik *Menu*', NULL),
	(121, 38, 'b. Syarat Pengajuan Pindah Datang', '4.8b', '*Halo Sobat Dukcapil...*\n\nSyarat Pengajuan Pindah Datang Adalah Sebagai Berikut:\n- Surat Keterangan Pindah dari daerah asal (SKPWNI) dan SPTJM (formulir disediakan di kelurahan).\n\n\n*Apakah Anda ingin mengajukan Permohonan melaui situs Disdukcapil Nganjuk?*\nJika YA ketik *YA* untuk mengajukan Permohonan.\nJika Tidak ketik *Tidak* Akhiri Percakapan.\nJika ingin kembali ke MENU UTAMA silakan ketik *Menu*', NULL),
	(122, 38, 'c. Tata Cara Jika Penduduk Yang Pindah Masih Dibawah 17 Tahun', '4.8c', '*Halo Sobat Dukcapil...*\n\n- Tata Cara Jika Penduduk Yang Pindah Masih Dibawah 17 Tahun adalah dengan melampirkan surat pernyataan tidak keberatan dari orang tua bermaterai untuk anaknya dipindahkan mengikuti siapa.\n\n\n*Apakah Anda ingin mengajukan Permohonan melaui situs Disdukcapil Nganjuk?*\nJika YA ketik *YA* untuk mengajukan Permohonan.\nJika Tidak ketik *Tidak* Akhiri Percakapan.\nJika ingin kembali ke MENU UTAMA silakan ketik *Menu*', NULL),
	(123, 38, 'd. Jika Alamat Tujuan Bukan Milik Sendiri', '4.8d', '*Halo Sobat Dukcapil...*\n\n- Jika Alamat Tujuan Bukan Milik Sendiri Pengajuan dapat diproses dengan melampirkan KK pemilik rumah dan surat tidak keberatan dari pemilik rumah dan telah diverifikasi kebenaran tempat tinggalnya oleh petugas kelurahan.\n\n\n*Apakah Anda ingin mengajukan Permohonan melaui situs Disdukcapil Nganjuk?*\nJika YA ketik *YA* untuk mengajukan Permohonan.\nJika Tidak ketik *Tidak* Akhiri Percakapan.\nJika ingin kembali ke MENU UTAMA silakan ketik *Menu*', NULL),
	(124, 39, 'a. Tempat Mengurus Pindah Dalam Kota', '4.9a', '*Halo Sobat Dukcapil...*\n\n- Tempat Mengurus Pindah Dalam Kota dapat dilakukan di kelurahan tujuan yang selanjutnya akan dilakukan outreach oleh petugas ke rumah pemohon dan RT dengan hasil outreach berupa berita acara verifikasi. \n\n\n*Apakah Anda ingin mengajukan Permohonan melaui situs Disdukcapil Nganjuk?*\nJika YA ketik *YA* untuk mengajukan Permohonan.\nJika Tidak ketik *Tidak* Akhiri Percakapan.\nJika ingin kembali ke MENU UTAMA silakan ketik *Menu*', NULL),
	(125, 39, 'b. Syarat Pengajuan Pindah Dalam Kota', '4.9b', '*Halo Sobat Dukcapil...*\n\nSyarat Pengajuan Pindah Dalam Kota Adalah Sebagai Berikut:\n- KK Kabupaten Nganjuk, KTP-el, surat jaminan tempat tinggal (disediakan oleh kelurahan), dan Berita Acara Verifikasi (formulir disediakan oleh kelurahan).\n\n\n*Apakah Anda ingin mengajukan Permohonan melaui situs Disdukcapil Nganjuk?*\nJika YA ketik *YA* untuk mengajukan Permohonan.\nJika Tidak ketik *Tidak* Akhiri Percakapan.\nJika ingin kembali ke MENU UTAMA silakan ketik *Menu*', NULL),
	(126, 39, 'c. Tata Cara Proses Pindah Jika Alamat Yang Digunakan Adalah Rusun', '4.9c', '*Halo Sobat Dukcapil...*\n\n- Tata Cara Proses Pindah Jika Alamat Yang Digunakan Adalah Rusun adalah sesuai dengan Perda Kabupaten Nganjuk No. 15 Tahun 2012 tentang perubahan atas Perda Kabupaten Nganjuk No. 2 Tahun 2010 tentang pemakaian rumah susun, ditambahkan persyaratan Bukti Surat Kepemilikan Rusun sesuai nama pemohon yang tertera pada surat perjanjian sewa rusun dari Dinas Pertanahan.\n\n\n*Apakah Anda ingin mengajukan Permohonan melaui situs Disdukcapil Nganjuk?*\nJika YA ketik *YA* untuk mengajukan Permohonan.\nJika Tidak ketik *Tidak* Akhiri Percakapan.\nJika ingin kembali ke MENU UTAMA silakan ketik *Menu*', NULL),
	(128, 39, 'd. Persyaratan Jika Pemohon Tinggal Di Apartemen', '4.9d', '*Halo Sobat Dukcapil...*\n\nPersyaratan Jika Pemohon Tinggal Di Apartemen adalah pemohon perlu menambahkan persyaratan-pernyataan dari manajemen apartemen tempat pemohon tinggal.\n\n\n*Apakah Anda ingin mengajukan Permohonan melaui situs Disdukcapil Nganjuk?*\nJika YA ketik *YA* untuk mengajukan Permohonan.\nJika Tidak ketik *Tidak* Akhiri Percakapan.\nJika ingin kembali ke MENU UTAMA silakan ketik *Menu*', NULL),
	(129, 63, 'Apakah Pengurusan Permohonan Administrasi Kependudukan Harus dilakukan dikantor Mall Pelayanan Publik?', '6.8', '*Halo Sobat Dukcapil...*\nKepengurusan Administrasi Kependudukan cukup dilakukan dikelurahan/kecamatan sesuai domisili masing-masing atau melalui Online Mandiri.\n\n\n*Apakah Anda ingin mengajukan Permohonan melaui situs Disdukcapil Nganjuk?*\nJika YA ketik *YA* untuk mengajukan Permohonan.\nJika Tidak ketik *Tidak* Akhiri Percakapan.\nJika ingin kembali ke MENU UTAMA silakan ketik *Menu*', NULL),
	(130, 115, '1. Akta Perceraian untuk Diri Sendiri', '4.5.b1', '*1. Pengurusan Akta Perceraian untuk Diri Sendiri* \nPilih opsi pertanyaan berikut: \na. Syarat penduduk luar Kabupaten Nganjuk dapat mengajukan akta perceraian di Dispendukcapil Kabupaten Nganjuk ? \nb. Berkas yang diperlukan untuk mengurus akta perceraian \nc. Tata Cara Mengurus Akta Perceraian yang Hilang \nd. Tata Cara Mencetak Akta Perceraian\ne. Tata Cara Legalisir Akta Perceraian', NULL),
	(131, 63, 'Kapan Jam Operasional Layanan Administrasi Kependudukan di Dispendukcapil Kabupaten Nganjuk?', '6.9', '*Halo Sobat Dukcapil...*\nJam Operasional Layanan Adminduk Pada jam Kerja hari Senin - Kamis (07.30-16.00), hari Jumat (07.30-15.00) dan hari Sabtu (08.00-13.00). \n\n*Apakah Anda ingin mengajukan Permohonan melaui situs Disdukcapil Nganjuk?*\nJika YA ketik *YA* untuk mengajukan Permohonan.\nJika Tidak ketik *Tidak* Akhiri Percakapan.\nJika ingin kembali ke MENU UTAMA silakan ketik *Menu*', NULL),
	(132, 76, '3. Pengurusan Akta Kelahiran lain-lain', '4.2b3', '*3. Pengurusan Akta Kelahiran lain-lain*\n\n*Silakan pilih opsi pertanyaan berikut:*\na. Pengurusan Akta Kelahiran tanpa Memiliki Surat Keterangan Lahir dan Keberadaan Orang Tua Tidak Jelas.\nb. Tata Cara Membuat Akta Kelahiran, jika Orang Tua tidak Memiliki Surat Nikah atau Akta Kawin atau Ibu dibawah Umur\nc. Tata Cara Penerbitan Akta untuk Anak Adopsi', NULL),
	(133, 95, 'a. Pengajuan Akta Kelahiran Anak/Cucu', '4.2b2a', '*a. Pengajuan Akta Kelahiran Anak/Cucu (Keluarga Satu KK)*\n\n*Halo Sobat Dukcapil...*\n\n*Berikut Tata Cara dan Syarat Pengajuan Permohonan Akta Kelahiran untuk Anak/Cucu (Keluarga Satu KK)*\n\nPERSYARATAN AKTA KELAHIRAN :\n1. Surat Kelahiran ASLI dr dokter/bidan/RS/penolong kelahiran\n2. KK dan KTP-el ortu\n3. fotocopy buku nikah ortu dilegalisir\n4. ktp-el 2 orang saksi (saksi berktp-el)\n\nPengurusan akta kelahiran bisa dilakukan secara online melalui situs kami :  https://dispendukcapil.Kabupaten Nganjuk.go.id/  sebagai berikut:\n- Pilih menu LOGIN WARGA\n- Daftar akun \n- Verifikasi akun (Foto KTP-el/KK dan Selfie dengan KTP-el/KK)\n- Tunggu proses verifikasi (1x24 jam), apabila sudah diverifikasi maka dapat lanjut ke tahap berikutnya\nPilih menu Permohonan Akta Kelahiran\n- Isi data dengan benar dan lengkap \n- Jangan lupa upload berkas persyaratannya ya (untuk berkas persyaratannya bisa discan/difoto lalu dijadikan 1 file PDF)\n- Pada akhir permohonan, Pemohon akan mendapat e-kitir sebagai tanda bukti permohonan \n- Cek secara berkala melalui menu notifikasi (gambar lonceng) pd pojok kanan atas di akun milik Pemohon utk proses dari permohonan Pemohon\n\n\n*Apakah Anda ingin mengajukan Permohonan melaui situs Disdukcapil Nganjuk?*\nJika YA ketik *YA* untuk mengajukan Permohonan.\nJika Tidak ketik *Tidak* Akhiri Percakapan.\nJika ingin kembali ke MENU UTAMA silakan ketik *Menu*', NULL),
	(134, 95, 'b. Pembetulan Nama pada Akta Kelahiran', '4.2b2b', '*b. Persyaratan pembetulan Nama pada Akta Kelahiran untuk Anak/Cucu*\n\n*Halo Sobat Dukcapil...*\nNama pada Akta Kelahiran *dapat dibetulkan*, dengan mengajukan Perubahan Nama pada Akta Kelahiran secara online (mandiri) melalui website di https://dispendukcapil.Kabupaten Nganjuk.go.id/ atau di kelurahan / kecamatan sesuai domisili dengan melampirkan persyaratan.\n\nPersyaratan Permohonan Perubahan Nama:\n1. Asli dan fotocopy Kutipan Akta Kelahiran yang akan mengalami perubahan nama\n2. Fotocopy KTP + KK \n3. Fotocopy akta perkawinan / nikah (bagi yang sudah menikah)\n4. Fotocopy salinan Penetapan Pengadilan Negeri tentang Ganti Nama yang dilegalisasi\n\n\n*Apakah Anda ingin mengajukan Permohonan melaui situs Disdukcapil Nganjuk?*\nJika YA ketik *YA* untuk mengajukan Permohonan.\nJika Tidak ketik *Tidak* Akhiri Percakapan.\nJika ingin kembali ke MENU UTAMA silakan ketik *Menu*', NULL),
	(135, 130, 'a. Penduduk Luar Kabupaten Nganjuk Mengajukan Akta Cerai', '4.5.b1a', '*Persyaratan Penduduk Luar Kabupaten Nganjuk mengajuan Akta Perceraian di Dispendukcapil Kabupaten Nganjuk* \n\n*Halo Sobat Dukcapil...*\nDispendukcapil dapat menerbitkan akta perceraian untuk penduduk luar Kabupaten Nganjuk apabila, terdapat *Hasil putusan pengadilan negeri yang berkekuatan hukum tetap dan memerintahkan Dispendukcapil Kabupaten Nganjuk untuk menerbitkan \nakta perceraiannya.*\n\n\n*Apakah Anda ingin mengajukan Permohonan melaui situs Disdukcapil Nganjuk?*\nJika YA ketik *YA* untuk mengajukan Permohonan.\nJika Tidak ketik *Tidak* Akhiri Percakapan.\nJika ingin kembali ke MENU UTAMA silakan ketik *Menu*', NULL),
	(136, 95, 'c. Akta Kelahiran bayi lahir di luar Kabupaten Nganjuk', '4.2b2c', '*c. Terbitan Akta Kelahiran bayi yang lahir di luar Kabupaten Nganjuk*\n\n*Halo Sobat Dukcapil...*\n\nDispendukcapil Kabupaten Nganjuk tetap menerbitkan Akta Kelahiran untuk anak tersebut dan dimasukkan ke dalam KK orang tua sesuai domisili di Kabupaten Nganjuk. \n\n\n*Apakah Anda ingin mengajukan Permohonan melaui situs Disdukcapil Nganjuk?*\nJika YA ketik *YA* untuk mengajukan Permohonan.\nJika Tidak ketik *Tidak* Akhiri Percakapan.\nJika ingin kembali ke MENU UTAMA silakan ketik *Menu*', NULL),
	(137, 95, 'd. Akta Kelahiran yang Hilang', '4.2b2d', '*d. Tata Cara pengurusan Akta Kelahiran yang Hilang*\n\n\n*Halo Sobat Dukcapil...*\n\nPengajuan Kutipan Kedua Akta Kelahiran karena hilang *dapat* dilakukan secara online (mandiri) melalui website di  https://dispendukcapil.Kabupaten Nganjuk.go.id/ atau di kelurahan / kecamatan dengan melampirkan surat kehilangan dari kepolisian dan fotokopi akta kelahiran yang hilang.  \n\nNOTE: Jika tidak memiliki fotokopi akta kelahiran yang hilang, maka pemohon diarahkan untuk mengajukan konfirmasi akta terlebih dahulu melalui menu konfirmasi keabsahan akta melalui website Disdukcapil Nganjuk.\n\n\n*Apakah Anda ingin mengajukan Permohonan melaui situs Disdukcapil Nganjuk?*\nJika YA ketik *YA* untuk mengajukan Permohonan.\nJika Tidak ketik *Tidak* Akhiri Percakapan.\nJika ingin kembali ke MENU UTAMA silakan ketik *Menu*', NULL),
	(138, 37, 'e. Jika Yang Pindah Adalah Istri Dan Anak (Bercerai)', '4.7e', '*Halo Sobat Dukcapil...*\n\n- Jika Yang Pindah Adalah Istri Dan Anak (Bercerai) pemohon dapat melakukan Pengajuan melalui menu pindah keluar dengan melampirkan akta cerai, penetapan hak asuh anak atau surat pernyataan anak ikut siapa, KK Kabupaten Nganjuk, dan KTP-el yang pindah.\n\n\n*Apakah Anda ingin mengajukan Permohonan melaui situs Disdukcapil Nganjuk?*\nJika YA ketik *YA* untuk mengajukan Permohonan.\nJika Tidak ketik *Tidak* Akhiri Percakapan.\nJika ingin kembali ke MENU UTAMA silakan ketik *Menu*', NULL),
	(139, 37, 'f. Durasi Proses Pengajuan Pindah', '4.7f', '*Halo Sobat Dukcapil...*\n\n- Proses pengajuan pindah keluar setelah e-kitir terbit kurang lebih 1 hari kerja jika tidak terdapat kendala atau kegiatan lain.\n\n\n*Apakah Anda ingin mengajukan Permohonan melaui situs Disdukcapil Nganjuk?*\nJika YA ketik *YA* untuk mengajukan Permohonan.\nJika Tidak ketik *Tidak* Akhiri Percakapan.\nJika ingin kembali ke MENU UTAMA silakan ketik *Menu*', NULL),
	(140, 38, 'e. Jika Masa Berlaku Masa SKPWNI Sudah Habis', '4.8e', '*Halo Sobat Dukcapil...*\n\n- Pengajuan pindah datang dapat diproses dengan tetap melampirkan SKPWNI tersebut tanpa meminta kembali SPKWNI di Dukcapil penerbit selama saat dilakukan konsolidasi data pemohon dapat ditarik.\n\n\n*Apakah Anda ingin mengajukan Permohonan melaui situs Disdukcapil Nganjuk?*\nJika YA ketik *YA* untuk mengajukan Permohonan.\nJika Tidak ketik *Tidak* Akhiri Percakapan.\nJika ingin kembali ke MENU UTAMA silakan ketik *Menu*', NULL),
	(141, 38, 'f. Durasi Pengurusan Pindah Datang', '4.8f', '*Halo Sobat Dukcapil...*\n\n- Apabila tidak terdapat kendala, maka proses pindah datang dapat diselesaikan dalam waktu 1 hari kerja setelah e-kitir diterbitkan.\n\n\n*Apakah Anda ingin mengajukan Permohonan melaui situs Disdukcapil Nganjuk?*\nJika YA ketik *YA* untuk mengajukan Permohonan.\nJika Tidak ketik *Tidak* Akhiri Percakapan.\nJika ingin kembali ke MENU UTAMA silakan ketik *Menu*', NULL),
	(142, 130, 'b. Berkas Persyaratan Mengurus Akta Perceraian', '4.5.b1b', '*Halo Sobat Dukcapil...*\n\n*Akta Perceraian* dapat diterbitkan, dengan melengkapi berkas kepengurusan akta perceraian. Selanjutnya proses tersebut dapat dilakukkan secara online (mandiri) melalui website di https://dispendukcapil.Kabupaten Nganjuk.go.id/ atau di kelurahan / kecamatan sesuai domisili dengan melampirkan berkas persyaratan.\n\n*Berkas Persyaratan pengajuan Akta Perceraian :*\n1. Keputusan Pengadilan tentang penetapan perceraian yang mempunyai kekuatan hukum yang tetap (asli);\n2. Fotocopy KK dan KTP dengan menunjukkan aslinya;\n3. Fotocopy Kutipan Akta Kelahiran dengan menunjukkan aslinya (catatan pinggir bagi yang sudah berganti nama dan atau \nberubah kewarganegaraan);\n4. Kutipan Akta Perkawinan (asli);\n5. Fotocopy Surat Bukti Ganti Nama (bagi WNI keturunan yang sudah ganti nama) dengan menunjukkan aslinya;\n6. Fotocopy Dokumen Imigrasi dan STLD (bagi Orang Asing) dengan menunjukkan aslinya;\n7. Pas foto 3 x 4 cm sebanyak 3 lembar.\n\n\n*Apakah Anda ingin mengajukan Permohonan melaui situs Disdukcapil Nganjuk?*\nJika YA ketik *YA* untuk mengajukan Permohonan.\nJika Tidak ketik *Tidak* Akhiri Percakapan.\nJika ingin kembali ke MENU UTAMA silakan ketik *Menu*', NULL),
	(143, 130, 'c. Tata Cara Mengurus Nomor Akta Perceraian yang Hilang', '4.5.b1c', '*Halo Sobat Dukcapil...*\n\nUntuk Mengurus *Nomor Akta Perceraian yang Hilang*, sobat Adminduk bisa mengajuan keabsahan akta dengan membuat akun terlebih dahulu  *Syarat dan Ketentuan* ada  diaplikasi  https://dispendukcapil.Kabupaten Nganjuk.go.id/  \n\n*Berikut langkah - langkah yang perlu diperhatikan untuk mengurus Nomor Akta Perceraian yang Hilang :* \n1. Setelah akun disetujui :\na. Login dan Pilih Legalisir Online ;\nb. Masukkan Username dan Password;\nc. Pilih Permohonan Keabsahan; \nd. Pengajuan Baru Isi Semua Kolom yang ada.  \nApabila dari keabsahan tercatat maka, dapat mengajukan laporam kehilangan akta perceraian di kepolisian dengan dasar hasil keabsahan dilanjutkan untuk pengajuan kutipan ke 2 akta perceraian. Sedangkan, jika dari proses pencarian data tidak tercatat maka, sobat dapat melakukkan pengajuan baru akta perceraian.  \n2. Pengajuan kutipan ke 2 perceraian : \na. Login ke Akun ;\nb. Pilih Perubahan Akta;\nc. Masukkan user;\nd. Pilih menu kepengurusan kelahiran/kematian/perkawinan/perceraian-permohonan \nkelahiran/kematian/perkawinan/perceraian kedua;\ne. Lengkapi isi kolom yang tersedia.\n\nNote : Untuk permohonan kutipan kedua akta cerai non muslim.\n\n\n*Apakah Anda ingin mengajukan Permohonan melaui situs Disdukcapil Nganjuk?*\nJika YA ketik *YA* untuk mengajukan Permohonan.\nJika Tidak ketik *Tidak* Akhiri Percakapan.\nJika ingin kembali ke MENU UTAMA silakan ketik *Menu*', NULL),
	(144, 65, 'YA', 'YA', '*Halo Sobat Dukcapil...*\nBerikut tata cara pembuatan akun dan pengajuan Adminduk melalui _*Disdukcapil Nganjuk:*_\n\n- Silahkan buka pada situs layanan online mandiri terbaru *Disdukcapil Nganjuk*\n- Klik *"Buat Akun"* apabila anda belum memiliki akun\n- Isi informasi akun sesuai dengan data diri Anda, meliputi: (NIK, Username, Email, Nomor Telepon, dan Password)\n- Silahkan Isi Captcha dengan Benar\n- Klik *"Buat akun"* apabila informasi akun sudah terisi sesuai data diri\n- Verifikasi akun (Foto KTP-el/KK/Surat kehilangan dari Kepolisian dan Selfie dengan KTP-el/KK dengan ukuran maks.1MB)\n- Tunggu proses verifikasi (1x24 jam), apabila sudah diverifikasi maka dapat lanjut ke tahap berikutnya.\n- Apabila proses verifikasi selesai, Silakan masukkan Username dan Password yang telah ada buat\n- Silahkan Isi Captcha Dengan Benar\n- Klik "Login"\n- Pilih menu atau fitur pengajuan yang Anda inginkan.\n\nSitus Layanan Disdukcapil Nganjuk dapat diakses melalui Link berikut: *https://v2.disdukcapilKabupaten Nganjuk.id/app/login*', NULL),
	(145, 65, 'TIDAK', 'TIDAK', 'Mudah Bukan Sobat Dukcapil... Ayo Segera Tertib Administrasi Kependudukan. Terima Kasih Telah Menggunakan Layanan DISPENDUKCAPIL Kabupaten Nganjuk.\n\n*Ingat!* Sobat Dukcapil.... Semua Pelayanan Administrasi Kependudukan _*GRATIS*_ atau _*Tidak Dipungut Biaya.*_', NULL),
	(146, 95, 'e. Tata Cara Legalisir Akta Kelahiran', '4.2b2e', '*e. Tata Cara Legalisir Akta Kelahiran*\n\n*Halo Sobat Dukcapil...*\nJika akta kelahiran yang *belum bertandatangan* elektronik, *dapat dilegalisir* secara online (mandiri) melalui website  di  https://dispendukcapil.Kabupaten Nganjuk.go.id/ atau di kelurahan / kecamatan sesuai domisili.\n\nPengajuan Legalisir Akta Kelahiran dapat lakukan dengan cara berikut:\n- Buat akun \n- Verifikasi akun (upload foto KTP-el/KK dan selfie dengan KTP-el/KK)\n- Tunggu proses verifikasi (1x24 jam), apabila sudah diverifikasi maka dapat lanjut ke tahap berikutnya\n- Pilih menu Legalisir Online\n- Isi data dengan benar dan lengkap\n\n*Untuk contoh posisi scan dokumen bisa di liat melaui tombol Posisi Dokumen yang discan, setelah memilih dokumen yang akan discan\n\nNOTE: Sesuai Peraturan Menteri Dalam Negeri Republik Indonesia No. 104 Tahun 2019 pasal 19 ayat (6) bahwa dokumen kependudukan dengan format digital dan sudah ditandatangani secara elektronik dan KTP-el tidak memerlukan legalisir.\n\n\n*Apakah Anda ingin mengajukan Permohonan melaui situs Disdukcapil Nganjuk?*\nJika YA ketik *YA* untuk mengajukan Permohonan.\nJika Tidak ketik *Tidak* Akhiri Percakapan.\nJika ingin kembali ke MENU UTAMA silakan ketik *Menu*', NULL),
	(147, 132, 'a. Akta Kelahiran Bayi Tanpa Asal Usul', '4.2b3a', '*a. Pengurusan Akta Kelahiran tanpa Memiliki Surat Keterangan Lahir dan Keberadaan Orang Tua Tidak Jelas*\n\n*Halo Sobat Dukcapil...*\nPengurusan permohonan Akta kelahiran jika tidak memiliki surat keterangan lahir dan keberadaan orang tua tidak jelas atau bayi tanpa asal usul *bisa diterbitkan* dengan persyaratan antara lain : \n- Berita acara kepolisian atau surat pernyataan dari pemohon.\n\n\n*Apakah Anda ingin mengajukan Permohonan melaui situs Disdukcapil Nganjuk?*\nJika YA ketik *YA* untuk mengajukan Permohonan.\nJika Tidak ketik *Tidak* Akhiri Percakapan.\nJika ingin kembali ke MENU UTAMA silakan ketik *Menu*', NULL),
	(148, 132, 'b. Akta Kelahiran, Tanpa Surat Nikah', '4.2b3b', '*b. Tata Cara Membuat Akta Kelahiran, jika Orang Tua tidak Memiliki Surat Nikah atau Akta Kawin atau Ibu dibawah Umur*\n\n*Halo Sobat Dukcapil...*\nPengurusan permohonan membuat akta kelahiran jika orang tua tidak memiliki surat nikah / akta kawin atau ibu masih di bawah umur bisa diterbitkan dengan persyaratan antara lain :  \n- Surat Kelahiran ASLI dr dokter/bidan/RS/penolong kelahiran\n- KK dan KTP-el ibu kandung\n- Surat Keterangan Anak Seorang Ibu \n- ktp-el 2 orang saksi (saksi berktp-el sby).\n\nPengurusan akta kelahiran bisa dilakukan secara online melalui situs kami https://dispendukcapil.Kabupaten Nganjuk.go.id/\n- Pilih menu LOGIN WARGA\n- Daftar akun \n- Verifikasi akun (Foto KTP-el/KK dan Selfie dengan KTP-el/KK)\n- Tunggu proses verifikasi (1x24 jam), apabila sudah diverifikasi maka dapat lanjut ke tahap berikutnya\nPilih menu Permohonan Akta Kelahiran\n- Isi data dengan benar dan lengkap \n- Jangan lupa upload berkas persyaratannya ya (untuk berkas persyaratannya bisa discan/difoto lalu dijadikan 1 file PDF)\n- Pd akhir permohonan, Pemohon akan mendapat e-kitir sebagai tanda bukti permohonan \n- Cek secara berkala melalui menu notifikasi (gambar lonceng) pd pojok kanan atas di akun milik Pemohon utk proses dari permohonan Pemohon.\n\n\n*Apakah Anda ingin mengajukan Permohonan melaui situs Disdukcapil Nganjuk?*\nJika YA ketik *YA* untuk mengajukan Permohonan.\nJika Tidak ketik *Tidak* Akhiri Percakapan.\nJika ingin kembali ke MENU UTAMA silakan ketik *Menu*', NULL),
	(149, 132, 'c. Akta Kelahiran untuk Anak Adopsi', '4.2b3c', 'c. Tata Cara Penerbitan Akta Kelahiran untuk Anak Adopsi\n\n*Halo Sobat Dukcapil...*\n*Syarat mengadopsi anak* adalah anak tersebut *harus memiliki akta kelahiran terlebih dahulu*, kemudian wajib memiliki penetapan pengadlan terkait hak adopsi. Setelah mendapatkan penetapan pengadilan, Dispendukcapil akan menerbitkan catatan pinggir terkait adopsi anak. Jika anak belum memiliki akta kelahiran, maka berdasarkan penetapan pengadilan anak tersebut akan dibuatkan akta kelahiran dengan nama ayah dan ibu kandung di dalam akta kelahiran, dan diberikan catatan pinggir bahwa anak tersebut diadopsi oleh orang tua yang baru.\n\n\n*Apakah Anda ingin mengajukan Permohonan melaui situs Disdukcapil Nganjuk?*\nJika YA ketik *YA* untuk mengajukan Permohonan.\nJika Tidak ketik *Tidak* Akhiri Percakapan.\nJika ingin kembali ke MENU UTAMA silakan ketik *Menu*', NULL),
	(150, 40, 'a. Tata cara dan Persyaratan KK', '4.10a', '*a. Tata cara dan persyaratan mengubah eleman biodata pada Kartu Keluarga*\n\n*Halo Sobat Dukcapil...*\nPengajuan bisa dilakukan dengan cara sebagai berikut :\n1. Pengajuan bisa dilakukan di Kelurahan/Kecamatan \n2. Pengajuan bisa dilakukan secara online melalui situs kami link:  https://dispendukcapil.Kabupaten Nganjuk.go.id/\n\nBerikut Persyaratan Pengajuan Kartu Keluarga:\n- Melampirkan kartu keluarga yang lama\n- Dokumen pendukung terkait (KTP, ijazah, buku nikah / akta nikah)\n\n\n*Apakah Anda ingin mengajukan Permohonan melaui situs Disdukcapil Nganjuk?*\nJika YA ketik *YA* untuk mengajukan Permohonan.\nJika Tidak ketik *Tidak* Akhiri Percakapan.\nJika ingin kembali ke MENU UTAMA silakan ketik *Menu*', NULL),
	(151, 40, 'b. Tata cara pemutakhiran Biodata KK', '4.10b', '*b. Tata cara pemutakhiran Biodata dan Pemutakhiran Biodata Keluarga*\n\n*Halo Sobat Dukcapil...*\nPengajuan dapat melalui situs kami:\nhttps://dispendukcapil.Kabupaten Nganjuk.go.id/\n\n1) Pilih menu LOGIN WARGA \n2) Daftar akun dulu di Disdukcapil Nganjuk\n3) Verifikasi akun dengan Foto KTP-el/KK dan Selfie dengan KTP-el/KK\n4) Tunggu verifikasi akun, apabila sudah di verifikasi oleh petugas kami. Tanda tangan virtual. Lalu lanjut ke  tahap selanjutnya\n5) Pilih Menu Pemutakhiran Biodata atau Pemutakhiran Biodata Keluarga (utk mengubah data anggota keluarga)\n6) Pilih data pemohon yang mau diubah, ikuti alurnya\n7) Perhatikan dokumen yg hrs di upload. Dokumen2 persyaratan discan lalu jadikan 1 file PDF, ukuran PDF tidak lebih dr 2mb, lanjutkan ke tahap berikutnya, dan ikuti alurnya\n8) Di akhir permohonan, pemohon akan mendapat ekitir sbg bukti bahwa pemohon sdh melakukan permohonan.\n9) Cek secara berkala melalui menu notifikasi (gambar lonceng) pd pojok kanan atas di akun milik Pemohon utk proses dari permohonan Pemohon\n\nNote: Sesuai aturan Permendagri no 109 thn 2019, dokumen kependudukan dicetak secara mandiri di kertas HVS A4 ukuran 80 gram.\nDokumen hasil permohonan akan diberikan dalam bentuk PDF yang dapat diunduh oleh Pemohon dan dicetak secara mandiri.\n\n\n*Apakah Anda ingin mengajukan Permohonan melaui situs Disdukcapil Nganjuk?*\nJika YA ketik *YA* untuk mengajukan Permohonan.\nJika Tidak ketik *Tidak* Akhiri Percakapan.\nJika ingin kembali ke MENU UTAMA silakan ketik *Menu*', NULL),
	(152, 40, 'c. Tata cara cetak KK yang rusak', '4.10c', '*c.Tata cara cetak Kartu Keluarga yang rusak*\n\n*Halo Sobat Dukcapil...*\nPengajuan dapat melalui situs kami:\nhttps://dispendukcapil.Kabupaten Nganjuk.go.id/\n\n1) Pilih menu LOGIN WARGA \n2) Daftar akun dulu di Disdukcapil Nganjuk\n3) Verifikasi akun dengan Foto KTP-el/Surat Kehilangan dari kepolisian dan Selfie dengan KTP-el/Surat Kehilangan dari kepolisian\n4) Tunggu verifikasi akun, apabila sudah di verifikasi oleh petugas kami. Tanda tangan virtual. Lalu lanjut ke tahap selanjutnya\n5) Pilih Menu CETAK KARTU KELUARGA\n6) Pilih alasan "hilang"\n7) Perhatikan dokumen2 persyaratan yg harus diunggah ya kak. Dokumen2 persyaratan discan lalu disimpan dgn format PDF (file maks. 2 mb), lanjutkan ke tahap berikutnya, dan ikuti alurnya\n8) Di akhir permohonan, pemohon akan mendapat ekitir sbg bukti bahwa pemohon sdh melakukan permohonan.\n9)Cek secara berkala melalui menu notifikasi (gambar lonceng) pd pojok kanan atas di akun milik Pemohon utk proses dari permohonan Pemohon\n\nNote: Sesuai aturan Permendagri no 109 thn 2019, dokumen kependudukan dicetak secara mandiri di kertas HVS A4 ukuran 80 gram.\nDokumen hasil permohonan akan diberikan dalam bentuk PDF yang dapat diunduh oleh Pemohon dan dicetak secara mandiri\n\n\n*Apakah Anda ingin mengajukan Permohonan melaui situs Disdukcapil Nganjuk?*\nJika YA ketik *YA* untuk mengajukan Permohonan.\nJika Tidak ketik *Tidak* Akhiri Percakapan.\nJika ingin kembali ke MENU UTAMA silakan ketik *Menu*', NULL),
	(153, 40, 'd. Tata cara cetak KK yang hilang', '4.10d', '*d. Tata cara cetak KK yang hilang*\n\n*Halo Sobat Dukcapil...*\nPengajuan dapat melalui situs kami :\nhttps://dispendukcapil.Kabupaten Nganjuk.go.id/\n\n1. Pilih menu LOGIN WARGA \n2. Daftar akun dulu di Disdukcapil Nganjuk\n3. Verifikasi akun dengan Foto KTP-el/Surat Kehilangan dari kepolisian dan Selfie dengan KTP-el/Surat Kehilangan dari kepolisian\n4. Tunggu verifikasi akun, apabila sudah di verifikasi oleh petugas kami. Tanda tangan virtual. Lalu lanjut ke tahap selanjutnya\n5. Pilih Menu CETAK KARTU KELUARGA\n6. Pilih alasan "hilang"\n7. Perhatikan dokumen2 persyaratan yg harus diunggah ya kak. Dokumen2 persyaratan discan lalu disimpan dgn format PDF (file maks. 2 mb), lanjutkan ke tahap berikutnya, dan ikuti alurnya\n8. Di akhir permohonan, pemohon akan mendapat ekitir sbg bukti bahwa pemohon sdh melakukan permohonan.\n9. Cek secara berkala melalui menu notifikasi (gambar lonceng) pd pojok kanan atas di akun milik Pemohon utk proses dari permohonan Pemohon\n\nNote : Sesuai aturan Permendagri no 109 thn 2019, dokumen kependudukan dicetak secara mandiri di kertas HVS A4 ukuran 80 gram.\nDokumen hasil permohonan akan diberikan dalam bentuk PDF yang dapat diunduh oleh Pemohon dan dicetak secara mandiri.\n\n*Apakah Anda ingin mengajukan Permohonan melaui situs Disdukcapil Nganjuk?*\nJika YA ketik *YA* untuk mengajukan Permohonan.\nJika Tidak ketik *Tidak* Akhiri Percakapan.\nJika ingin kembali ke MENU UTAMA silakan ketik *Menu*', NULL),
	(154, 40, 'e. Tata cara memperbaharui KK WNI yang lama', '4.10e', '*e. Tata cara memperbaharui KK WNI yang lama*\n\n*Halo Sobat Dukcapil...*\nKK yang lama (KK warna merah/KK warna pink/KK bahan karton/KK warna biru muda) dapat diperbaharui dengan cara mengajukan permohonan ke kelurahan/kecamatan melalui aplikasi  dengan melampirkan syarat dokumen sesuai ketentuan berlaku.\n\n*Apakah Anda ingin mengajukan Permohonan melaui situs Disdukcapil Nganjuk?*\nJika YA ketik *YA* untuk mengajukan Permohonan.\nJika Tidak ketik *Tidak* Akhiri Percakapan.\nJika ingin kembali ke MENU UTAMA silakan ketik *Menu*', NULL),
	(155, 40, 'f. Tata cara pecah Kartu Keluarga', '4.10f', '*f. Tata cara pecah Kartu Keluarga*\n\n*Halo Sobat Dukcapil...*\n\nPecah Kartu keluarga dapat dilakukan selama anak umurnya sudah lebih dari 17 Tahun dan atas seizin pemilik rumah, kecuali untuk KK yang beralamat di rusun yang dikelola oleh Pemerintah dan melampirkan dokumen pendukung seperti buku nikah,KTP,dll.\n\n\n\n*Apakah Anda ingin mengajukan Permohonan melaui situs Disdukcapil Nganjuk?*\nJika YA ketik *YA* untuk mengajukan Permohonan.\nJika Tidak ketik *Tidak* Akhiri Percakapan.\nJika ingin kembali ke MENU UTAMA silakan ketik *Menu*', NULL),
	(156, 40, 'g.Tata cara mengurus KK setelah pelaporan Akta Lahir Luar Negeri', '4.10g', '*g. Tata cara mengurus KK setelah pelaporan Akta Lahir Luar Negeri* \n\n*Halo Sobat Dukcapil...*\nPermohonan tambah jiwa setelah pelaporan kelahiran Luar Negeri melalui Kecamatan sesuai domisili KK. Temui petugas Dispendukcapil yg bertugas di Kecamatan. Bawa dokumen KK dan KTP-el, akta kelahiran LN, dan surat keterangan pelaporan kelahiran LN yg dari menu perubahan akta (e-capil).\n\n\n*Apakah Anda ingin mengajukan Permohonan melaui situs Disdukcapil Nganjuk?*\nJika YA ketik *YA* untuk mengajukan Permohonan.\nJika Tidak ketik *Tidak* Akhiri Percakapan.\nJika ingin kembali ke MENU UTAMA silakan ketik *Menu*', NULL);

CREATE TABLE IF NOT EXISTS `setting` (
  `id` int NOT NULL AUTO_INCREMENT,
  `key` varchar(50) CHARACTER SET utf8 COLLATE utf8_unicode_ci DEFAULT NULL,
  `value` longtext CHARACTER SET utf8 COLLATE utf8_unicode_ci,
  PRIMARY KEY (`id`) USING BTREE
) ENGINE=InnoDB AUTO_INCREMENT=13 DEFAULT CHARSET=utf8 COLLATE=utf8_unicode_ci ROW_FORMAT=DYNAMIC;

INSERT INTO `setting` (`id`, `key`, `value`) VALUES
	(1, 'default_message', '*Selamat Datang di Pelayanan Administrasi Kependudukan (Dispendukcapil) Kabupaten Nganjuk.*\n\nJam Operasional Layanan Dispendukcapil Kabupaten Nganjuk:\n*hari Senin - Kamis (07.30-16.00),* \n*hari Jumat (07.30-15.00), dan*\n*hari Sabtu (08.00-13.00).*\n\nNote: Hari Libur Nasional/tanggal merah _*Libur*_'),
	(2, 'qr_code', '2@Y9dJyIB4wn9mvOmSs8k0GZ6pUG6B1Yh0Y96wCHPcoYkBgKsRRPmunvRTofGS1VNyrydFbeZ7nWS8sA==,qXtRNNfaoBHOP1Le3YNbpLmWoEVORCapzuq0dmuFZAc=,YhvXeP2WEB0ixT7sRpGtnxC1ViZ2a3DwDDMOP7+uDx4=,HANVre62k7uAvPaoTzDCSD6a+JMYwJe9lUaqCOuaY7M='),
	(3, 'status_connection_app', 'false'),
	(4, 'default_message_user_exist', 'Selamat datang kembali [nama].'),
	(5, 'generate_token_quest', '1'),
	(6, 'status_app', 'disconnect'),
	(7, 'pid_app', ''),
	(8, 'phone_number', '6281221600100'),
	(9, 'qr_listchatbot_code', '2@16lpDi53eDysSM+JEXrsuRnweyx1EDz0bDEe4zCtcitJwZpsYXMNpmVb7WT2kgP9Xt3z8jOXBb0KPQ==,7f6Y2ztxbMAOPS7k8om8DXBkRNGHYQ0v9lmsUSJYLng=,FRT2SdKc0FbcS7euc8icGD2Lfasu+BybxUh8qmPiND0=,/KrD/2/13GpWfv1P4RG8iZKQkwPEgHHA8a9uQXscd9U='),
	(10, 'status_connection_lustchatbot_app', 'true'),
	(11, 'template_text', 'Saya ingin bertanya'),
	(12, 'operator_key', 'Live Chat');

CREATE TABLE IF NOT EXISTS `userlevelpermissions` (
  `userlevelid` int NOT NULL,
  `tablename` varchar(255) CHARACTER SET utf8 COLLATE utf8_unicode_ci NOT NULL,
  `permission` int NOT NULL,
  PRIMARY KEY (`userlevelid`,`tablename`) USING BTREE
) ENGINE=InnoDB DEFAULT CHARSET=utf8 COLLATE=utf8_unicode_ci ROW_FORMAT=DYNAMIC;

INSERT INTO `userlevelpermissions` (`userlevelid`, `tablename`, `permission`) VALUES
	(-2, '{11A19D5D-FC84-4A0A-BEBD-97472F31DBAB}broadcast', 0),
	(-2, '{11A19D5D-FC84-4A0A-BEBD-97472F31DBAB}broadcast_tujuan', 0),
	(-2, '{11A19D5D-FC84-4A0A-BEBD-97472F31DBAB}Dashboard', 0),
	(-2, '{11A19D5D-FC84-4A0A-BEBD-97472F31DBAB}form_pengaduan.php', 495),
	(-2, '{11A19D5D-FC84-4A0A-BEBD-97472F31DBAB}jalan', 0),
	(-2, '{11A19D5D-FC84-4A0A-BEBD-97472F31DBAB}kordinat_jalan', 0),
	(-2, '{11A19D5D-FC84-4A0A-BEBD-97472F31DBAB}log_user_chat', 0),
	(-2, '{11A19D5D-FC84-4A0A-BEBD-97472F31DBAB}pelapor', 0),
	(-2, '{11A19D5D-FC84-4A0A-BEBD-97472F31DBAB}pengaduan', 0),
	(-2, '{11A19D5D-FC84-4A0A-BEBD-97472F31DBAB}pengguna', 0),
	(-2, '{11A19D5D-FC84-4A0A-BEBD-97472F31DBAB}pertanyaan', 0),
	(-2, '{11A19D5D-FC84-4A0A-BEBD-97472F31DBAB}Report Log User Chat', 0),
	(-2, '{11A19D5D-FC84-4A0A-BEBD-97472F31DBAB}setting', 0),
	(-2, '{11A19D5D-FC84-4A0A-BEBD-97472F31DBAB}setting_aplikasi.php', 0),
	(-2, '{11A19D5D-FC84-4A0A-BEBD-97472F31DBAB}upt', 0),
	(0, '{11A19D5D-FC84-4A0A-BEBD-97472F31DBAB}broadcast', 0),
	(0, '{11A19D5D-FC84-4A0A-BEBD-97472F31DBAB}broadcast_tujuan', 0),
	(0, '{11A19D5D-FC84-4A0A-BEBD-97472F31DBAB}Dashboard', 0),
	(0, '{11A19D5D-FC84-4A0A-BEBD-97472F31DBAB}form_pengaduan.php', 0),
	(0, '{11A19D5D-FC84-4A0A-BEBD-97472F31DBAB}jalan', 0),
	(0, '{11A19D5D-FC84-4A0A-BEBD-97472F31DBAB}kordinat_jalan', 0),
	(0, '{11A19D5D-FC84-4A0A-BEBD-97472F31DBAB}log_user_chat', 0),
	(0, '{11A19D5D-FC84-4A0A-BEBD-97472F31DBAB}pelapor', 0),
	(0, '{11A19D5D-FC84-4A0A-BEBD-97472F31DBAB}pengaduan', 0),
	(0, '{11A19D5D-FC84-4A0A-BEBD-97472F31DBAB}pengguna', 0),
	(0, '{11A19D5D-FC84-4A0A-BEBD-97472F31DBAB}pertanyaan', 0),
	(0, '{11A19D5D-FC84-4A0A-BEBD-97472F31DBAB}Report Log User Chat', 0),
	(0, '{11A19D5D-FC84-4A0A-BEBD-97472F31DBAB}setting', 0),
	(0, '{11A19D5D-FC84-4A0A-BEBD-97472F31DBAB}setting_aplikasi.php', 0),
	(0, '{11A19D5D-FC84-4A0A-BEBD-97472F31DBAB}upt', 0),
	(1, '{11A19D5D-FC84-4A0A-BEBD-97472F31DBAB}broadcast', 367),
	(1, '{11A19D5D-FC84-4A0A-BEBD-97472F31DBAB}broadcast_tujuan', 367),
	(1, '{11A19D5D-FC84-4A0A-BEBD-97472F31DBAB}Dashboard', 367),
	(1, '{11A19D5D-FC84-4A0A-BEBD-97472F31DBAB}form_pengaduan.php', 367),
	(1, '{11A19D5D-FC84-4A0A-BEBD-97472F31DBAB}jalan', 367),
	(1, '{11A19D5D-FC84-4A0A-BEBD-97472F31DBAB}kordinat_jalan', 367),
	(1, '{11A19D5D-FC84-4A0A-BEBD-97472F31DBAB}log_user_chat', 367),
	(1, '{11A19D5D-FC84-4A0A-BEBD-97472F31DBAB}pelapor', 367),
	(1, '{11A19D5D-FC84-4A0A-BEBD-97472F31DBAB}pengaduan', 367),
	(1, '{11A19D5D-FC84-4A0A-BEBD-97472F31DBAB}pengguna', 367),
	(1, '{11A19D5D-FC84-4A0A-BEBD-97472F31DBAB}pertanyaan', 367),
	(1, '{11A19D5D-FC84-4A0A-BEBD-97472F31DBAB}Report Log User Chat', 367),
	(1, '{11A19D5D-FC84-4A0A-BEBD-97472F31DBAB}setting', 367),
	(1, '{11A19D5D-FC84-4A0A-BEBD-97472F31DBAB}setting_aplikasi.php', 367),
	(1, '{11A19D5D-FC84-4A0A-BEBD-97472F31DBAB}upt', 367),
	(2, '{11A19D5D-FC84-4A0A-BEBD-97472F31DBAB}broadcast', 367),
	(2, '{11A19D5D-FC84-4A0A-BEBD-97472F31DBAB}broadcast_tujuan', 367),
	(2, '{11A19D5D-FC84-4A0A-BEBD-97472F31DBAB}Dashboard', 367),
	(2, '{11A19D5D-FC84-4A0A-BEBD-97472F31DBAB}form_pengaduan.php', 367),
	(2, '{11A19D5D-FC84-4A0A-BEBD-97472F31DBAB}jalan', 367),
	(2, '{11A19D5D-FC84-4A0A-BEBD-97472F31DBAB}kordinat_jalan', 367),
	(2, '{11A19D5D-FC84-4A0A-BEBD-97472F31DBAB}log_user_chat', 367),
	(2, '{11A19D5D-FC84-4A0A-BEBD-97472F31DBAB}pelapor', 367),
	(2, '{11A19D5D-FC84-4A0A-BEBD-97472F31DBAB}pengaduan', 367),
	(2, '{11A19D5D-FC84-4A0A-BEBD-97472F31DBAB}pengguna', 367),
	(2, '{11A19D5D-FC84-4A0A-BEBD-97472F31DBAB}pertanyaan', 367),
	(2, '{11A19D5D-FC84-4A0A-BEBD-97472F31DBAB}Report Log User Chat', 367),
	(2, '{11A19D5D-FC84-4A0A-BEBD-97472F31DBAB}setting', 367),
	(2, '{11A19D5D-FC84-4A0A-BEBD-97472F31DBAB}setting_aplikasi.php', 367),
	(2, '{11A19D5D-FC84-4A0A-BEBD-97472F31DBAB}upt', 367);

CREATE TABLE IF NOT EXISTS `userlevels` (
  `userlevelid` int NOT NULL,
  `userlevelname` varchar(255) CHARACTER SET utf8 COLLATE utf8_unicode_ci NOT NULL,
  PRIMARY KEY (`userlevelid`) USING BTREE
) ENGINE=InnoDB DEFAULT CHARSET=utf8 COLLATE=utf8_unicode_ci ROW_FORMAT=DYNAMIC;

INSERT INTO `userlevels` (`userlevelid`, `userlevelname`) VALUES
	(-2, 'Anonymous'),
	(-1, 'Administrator'),
	(0, 'Default'),
	(1, 'admin'),
	(2, 'operator');

/*!40103 SET TIME_ZONE=IFNULL(@OLD_TIME_ZONE, 'system') */;
/*!40101 SET SQL_MODE=IFNULL(@OLD_SQL_MODE, '') */;
/*!40014 SET FOREIGN_KEY_CHECKS=IFNULL(@OLD_FOREIGN_KEY_CHECKS, 1) */;
/*!40101 SET CHARACTER_SET_CLIENT=@OLD_CHARACTER_SET_CLIENT */;
/*!40111 SET SQL_NOTES=IFNULL(@OLD_SQL_NOTES, 1) */;
