-- MySQL dump 10.13  Distrib 8.0.23, for Linux (x86_64)
--
-- Host: localhost    Database: disdukcapil-chatbot
-- ------------------------------------------------------
-- Server version	8.0.23

/*!40101 SET @OLD_CHARACTER_SET_CLIENT=@@CHARACTER_SET_CLIENT */;
/*!40101 SET @OLD_CHARACTER_SET_RESULTS=@@CHARACTER_SET_RESULTS */;
/*!40101 SET @OLD_COLLATION_CONNECTION=@@COLLATION_CONNECTION */;
/*!50503 SET NAMES UTF8 */;
/*!40103 SET @OLD_TIME_ZONE=@@TIME_ZONE */;
/*!40103 SET TIME_ZONE='+00:00' */;
/*!40014 SET @OLD_UNIQUE_CHECKS=@@UNIQUE_CHECKS, UNIQUE_CHECKS=0 */;
/*!40014 SET @OLD_FOREIGN_KEY_CHECKS=@@FOREIGN_KEY_CHECKS, FOREIGN_KEY_CHECKS=0 */;
/*!40101 SET @OLD_SQL_MODE=@@SQL_MODE, SQL_MODE='NO_AUTO_VALUE_ON_ZERO' */;
/*!40111 SET @OLD_SQL_NOTES=@@SQL_NOTES, SQL_NOTES=0 */;

--
-- Table structure for table `broadcast`
--

DROP TABLE IF EXISTS `broadcast`;
/*!40101 SET @saved_cs_client     = @@character_set_client */;
/*!50503 SET character_set_client = utf8mb4 */;
CREATE TABLE `broadcast` (
  `id` int NOT NULL AUTO_INCREMENT,
  `start_date` datetime DEFAULT NULL,
  `text` longtext CHARACTER SET utf8 COLLATE utf8_unicode_ci,
  `file` longtext CHARACTER SET utf8 COLLATE utf8_unicode_ci,
  `status` varchar(50) CHARACTER SET utf8 COLLATE utf8_unicode_ci DEFAULT '-',
  PRIMARY KEY (`id`) USING BTREE
) ENGINE=InnoDB AUTO_INCREMENT=3 DEFAULT CHARSET=utf8 COLLATE=utf8_unicode_ci ROW_FORMAT=DYNAMIC;
/*!40101 SET character_set_client = @saved_cs_client */;

--
-- Dumping data for table `broadcast`
--

LOCK TABLES `broadcast` WRITE;
/*!40000 ALTER TABLE `broadcast` DISABLE KEYS */;
INSERT INTO `broadcast` VALUES (2,'2022-03-29 17:40:00','Hallo [Nama]','jasa(1).jpg','OK');
/*!40000 ALTER TABLE `broadcast` ENABLE KEYS */;
UNLOCK TABLES;

--
-- Table structure for table `broadcast_tujuan`
--

DROP TABLE IF EXISTS `broadcast_tujuan`;
/*!40101 SET @saved_cs_client     = @@character_set_client */;
/*!50503 SET character_set_client = utf8mb4 */;
CREATE TABLE `broadcast_tujuan` (
  `id` int NOT NULL AUTO_INCREMENT,
  `pelapor_id` int DEFAULT NULL,
  `broadcast_id` int DEFAULT NULL,
  PRIMARY KEY (`id`) USING BTREE
) ENGINE=InnoDB AUTO_INCREMENT=2 DEFAULT CHARSET=utf8 COLLATE=utf8_unicode_ci ROW_FORMAT=DYNAMIC;
/*!40101 SET character_set_client = @saved_cs_client */;

--
-- Dumping data for table `broadcast_tujuan`
--

LOCK TABLES `broadcast_tujuan` WRITE;
/*!40000 ALTER TABLE `broadcast_tujuan` DISABLE KEYS */;
INSERT INTO `broadcast_tujuan` VALUES (1,1,2);
/*!40000 ALTER TABLE `broadcast_tujuan` ENABLE KEYS */;
UNLOCK TABLES;

--
-- Table structure for table `jalan`
--

DROP TABLE IF EXISTS `jalan`;
/*!40101 SET @saved_cs_client     = @@character_set_client */;
/*!50503 SET character_set_client = utf8mb4 */;
CREATE TABLE `jalan` (
  `id` int NOT NULL AUTO_INCREMENT,
  `upt_id` int DEFAULT NULL,
  `nama` varchar(50) CHARACTER SET utf8 COLLATE utf8_unicode_ci DEFAULT NULL,
  `file` varchar(50) CHARACTER SET utf8 COLLATE utf8_unicode_ci DEFAULT NULL,
  `lat` varchar(50) CHARACTER SET utf8 COLLATE utf8_unicode_ci DEFAULT NULL,
  `long` varchar(50) CHARACTER SET utf8 COLLATE utf8_unicode_ci DEFAULT NULL,
  PRIMARY KEY (`id`) USING BTREE
) ENGINE=InnoDB AUTO_INCREMENT=5 DEFAULT CHARSET=utf8 COLLATE=utf8_unicode_ci ROW_FORMAT=DYNAMIC;
/*!40101 SET character_set_client = @saved_cs_client */;

--
-- Dumping data for table `jalan`
--

LOCK TABLES `jalan` WRITE;
/*!40000 ALTER TABLE `jalan` DISABLE KEYS */;
INSERT INTO `jalan` VALUES (1,1,'Jalan Joyoboyo',NULL,'Bojonegoro',NULL),(2,2,'Jalan Gresik',NULL,NULL,NULL),(3,1,'Jalan Kabupaten Nganjuk 1',NULL,NULL,NULL),(4,5,'jalan Gayungsari','QR code APK.png',NULL,NULL);
/*!40000 ALTER TABLE `jalan` ENABLE KEYS */;
UNLOCK TABLES;

--
-- Table structure for table `kordinat_jalan`
--

DROP TABLE IF EXISTS `kordinat_jalan`;
/*!40101 SET @saved_cs_client     = @@character_set_client */;
/*!50503 SET character_set_client = utf8mb4 */;
CREATE TABLE `kordinat_jalan` (
  `id` int NOT NULL AUTO_INCREMENT,
  `jalan_id` int DEFAULT NULL,
  `lat` longtext CHARACTER SET utf8 COLLATE utf8_unicode_ci,
  `long` longtext CHARACTER SET utf8 COLLATE utf8_unicode_ci,
  PRIMARY KEY (`id`) USING BTREE
) ENGINE=InnoDB AUTO_INCREMENT=70 DEFAULT CHARSET=utf8 COLLATE=utf8_unicode_ci ROW_FORMAT=DYNAMIC;
/*!40101 SET character_set_client = @saved_cs_client */;

--
-- Dumping data for table `kordinat_jalan`
--

LOCK TABLES `kordinat_jalan` WRITE;
/*!40000 ALTER TABLE `kordinat_jalan` DISABLE KEYS */;
INSERT INTO `kordinat_jalan` VALUES (56,2,'-7.339278042950754','112.80070961550348'),(57,2,'-7.3556222198695105','112.7691239221441'),(58,2,'-7.371965794950531','112.80242622927301'),(59,1,'-7.209300194738941','112.65201874746094'),(60,1,'-7.363909901243551','112.5998336888672'),(61,1,'-7.402724179890193','112.79552765859376'),(62,1,'-7.246084423246316','112.80170746816407'),(63,4,'-7.329876412833245','112.72964669515464'),(64,4,'-7.3289399897198715','112.7202911501107'),(65,4,'-7.32817382389024','112.72020531942222'),(66,4,'-7.329195378036925','112.72964669515464'),(67,3,'-7.323261921090158','112.73527451528321'),(68,3,'-7.363271480046928','112.74351426137696'),(69,3,'-7.3365420886727115','112.79260941518555');
/*!40000 ALTER TABLE `kordinat_jalan` ENABLE KEYS */;
UNLOCK TABLES;

--
-- Table structure for table `log_user_chat`
--

DROP TABLE IF EXISTS `log_user_chat`;
/*!40101 SET @saved_cs_client     = @@character_set_client */;
/*!50503 SET character_set_client = utf8mb4 */;
CREATE TABLE `log_user_chat` (
  `id` int NOT NULL AUTO_INCREMENT,
  `pelapor_id` int DEFAULT NULL,
  `pesan` text CHARACTER SET utf8 COLLATE utf8_unicode_ci,
  `tanggal` datetime DEFAULT CURRENT_TIMESTAMP,
  `code` varchar(50) CHARACTER SET utf8 COLLATE utf8_unicode_ci DEFAULT NULL,
  PRIMARY KEY (`id`) USING BTREE
) ENGINE=InnoDB AUTO_INCREMENT=2729 DEFAULT CHARSET=utf8 COLLATE=utf8_unicode_ci ROW_FORMAT=DYNAMIC;
/*!40101 SET character_set_client = @saved_cs_client */;

--
-- Dumping data for table `log_user_chat`
--

LOCK TABLES `log_user_chat` WRITE;
/*!40000 ALTER TABLE `log_user_chat` DISABLE KEYS */;
INSERT INTO `log_user_chat` VALUES (2,1,'hallo','2022-03-29 19:40:16',NULL),(3,1,'hallo','2022-03-29 19:40:53',NULL),(4,1,'hello','2022-03-29 19:41:23',NULL),(5,1,'hello','2022-03-29 19:42:02',NULL),(6,1,'hello','2022-03-29 19:42:47',NULL),(7,1,'hello','2022-03-29 19:45:42',NULL),(8,1,'1','2022-03-29 19:46:25',NULL),(9,1,'1','2022-03-29 19:47:39',NULL),(10,1,'1','2022-03-29 19:48:38',NULL),(11,1,'hallo','2022-03-30 13:07:18',NULL),(12,1,'hallo','2022-03-30 14:33:24',NULL),(13,1,'hallo','2022-03-30 17:45:08',NULL),(14,1,'Test','2022-04-01 19:19:27',NULL),(15,1,'1','2022-04-01 19:21:28',NULL),(16,1,'2','2022-04-01 19:21:47',NULL),(17,1,'3','2022-04-01 19:22:14',NULL),(18,1,'Hallo','0000-00-00 00:00:00',NULL),(19,1,'hallo','0000-00-00 00:00:00',NULL),(20,1,'hello','0000-00-00 00:00:00',NULL),(21,1,'hello','0000-00-00 00:00:00',NULL),(22,1,'hello','2022-04-19 23:21:45',NULL),(23,1,'hello','0000-00-00 00:00:00',NULL),(24,1,'hello','2022-04-19 23:24:18',NULL),(25,1,'1','2022-04-19 23:24:30',NULL),(26,1,'2','2022-04-19 23:26:26',NULL),(27,1,'3','2022-04-19 23:26:44',NULL),(28,1,'hello','2022-04-19 23:27:40',NULL),(29,1,'hallo','2022-04-19 23:44:19',NULL),(30,1,'hello','2022-04-19 23:47:25',NULL),(31,1,'hallo','2022-04-19 23:48:09',NULL),(32,1,'hello','2022-04-19 23:48:20',NULL),(33,1,'hello','2022-04-19 23:59:52',NULL),(34,1,'1','2022-04-19 23:59:58',NULL),(35,1,'hello','2022-04-20 00:04:59',NULL),(36,1,'1','2022-04-20 00:05:24',NULL),(37,1,'2','2022-04-20 00:05:27',NULL),(38,1,'3','2022-04-20 00:05:32',NULL),(39,1,'1.1','2022-04-20 09:12:28',NULL),(40,1,'1.1.1','2022-04-20 09:12:35',NULL),(41,1,'1.1','2022-04-20 09:16:28',NULL),(42,1,'1.1','2022-04-20 09:16:46',NULL),(43,1,'as','2022-04-20 09:20:01',NULL),(44,1,'1.1','2022-04-20 09:20:06',NULL),(45,1,'1.1','2022-04-20 09:23:29',NULL),(46,1,'1','2022-04-20 09:23:59',NULL),(47,1,'a','2022-04-20 09:26:53',NULL),(48,1,'1','2022-04-20 09:26:56',NULL),(49,1,'hello','2022-04-20 03:23:24',NULL),(50,1,'hello','2022-04-20 03:23:28',NULL),(51,1,'hai','2022-04-20 03:23:33',NULL),(52,1,'hello','2022-04-20 03:25:06',NULL),(53,5,'Tes','2022-04-22 02:10:08',NULL),(54,1,'1','2022-04-22 02:20:33',NULL),(55,6,'?','2022-04-22 02:21:56',NULL),(56,1,'1','2022-04-22 02:25:30',NULL),(57,7,'Hai','2022-04-22 06:21:38',NULL),(58,5,'Siap','2022-04-22 06:27:55',NULL),(59,8,'Alhamdulillah sampai hari ini INFAQ IKARHOLAZ sudah terkumpul 78% dari target yang dibutuhkan. \n\nMasih tersedia 22% ruang untuk ber-INFAQ sebelum ditutup tanggal 23 April 2022 Pukul 11.59 WIB. \n\nSalurkan Infaq Anda melalui:\n\n• Link berikut ini https://bit.ly/infaq12\n\n• Bank Mandiri 1420064121212 a.n. Ikatan Alumni SMPN12 Kabupaten Nganjuk (IKARHOLAZ)\n\n• Langsung SCAN QRIS yang terlampir di flyer. \n\nJangan Lupa Tambahkan  2 Digit KODE UNIK -10 di akhir nominal. Misal Transfer Rp 1.000.010,-\n\n\nKonfirmasi transfer ke wa.me/6283806611212\n\nMari berbagi untuk kebahagiaan sesama. \n\nBerapapun INFAQnya akan sangat bermanfaat bagi mereka. Semoga kita selalu diberikan kemudahan di setiap urusan. \n\nAamiin.\n??????','2022-04-22 06:58:08',NULL),(60,5,'sore','2022-04-22 07:18:22',NULL),(61,5,'assalamualaikum','2022-04-22 07:21:38',NULL),(62,5,'1','2022-04-22 07:21:55',NULL),(63,5,'1','2022-04-22 08:03:59',NULL),(64,5,'','2022-04-27 17:52:21',NULL),(65,5,'','2022-04-27 17:52:21',NULL),(66,10,'Hallo, mau bertanya','2022-05-09 08:28:32',NULL),(67,1,'hallo','2022-05-10 09:02:52',NULL),(68,1,'hallo','2022-05-10 09:05:43',NULL),(69,1,'2','2022-05-10 09:05:50',NULL),(70,1,'21','2022-05-10 09:05:57',NULL),(71,5,'Pagi','2022-05-10 23:05:14',NULL),(72,5,'1','2022-05-10 23:05:28',NULL),(73,5,'1.1','2022-05-10 23:05:53',NULL),(74,11,'Haloo','2022-05-10 23:19:04',NULL),(75,5,'BEGIN:VCARD\nVERSION:3.0\nN:PVG;Anam;;;\nFN:Anam PVG\nTEL;type=CELL;waid=6283108763291:+62 831-0876-3291\nEND:VCARD','2022-05-13 05:22:38',NULL),(76,5,'BEGIN:VCARD\nVERSION:3.0\nN:;Awair;;;\nFN:Awair\nTEL;type=CELL;waid=6289677424611:+62 896-7742-4611\nEND:VCARD','2022-05-13 05:24:04',NULL),(77,5,'BEGIN:VCARD\nVERSION:3.0\nN:1;Tricahyono;;;\nFN:Tricahyono 1\nTEL;type=CELL;waid=628980156871:+62 898-0156-871\nEND:VCARD','2022-05-13 05:24:31',NULL),(78,12,'','2022-05-13 05:55:47',NULL),(79,5,'','2022-05-13 08:02:17',NULL),(80,5,'','2022-05-13 08:03:13',NULL),(81,5,'wis WA karo Anam','2022-05-13 08:04:07',NULL),(82,13,'','2022-05-13 10:25:21',NULL),(83,5,'jam 19','2022-05-13 10:28:05',NULL),(84,5,'iya, nanti aku tak makan dulu ke cak Rudy','2022-05-13 10:28:41',NULL),(85,5,'sdh selesai di hepi meal nya ?','2022-05-13 10:28:55',NULL),(86,5,'Wis','2022-05-13 12:16:30',NULL),(87,5,'','2022-05-13 12:16:54',NULL),(88,5,'Nuntun','2022-05-13 16:25:56',NULL),(89,14,'','2022-05-14 01:45:23',NULL),(90,5,'Hallo','2022-05-17 18:07:26',NULL),(91,1,'hallo','2022-05-18 04:45:12',NULL),(92,1,'hallo','2022-05-18 05:21:18',NULL),(93,1,'3','2022-05-18 05:21:21',NULL),(94,1,'hallo','2022-05-18 05:24:19',NULL),(95,1,'hallo','2022-05-18 05:27:10',NULL),(96,1,'hallo','2022-05-18 05:28:08',NULL),(97,1,'hallo','2022-05-18 05:34:47',NULL),(98,1,'hallo','2022-05-19 15:01:41',NULL),(99,1,'hallo','2022-05-19 15:03:58',NULL),(100,1,'2','2022-05-20 07:17:47',NULL),(101,1,'4','2022-05-20 07:17:51',NULL),(102,1,'hallo','2022-05-20 07:21:19',NULL),(103,1,'1','2022-05-20 07:21:21',NULL),(104,1,'2','2022-05-20 07:21:23',NULL),(105,1,'3','2022-05-20 07:21:26',NULL),(106,1,'hallo','2022-05-20 07:31:13',NULL),(107,1,'1','2022-05-20 07:31:17',NULL),(108,1,'2','2022-05-20 07:31:19',NULL),(109,1,'hallo','2022-05-20 07:35:06',NULL),(110,1,'1','2022-05-20 07:35:08',NULL),(111,1,'2','2022-05-20 07:35:11',NULL),(112,1,'hallo','2022-05-20 07:35:37',NULL),(113,1,'1','2022-05-20 07:35:38',NULL),(114,1,'2','2022-05-20 07:35:41',NULL),(115,1,'1.1','2022-05-20 07:36:29',NULL),(116,1,'hallo','2022-05-21 00:58:14',NULL),(117,5,'Siang','2022-05-21 09:38:34',NULL),(118,1,'Hallo','2022-05-23 15:39:10',NULL),(119,1,'hallo','2022-05-23 15:40:20',NULL),(120,1,'Hallo','2022-05-23 15:45:10',NULL),(121,1,'Haallo','2022-05-24 23:48:12',NULL),(122,1,'Hallo','2022-05-24 23:49:14',NULL),(123,1,'1','2022-05-24 23:49:31',NULL),(124,1,'1','2022-05-24 23:50:15',NULL),(125,1,'1.1','2022-05-24 23:50:27',NULL),(126,1,'1.1.a','2022-05-24 23:50:54',NULL),(127,1,'1.2','2022-05-24 23:51:14',NULL),(128,1,'1','2022-05-24 23:51:49',NULL),(129,1,'1.3','2022-05-24 23:51:57',NULL),(130,1,'1.3.a','2022-05-24 23:52:13',NULL),(131,5,'Selamat pagi','2022-05-25 09:29:08',NULL),(132,5,'1','2022-05-25 09:29:21',NULL),(133,5,'1.1','2022-05-25 09:29:43',NULL),(134,5,'1.1.a','2022-05-25 09:29:55',NULL),(135,26,'','2022-05-25 19:13:21',NULL),(136,26,'Saya Ingin Bertanya','2022-05-25 19:13:22',NULL),(137,26,'hallo','2022-05-25 19:24:13',NULL),(138,26,'Saya Ingin Bertanya','2022-05-26 15:49:36',NULL),(139,26,'Saya Ingin Bertanya','2022-05-26 15:50:43',NULL),(140,26,'saya','2022-05-26 15:53:23',NULL),(141,26,'saya','2022-05-26 15:54:24',NULL),(142,30,'Saya Ingin Bertanya - NAMA-DANI CAHYA SURYANDA!NIK-3571012908950001','2022-05-26 17:46:55',NULL),(143,16,'Saya Ingin Bertanya - NAMA-Mariati!NIK-3578234507730002','2022-05-27 09:40:23',NULL),(144,30,'','2022-05-27 09:56:40',NULL),(145,30,'Saya Ingin Bertanya - NAMA-DANI CAHYA SURYANDA!NIK-3578193103020001','2022-05-27 09:56:42',NULL),(146,20,'','2022-05-27 09:57:22',NULL),(147,20,'Saya Ingin Bertanya - NAMA-Bayu Al!NIK-3578041504950005','2022-05-27 09:57:25',NULL),(148,34,'Saya Ingin Bertanya - NAMA-Bernathan Adiyatma!NIK--','2022-05-27 10:05:03',NULL),(149,22,'Saya Ingin Bertanya - NAMA-Nabil!NIK--','2022-05-27 10:05:10',NULL),(150,34,'1','2022-05-27 10:05:13',NULL),(151,22,'2','2022-05-27 10:05:16',NULL),(152,34,'A','2022-05-27 10:05:23',NULL),(153,22,'1','2022-05-27 10:05:24',NULL),(154,34,'1.a','2022-05-27 10:05:39',NULL),(155,34,'test','2022-05-27 10:05:48',NULL),(156,34,'back','2022-05-27 10:06:07',NULL),(157,20,'Saya Ingin Bertanya - NAMA-l!NIK-','2022-05-27 10:06:25',NULL),(158,30,'1','2022-05-27 10:12:08',NULL),(159,22,'Saya Ingin Bertanya - NAMA-Nabil!NIK-0','2022-05-27 10:18:44',NULL),(160,22,'1','2022-05-27 10:36:53',NULL),(161,22,'Menu','2022-05-27 10:37:11',NULL),(162,22,'1','2022-05-27 10:37:24',NULL),(163,22,'G','2022-05-27 10:37:39',NULL),(164,22,'Menu','2022-05-27 10:42:10',NULL),(165,22,'1','2022-05-27 10:44:17',NULL),(166,22,'G','2022-05-27 10:44:22',NULL),(167,16,'Test','2022-05-27 10:52:36',NULL),(168,22,'Menu','2022-05-27 11:08:03',NULL),(169,34,'selesai','2022-05-27 11:08:08',NULL),(170,34,'p','2022-05-27 11:08:17',NULL),(171,22,'1','2022-05-27 11:10:45',NULL),(172,34,'t','2022-05-27 11:10:46',NULL),(173,34,'1','2022-05-27 11:10:49',NULL),(174,34,'selesai','2022-05-27 11:11:09',NULL),(175,22,'A','2022-05-27 11:11:27',NULL),(176,34,'A','2022-05-27 11:11:28',NULL),(177,34,'p','2022-05-27 11:13:46',NULL),(178,34,'info','2022-05-27 11:13:54',NULL),(179,34,'1','2022-05-27 11:15:45',NULL),(180,22,'1','2022-05-27 11:15:46',NULL),(181,34,'a','2022-05-27 11:15:47',NULL),(182,22,'A','2022-05-27 11:15:51',NULL),(183,34,'Selesai','2022-05-27 11:15:57',NULL),(184,34,'1.a','2022-05-27 11:16:10',NULL),(185,22,'1','2022-05-27 11:16:27',NULL),(186,34,'A','2022-05-27 11:16:29',NULL),(187,22,'A','2022-05-27 11:16:30',NULL),(188,34,'Selesai','2022-05-27 11:16:33',NULL),(189,22,'Selesai','2022-05-27 11:16:36',NULL),(190,34,'A','2022-05-27 11:17:11',NULL),(191,22,'A','2022-05-27 11:17:12',NULL),(192,34,'Selesai','2022-05-27 11:17:16',NULL),(193,22,'Selesai','2022-05-27 11:17:16',NULL),(194,34,'Q','2022-05-27 11:17:46',NULL),(195,34,'A','2022-05-27 11:17:57',NULL),(196,22,'A','2022-05-27 11:17:59',NULL),(197,34,'Q','2022-05-27 11:18:04',NULL),(198,22,'Selesai','2022-05-27 11:25:02',NULL),(199,22,'Q','2022-05-27 11:25:06',NULL),(200,30,'Hallo','2022-05-27 11:41:08',NULL),(201,22,'A','2022-05-27 13:48:27',NULL),(202,22,'B','2022-05-27 13:50:11',NULL),(203,34,'A','2022-05-27 13:52:31',NULL),(204,22,'1.b','2022-05-27 13:53:46',NULL),(205,22,'2b','2022-05-27 13:54:36',NULL),(206,22,'2.b','2022-05-27 13:54:42',NULL),(207,34,'Selesai','2022-05-27 13:58:51',NULL),(208,34,'Q','2022-05-27 14:00:35',NULL),(209,34,'A','2022-05-27 14:00:42',NULL),(210,34,'A','2022-05-27 14:01:21',NULL),(211,34,'A','2022-05-27 14:05:28',NULL),(212,34,'1.A','2022-05-27 14:05:41',NULL),(213,34,'A','2022-05-27 14:05:54',NULL),(214,34,'A','2022-05-27 14:07:02',NULL),(215,34,'1.a','2022-05-27 14:07:10',NULL),(216,34,'A','2022-05-27 14:08:09',NULL),(217,34,'1.a','2022-05-27 14:08:16',NULL),(218,34,'selesai','2022-05-27 14:08:43',NULL),(219,34,'menu','2022-05-27 14:09:00',NULL),(220,34,'tes','2022-05-27 14:09:07',NULL),(221,34,'asd','2022-05-27 14:09:13',NULL),(222,34,'1.a','2022-05-27 14:10:00',NULL),(223,34,'1.a','2022-05-27 14:11:25',NULL),(224,34,'selesai','2022-05-27 14:11:37',NULL),(225,34,'*selesai*','2022-05-27 14:11:58',NULL),(226,34,'1.a','2022-05-27 14:13:00',NULL),(227,34,'1.a','2022-05-27 14:15:52',NULL),(228,34,'1.a','2022-05-27 14:17:57',NULL),(229,34,'1','2022-05-27 14:19:02',NULL),(230,34,'B','2022-05-27 14:19:07',NULL),(231,34,'1.B','2022-05-27 14:19:13',NULL),(232,34,'Selesai','2022-05-27 14:19:21',NULL),(233,34,'A','2022-05-27 14:20:14',NULL),(234,34,'B','2022-05-27 14:20:18',NULL),(235,34,'2.b','2022-05-27 14:20:40',NULL),(236,34,'2.b','2022-05-27 14:22:21',NULL),(237,34,'l2.B','2022-05-27 14:22:39',NULL),(238,34,'2.b','2022-05-27 14:22:44',NULL),(239,34,'2.B','2022-05-27 14:25:48',NULL),(240,34,'3.B','2022-05-27 14:28:19',NULL),(241,34,'4.B','2022-05-27 14:28:24',NULL),(242,34,'4.B','2022-05-27 14:29:04',NULL),(243,22,'5.b','2022-05-27 14:30:16',NULL),(244,22,'Selesai','2022-05-27 14:30:27',NULL),(245,22,'B','2022-05-27 14:31:07',NULL),(246,22,'A','2022-05-27 14:31:12',NULL),(247,22,'1.a','2022-05-27 14:31:23',NULL),(248,22,'2.b','2022-05-27 14:31:34',NULL),(249,22,'1','2022-05-27 14:32:10',NULL),(250,34,'1','2022-05-27 14:32:14',NULL),(251,34,'A','2022-05-27 14:32:17',NULL),(252,34,'1.A','2022-05-27 14:32:20',NULL),(253,34,'5.B','2022-05-27 14:34:45',NULL),(254,34,'2','2022-05-27 14:35:07',NULL),(255,22,'A','2022-05-27 14:35:09',NULL),(256,22,'B','2022-05-27 14:35:12',NULL),(257,22,'C','2022-05-27 14:35:20',NULL),(258,34,'c','2022-05-27 14:35:22',NULL),(259,38,'Saya Ingin Bertanya - NAMA-david hermansyah!NIK-282727272','2022-05-27 14:35:42',NULL),(260,38,'1','2022-05-27 14:35:50',NULL),(261,34,'1.c','2022-05-27 14:36:22',NULL),(262,22,'1.c','2022-05-27 14:36:25',NULL),(263,34,'1.c','2022-05-27 14:37:02',NULL),(264,34,'D','2022-05-27 14:37:06',NULL),(265,22,'D','2022-05-27 14:38:02',NULL),(266,34,'d','2022-05-27 14:38:04',NULL),(267,22,'E','2022-05-27 14:38:50',NULL),(268,22,'E','2022-05-27 14:39:00',NULL),(269,34,'E','2022-05-27 14:39:10',NULL),(270,34,'F','2022-05-27 14:39:18',NULL),(271,34,'F','2022-05-27 14:40:18',NULL),(272,34,'G','2022-05-27 14:40:49',NULL),(273,34,'H','2022-05-27 14:41:47',NULL),(274,34,'H','2022-05-27 14:41:54',NULL),(275,34,'G','2022-05-27 14:41:55',NULL),(276,34,'G','2022-05-27 14:42:39',NULL),(277,34,'h','2022-05-27 14:42:53',NULL),(278,34,'H','2022-05-27 14:44:50',NULL),(279,34,'1','2022-05-27 14:44:57',NULL),(280,5,'','2022-05-27 14:45:19',NULL),(281,5,'halo','2022-05-27 14:45:21',NULL),(282,5,'1','2022-05-27 14:45:37',NULL),(283,5,'A','2022-05-27 14:46:03',NULL),(284,34,'H','2022-05-27 14:47:29',NULL),(285,34,'i','2022-05-27 14:48:15',NULL),(286,34,'i','2022-05-27 14:49:01',NULL),(287,34,'o','2022-05-27 14:49:01',NULL),(288,34,'3.1','2022-05-27 14:49:34',NULL),(289,34,'3.1','2022-05-27 14:50:04',NULL),(290,34,'3.1','2022-05-27 14:50:32',NULL),(291,34,'3.2','2022-05-27 14:52:24',NULL),(292,34,'3.2','2022-05-27 14:53:08',NULL),(293,34,'3.3','2022-05-27 14:54:10',NULL),(294,34,'3.4','2022-05-27 14:56:32',NULL),(295,34,'3.5','2022-05-27 14:58:40',NULL),(296,34,'3.6','2022-05-27 15:02:31',NULL),(297,34,'3.7','2022-05-27 15:02:35',NULL),(298,34,'menu','2022-05-27 15:08:52',NULL),(299,34,'3','2022-05-27 15:09:01',NULL),(300,34,'3','2022-05-27 15:10:12',NULL),(301,34,'c','2022-05-27 15:10:40',NULL),(302,34,'1.c','2022-05-27 15:10:48',NULL),(303,34,'E','2022-05-27 15:12:28',NULL),(304,34,'1','2022-05-27 15:13:22',NULL),(305,34,'A','2022-05-27 15:13:35',NULL),(306,34,'1.a','2022-05-27 15:13:41',NULL),(307,34,'b','2022-05-27 15:13:45',NULL),(308,34,'c','2022-05-27 15:14:06',NULL),(309,34,'d','2022-05-27 15:14:11',NULL),(310,34,'1.c','2022-05-27 15:14:16',NULL),(311,34,'e','2022-05-27 15:14:21',NULL),(312,34,'f','2022-05-27 15:14:26',NULL),(313,34,'g','2022-05-27 15:14:29',NULL),(314,34,'h','2022-05-27 15:14:33',NULL),(315,34,'i','2022-05-27 15:14:37',NULL),(316,34,'2','2022-05-27 15:14:42',NULL),(317,34,'3','2022-05-27 15:14:45',NULL),(318,34,'3','2022-05-27 15:15:17',NULL),(319,34,'3','2022-05-27 15:16:15',NULL),(320,34,'2','2022-05-27 15:16:46',NULL),(321,34,'B','2022-05-27 15:16:50',NULL),(322,34,'3','2022-05-27 15:20:44',NULL),(323,34,'4','2022-05-27 15:21:11',NULL),(324,34,'5','2022-05-27 15:21:17',NULL),(325,34,'4','2022-05-27 15:21:24',NULL),(326,34,'p','2022-05-27 15:21:31',NULL),(327,34,'3.a','2022-05-27 15:21:38',NULL),(328,34,'3','2022-05-27 15:21:44',NULL),(329,34,'3.A','2022-05-27 15:21:51',NULL),(330,34,'4','2022-05-27 15:22:42',NULL),(331,34,'takon klampid','2022-05-27 15:22:56',NULL),(332,34,'3','2022-05-27 15:23:40',NULL),(333,34,'5','2022-05-27 15:23:59',NULL),(334,34,'2','2022-05-27 15:25:25',NULL),(335,34,'4','2022-05-27 15:25:36',NULL),(336,34,'4.1','2022-05-27 15:25:39',NULL),(337,34,'a','2022-05-27 15:25:46',NULL),(338,34,'1','2022-05-27 15:26:50',NULL),(339,34,'4','2022-05-27 15:30:08',NULL),(340,22,'4','2022-05-27 15:30:11',NULL),(341,34,'4.1','2022-05-27 15:30:17',NULL),(342,22,'4.1','2022-05-27 15:30:27',NULL),(343,22,'4.2','2022-05-27 15:30:39',NULL),(344,34,'4.2','2022-05-27 15:30:57',NULL),(345,22,'B','2022-05-27 15:30:58',NULL),(346,39,'Saya Ingin Bertanya - NAMA- !NIK-1233333333333333','2022-05-27 18:50:28',NULL),(347,39,'1','2022-05-27 18:50:56',NULL),(348,39,'A.','2022-05-27 18:51:11',NULL),(349,39,'2','2022-05-27 18:51:35',NULL),(350,39,'Test','2022-05-27 18:52:08',NULL),(351,39,'1','2022-05-27 18:52:13',NULL),(352,39,'A','2022-05-27 18:52:21',NULL),(353,39,'1a','2022-05-27 18:52:32',NULL),(354,30,'Hallo','2022-05-29 03:19:42',NULL),(355,30,'Hello','2022-05-29 03:21:02',NULL),(356,30,'Hallo','2022-05-29 03:22:43',NULL),(357,30,'Hallo','2022-05-29 03:26:06',NULL),(358,30,'Hallo','2022-05-29 03:55:20',NULL),(359,30,'Hello','2022-05-29 04:00:49',NULL),(360,30,'TATA CARA LAYANAN ONLINE ADMINDUK','2022-05-29 04:01:06',NULL),(361,30,'Lokasi dan Waktu Layanan Administrasi Kependudukan Dispendukcapil Kabupaten Nganjuk ( Mall Pelayanan Publik Dispendukcapil Kabupaten Nganjuk )','2022-05-29 04:01:13',NULL),(362,30,'JENIS-JENIS LAYANAN','2022-05-29 04:01:31',NULL),(363,30,'Pindah Keluar WNI','2022-05-29 04:01:38',NULL),(364,30,'JENIS-JENIS LAYANAN','2022-05-29 04:01:50',NULL),(365,30,'Pindah Keluar WNI','2022-05-29 04:01:58',NULL),(366,30,'hallo','2022-05-29 04:03:45',NULL),(367,30,'LINK Layanan Adminduk','2022-05-29 04:04:05',NULL),(368,30,'*E-mail*','2022-05-29 04:04:13',NULL),(369,30,'Hallo','2022-05-29 16:47:58',NULL),(370,30,'Hallo','2022-05-29 17:07:03',NULL),(371,30,'Hallo','2022-05-29 17:13:06',NULL),(372,30,'TATA CARA LAYANAN ONLINE ADMINDUK','2022-05-29 17:13:20',NULL),(373,30,'Hallo','2022-05-29 17:31:50',NULL),(374,30,'SYARAT(syarat umum 9 layanan)','2022-05-29 17:32:06',NULL),(375,30,'LINK Layanan Adminduk','2022-05-29 17:32:13',NULL),(376,30,'*SSW e-KIOS LAYANAN PUBLIK*','2022-05-29 17:32:17',NULL),(377,30,'TATA CARA LAYANAN ONLINE ADMINDUK','2022-05-29 17:32:23',NULL),(378,30,'Tata Cara mencetak Dokumen Administrasi Kependudukan jika sudah diterbitkan melalui situs Online Mandiri KLAMPID','2022-05-29 17:32:29',NULL),(379,30,'Hallo','2022-05-29 22:31:58',NULL),(380,30,'LINK Layanan Adminduk','2022-05-29 22:32:11',NULL),(381,30,'*Klampid*','2022-05-29 22:32:16',NULL),(382,30,'SYARAT(syarat umum 9 layanan)','2022-05-29 22:32:21',NULL),(383,30,'LINK Layanan Adminduk','2022-05-29 22:32:27',NULL),(384,30,'*Takon Klampid*','2022-05-29 22:32:34',NULL),(385,20,'','2022-05-30 08:50:02',NULL),(386,20,'Tes','2022-05-30 08:50:02',NULL),(387,20,'','2022-05-30 08:50:03',NULL),(388,20,'Tes','2022-05-30 08:50:03',NULL),(389,20,'1','2022-05-30 08:50:12',NULL),(390,20,'1','2022-05-30 08:50:13',NULL),(391,20,'Tes','2022-05-30 08:54:18',NULL),(392,16,'','2022-05-30 08:56:28',NULL),(393,16,'','2022-05-30 08:56:28',NULL),(394,16,'Saya Ingin Bertanya - NAMA-Asd!NIK-12345678','2022-05-30 08:56:28',NULL),(395,20,'Saya Ingin Bertanya - NAMA-Bayu Al!NIK-3578041504950005','2022-05-30 08:56:43',NULL),(396,20,'Menu','2022-05-30 08:58:03',NULL),(397,20,'Katalog','2022-05-30 08:58:11',NULL),(398,20,'Tes','2022-05-30 08:59:47',NULL),(399,39,'','2022-05-30 09:01:22',NULL),(400,39,'','2022-05-30 09:01:22',NULL),(401,39,'Saya Ingin Bertanya - NAMA-Aa!NIK-2344','2022-05-30 09:01:22',NULL),(402,17,'','2022-05-30 09:04:07',NULL),(403,17,'','2022-05-30 09:04:07',NULL),(404,17,'Saya Ingin Bertanya - NAMA-Nurul Hidayah!NIK-3525156911830002','2022-05-30 09:04:07',NULL),(405,20,'tes','2022-05-30 09:06:35',NULL),(406,16,'Test','2022-05-30 09:07:30',NULL),(407,20,'A','2022-05-30 09:08:44',NULL),(408,20,'tes','2022-05-30 09:18:32',NULL),(409,20,'tes','2022-05-30 09:18:37',NULL),(410,20,'2','2022-05-30 09:18:44',NULL),(411,20,'2','2022-05-30 09:18:44',NULL),(412,20,'1','2022-05-30 09:18:48',NULL),(413,20,'1','2022-05-30 09:18:49',NULL),(414,20,'a','2022-05-30 09:18:54',NULL),(415,20,'a','2022-05-30 09:18:55',NULL),(416,20,'1.a','2022-05-30 09:18:59',NULL),(417,20,'1.a','2022-05-30 09:19:00',NULL),(418,20,'1','2022-05-30 09:19:18',NULL),(419,20,'1','2022-05-30 09:19:18',NULL),(420,20,'a','2022-05-30 09:19:22',NULL),(421,20,'a','2022-05-30 09:19:22',NULL),(422,20,'a','2022-05-30 09:19:30',NULL),(423,20,'a','2022-05-30 09:19:30',NULL),(424,20,'1','2022-05-30 09:19:36',NULL),(425,20,'1','2022-05-30 09:19:36',NULL),(426,20,'menu','2022-05-30 09:19:45',NULL),(427,20,'menu','2022-05-30 09:19:45',NULL),(428,20,'3','2022-05-30 09:19:56',NULL),(429,20,'3','2022-05-30 09:19:56',NULL),(430,20,'3.1','2022-05-30 09:20:03',NULL),(431,20,'3.1','2022-05-30 09:20:03',NULL),(432,20,'MENU','2022-05-30 09:20:13',NULL),(433,20,'MENU','2022-05-30 09:20:13',NULL),(434,20,'4','2022-05-30 09:20:19',NULL),(435,20,'4','2022-05-30 09:20:19',NULL),(436,20,'4.1','2022-05-30 09:20:25',NULL),(437,20,'4.1','2022-05-30 09:20:25',NULL),(438,20,'a','2022-05-30 09:20:32',NULL),(439,20,'a','2022-05-30 09:20:32',NULL),(440,20,'tes','2022-05-30 09:21:42',NULL),(441,20,'tes','2022-05-30 09:33:42',NULL),(442,22,'','2022-05-30 09:39:53',NULL),(443,22,'','2022-05-30 09:39:53',NULL),(444,22,'1','2022-05-30 09:39:53',NULL),(445,22,'Tes','2022-05-30 09:40:00',NULL),(446,34,'','2022-05-30 09:43:38',NULL),(447,34,'','2022-05-30 09:43:39',NULL),(448,34,'p','2022-05-30 09:43:39',NULL),(449,20,'A','2022-05-30 09:44:01',NULL),(450,22,'Tes','2022-05-30 09:44:05',NULL),(451,22,'Tes','2022-05-30 09:47:03',NULL),(452,46,'Saya Ingin Bertanya - NAMA-B!NIK-5','2022-05-30 10:02:23',NULL),(453,11,'','2022-05-30 10:14:22',NULL),(454,11,'Saya Ingin Bertanya - NAMA-david hermansyah!NIK-8339929293','2022-05-30 10:14:24',NULL),(455,34,'p','2022-05-30 10:29:22',NULL),(456,20,'a','2022-05-30 10:30:59',NULL),(457,30,'','2022-05-30 10:32:18',NULL),(458,30,'','2022-05-30 10:32:18',NULL),(459,30,'Hallo','2022-05-30 10:32:18',NULL),(460,34,'a','2022-05-30 10:43:52',NULL),(461,24,'','2022-05-30 10:51:23',NULL),(462,24,'Saya Ingin Bertanya - NAMA-andi!NIK-3523162409000002','2022-05-30 10:51:26',NULL),(463,20,'halo','2022-05-30 10:56:45',NULL),(464,34,'p','2022-05-30 10:56:53',NULL),(465,22,'Halo','2022-05-30 10:56:53',NULL),(466,34,'halo','2022-05-30 10:56:57',NULL),(467,16,'Test','2022-05-30 10:59:18',NULL),(468,20,'halo','2022-05-30 10:59:48',NULL),(469,20,'*TATA CARA LAYANAN ONLINE ADMINDUK*','2022-05-30 11:00:02',NULL),(470,34,'p','2022-05-30 11:00:04',NULL),(471,24,'tes','2022-05-30 11:00:05',NULL),(472,20,'Cara mengurus Pengajuan Permohonan melalui Online Mandiri Klampid','2022-05-30 11:00:09',NULL),(473,16,'Test','2022-05-30 11:00:11',NULL),(474,34,'Halo','2022-05-30 11:00:15',NULL),(475,20,'AKUN KLAMPID','2022-05-30 11:00:17',NULL),(476,24,'*TATA CARA LAYANAN ONLINE ADMINDUK*','2022-05-30 11:00:21',NULL),(477,22,'Halo','2022-05-30 11:00:22',NULL),(478,16,'Saya Ingin Bertanya - NAMA-Asd!NIK-12345678','2022-05-30 11:00:28',NULL),(479,34,'halo','2022-05-30 11:00:32',NULL),(480,24,'Cara Mengetahui (Tracking) Proses Pengajuan Dokumen Permohonan Administrasi kependudukan','2022-05-30 11:00:33',NULL),(481,22,'halo','2022-05-30 11:00:33',NULL),(482,24,'*AKUN TAKON KLAMPID*','2022-05-30 11:00:43',NULL),(483,22,'halo','2022-05-30 11:00:50',NULL),(484,20,'Halo','2022-05-30 11:00:52',NULL),(485,22,'tes','2022-05-30 11:00:58',NULL),(486,20,'Tes','2022-05-30 11:01:03',NULL),(487,34,'p','2022-05-30 11:01:06',NULL),(488,30,'hallo','2022-05-30 11:01:07',NULL),(489,20,'Halo','2022-05-30 11:01:07',NULL),(490,24,'LINK Layanan Adminduk','2022-05-30 11:01:27',NULL),(491,24,'*SSW e-KIOS LAYANAN PUBLIK*','2022-05-30 11:01:40',NULL),(492,30,'Hallo','2022-05-30 11:02:00',NULL),(493,22,'Tes','2022-05-30 11:02:40',NULL),(494,24,'*Pertanyaan Umum terkait ADMINDUK*','2022-05-30 11:03:31',NULL),(495,34,'p','2022-05-30 11:03:34',NULL),(496,34,'test','2022-05-30 11:03:36',NULL),(497,30,'Hallo','2022-05-30 11:04:38',NULL),(498,24,'*Bagaimana cara memperbaiki data jika ada yang salah atau tidak sesuai?*','2022-05-30 11:04:47',NULL),(499,30,'Hallo','2022-05-30 11:04:59',NULL),(500,30,'Hallo','2022-05-30 11:05:20',NULL),(501,24,'*SYARAT UMUM PENGAJUAN ADMINDUK*','2022-05-30 11:05:23',NULL),(502,24,'*KTP-eL*','2022-05-30 11:05:30',NULL),(503,20,'Halo','2022-05-30 11:05:32',NULL),(504,34,'p','2022-05-30 11:05:33',NULL),(505,34,'test','2022-05-30 11:05:37',NULL),(506,22,'halo','2022-05-30 11:05:38',NULL),(507,34,'halo','2022-05-30 11:05:40',NULL),(508,16,'TEST','2022-05-30 11:05:44',NULL),(509,20,'Tes','2022-05-30 11:05:44',NULL),(510,22,'Tes','2022-05-30 11:05:52',NULL),(511,17,'Saya Ingin Bertanya - NAMA-Nurul Hidayah!NIK-3525156911830002','2022-05-30 11:05:57',NULL),(512,30,'Hallo','2022-05-30 11:06:33',NULL),(513,16,'JENIS-JENIS LAYANAN','2022-05-30 11:06:34',NULL),(514,30,'Hallo','2022-05-30 11:06:39',NULL),(515,16,'KTP-el','2022-05-30 11:06:42',NULL),(516,30,'hallo','2022-05-30 11:06:50',NULL),(517,16,'a','2022-05-30 11:07:01',NULL),(518,16,'JENIS-JENIS LAYANAN','2022-05-30 11:07:09',NULL),(519,16,'KTP-el','2022-05-30 11:07:14',NULL),(520,20,'*Pertanyaan Umum terkait ADMINDUK*','2022-05-30 11:07:56',NULL),(521,20,'*Bagaimana cara memperbaiki data jika ada yang salah atau tidak sesuai?*','2022-05-30 11:08:08',NULL),(522,20,'*SYARAT UMUM PENGAJUAN ADMINDUK*','2022-05-30 11:08:36',NULL),(523,20,'*KTP-eL*','2022-05-30 11:08:41',NULL),(524,17,'Saya Ingin Bertanya - NAMA-Nurul Hidayah!NIK-3578153009990001','2022-05-30 11:08:52',NULL),(525,20,'*TATA CARA LAYANAN ONLINE ADMINDUK*','2022-05-30 11:08:57',NULL),(526,20,'Lokasi dan Waktu Layanan Administrasi Kependudukan Dispendukcapil Kabupaten Nganjuk ( Mall Pelayanan Publik Dispendukcapil Kabupaten Nganjuk )','2022-05-30 11:09:14',NULL),(527,24,'JENIS-JENIS LAYANAN','2022-05-30 11:09:16',NULL),(528,24,'Pindah Datang','2022-05-30 11:09:23',NULL),(529,17,'JENIS-JENIS LAYANAN','2022-05-30 11:09:25',NULL),(530,20,'LINK Layanan Adminduk','2022-05-30 11:09:30',NULL),(531,17,'KTP-el','2022-05-30 11:09:33',NULL),(532,20,'*Klampid*','2022-05-30 11:09:35',NULL),(533,20,'LINK Layanan Adminduk','2022-05-30 11:09:44',NULL),(534,20,'*Instagram*','2022-05-30 11:09:51',NULL),(535,17,'LINK Layanan Adminduk','2022-05-30 11:09:54',NULL),(536,20,'*TATA CARA LAYANAN ONLINE ADMINDUK*','2022-05-30 11:10:28',NULL),(537,17,'*Klampid*','2022-05-30 11:10:34',NULL),(538,20,'Aduan permasalahan masyarakat terkait administrasi','2022-05-30 11:10:34',NULL),(539,20,'*Website SAPA WARGA*','2022-05-30 11:10:42',NULL),(540,22,'Tes','2022-05-30 11:11:07',NULL),(541,20,'*SYARAT UMUM PENGAJUAN ADMINDUK*','2022-05-30 11:11:36',NULL),(542,20,'*KTP-eL*','2022-05-30 11:11:42',NULL),(543,11,'Haloo','2022-05-30 11:13:07',NULL),(544,11,'Hai','2022-05-30 11:13:14',NULL),(545,11,'Saya Ingin Bertanya - NAMA-david hermansyah!NIK-8339929293','2022-05-30 11:13:34',NULL),(546,20,'JENIS-JENIS LAYANAN','2022-05-30 11:13:39',NULL),(547,20,'Pindah Datang','2022-05-30 11:13:46',NULL),(548,24,'LINK Layanan Adminduk','2022-05-30 11:14:22',NULL),(549,24,'*Twitter*','2022-05-30 11:14:29',NULL),(550,24,'*TATA CARA LAYANAN ONLINE ADMINDUK*','2022-05-30 11:15:26',NULL),(551,24,'*SYARAT UMUM PENGAJUAN ADMINDUK*','2022-05-30 11:15:47',NULL),(552,24,'*Pertanyaan Umum terkait ADMINDUK*','2022-05-30 11:15:56',NULL),(553,24,'*Bagaimana cara memperbaiki data jika ada yang salah atau tidak sesuai?*','2022-05-30 11:16:03',NULL),(554,20,'tes','2022-05-30 11:16:14',NULL),(555,34,'p','2022-05-30 11:16:53',NULL),(556,11,'*TATA CARA LAYANAN ONLINE ADMINDUK*','2022-05-30 11:17:02',NULL),(557,11,'JENIS-JENIS LAYANAN','2022-05-30 11:19:06',NULL),(558,11,'Akta Perkawinan','2022-05-30 11:19:13',NULL),(559,20,'Tes','2022-05-30 11:19:21',NULL),(560,24,'JENIS-JENIS LAYANAN','2022-05-30 11:22:12',NULL),(561,24,'KTP-el','2022-05-30 11:22:20',NULL),(562,24,'TATA CARA LAYANAN ONLINE ADMINDUK','2022-05-30 11:22:55',NULL),(563,24,'Cara mengurus Pengajuan Permohonan melalui Online Mandiri Klampid','2022-05-30 11:23:08',NULL),(564,24,'Warga yang berumur 17 tahun atau yang belum pernah perekaman KTP-EL (?)','2022-05-30 11:23:39',NULL),(565,20,'Tes','2022-05-30 11:28:44',NULL),(566,11,'Akta Perkawinan','2022-05-30 11:37:06',NULL),(567,6,'2','2022-05-30 11:37:19',NULL),(568,11,'SYARAT UMUM PENGAJUAN ADMINDUK','2022-05-30 11:38:00',NULL),(569,6,'Info','2022-05-30 11:38:06',NULL),(570,11,'*KTP-eL*','2022-05-30 11:38:07',NULL),(571,30,'Hallo','2022-05-30 11:41:06',NULL),(572,6,'1','2022-05-30 11:41:05',NULL),(573,6,'1','2022-05-30 11:42:53',NULL),(574,11,'TATA CARA LAYANAN ONLINE ADMINDUK','2022-05-30 11:43:16',NULL),(575,30,'hallo','2022-05-30 11:49:48',NULL),(576,30,'Hallo','2022-05-30 11:58:25',NULL),(577,30,'TATA CARA LAYANAN ONLINE ADMINDUK','2022-05-30 11:58:32',NULL),(578,20,'Tes','2022-05-30 12:07:54',NULL),(579,30,'Hallo','2022-05-30 12:07:58',NULL),(580,20,'TATA CARA LAYANAN ONLINE ADMINDUK','2022-05-30 12:08:16',NULL),(581,16,'Test','2022-05-30 12:14:04',NULL),(582,16,'TATA CARA LAYANAN ONLINE ADMINDUK','2022-05-30 12:14:16',NULL),(583,16,'Saya Ingin Bertanya - NAMA-Aska Aulia Haydarrahman!NIK-3578234507730002','2022-05-30 12:16:18',NULL),(584,39,'Test','2022-05-30 12:17:07',NULL),(585,39,'TATA CARA LAYANAN ONLINE ADMINDUK','2022-05-30 12:17:16',NULL),(586,39,'Aduan permasalahan masyarakat terkait administrasi','2022-05-30 12:17:31',NULL),(587,39,'Proses Pengajuan Permohonan Dokumen Administrasi Kependudukan','2022-05-30 12:17:46',NULL),(588,39,'*Pertanyaan Umum terkait ADMINDUK*','2022-05-30 12:17:56',NULL),(589,39,'Bagaimana cara memperbaiki data jika ada yang sala','2022-05-30 12:18:01',NULL),(590,16,'Saya Ingin Bertanya - NAMA-Ardis imam mulhaq!NIK-9171014511830002','2022-05-30 12:22:44',NULL),(591,16,'Saya Ingin Bertanya - NAMA-Mariati!NIK-3578234507730002','2022-05-30 12:24:00',NULL),(592,16,'Saya Ingin Bertanya - NAMA-Ardis imam mulhaq!NIK-3578234507730002','2022-05-30 12:26:23',NULL),(593,16,'Saya Ingin Bertanya - NAMA-Mariati!NIK-9171014511830002','2022-05-30 12:27:53',NULL),(594,59,'Saya Ingin Bertanya - NAMA-rossi!NIK-3578100811840004','2022-05-30 12:31:46',NULL),(595,16,'Saya Ingin Bertanya - NAMA-Ardis imam mulhaq!NIK-12345678','2022-05-30 12:31:52',NULL),(596,16,'TATA CARA LAYANAN ONLINE ADMINDUK','2022-05-30 12:31:57',NULL),(597,59,'LINK Layanan Adminduk','2022-05-30 12:32:01',NULL),(598,16,'Cara mengurus Pengajuan Permohonan melalui Online Mandiri Klampid','2022-05-30 12:32:06',NULL),(599,16,'AKUN KLAMPID','2022-05-30 12:32:13',NULL),(600,59,'*SSW e-KIOS LAYANAN PUBLIK*','2022-05-30 12:32:18',NULL),(601,62,'Saya Ingin Bertanya - NAMA-Zakiyatul Aghniyah!NIK-3525165910890121','2022-05-30 12:32:21',NULL),(602,59,'TATA CARA LAYANAN ONLINE ADMINDUK','2022-05-30 12:32:37',NULL),(603,62,'*Pertanyaan Umum terkait ADMINDUK*','2022-05-30 12:32:39',NULL),(604,62,'Bagaimana cara memperbaiki data jika ada yang sala','2022-05-30 12:32:51',NULL),(605,59,'Cara mengurus Pengajuan Permohonan melalui Online Mandiri Klampid','2022-05-30 12:32:53',NULL),(606,59,'SYARAT UMUM PENGAJUAN ADMINDUK','2022-05-30 12:33:35',NULL),(607,59,'*KTP-eL*','2022-05-30 12:33:41',NULL),(608,62,'SYARAT UMUM PENGAJUAN ADMINDUK','2022-05-30 12:34:12',NULL),(609,62,'*KTP-eL*','2022-05-30 12:34:18',NULL),(610,62,'TATA CARA LAYANAN ONLINE ADMINDUK','2022-05-30 12:34:50',NULL),(611,16,'*Untuk mengakhiri percakapan.*','2022-05-30 12:35:04',NULL),(612,62,'Tata Cara legalisir dokumen yang belum menggunakan QR-Code','2022-05-30 12:35:09',NULL),(613,63,'JENIS-JENIS LAYANAN','2022-05-30 12:35:18',NULL),(614,6,'1','2022-05-30 12:35:24',NULL),(615,63,'Kartu Keluarga','2022-05-30 12:35:28',NULL),(616,6,'TATA CARA LAYANAN ONLINE ADMINDUK','2022-05-30 12:35:32',NULL),(617,62,'LINK Layanan Adminduk','2022-05-30 12:35:42',NULL),(618,6,'Tata Cara mencetak Dokumen Administrasi Kependudukan jika sudah diterbitkan melalui situs Online Mandiri KLAMPID','2022-05-30 12:35:42',NULL),(619,6,'LINK Layanan Adminduk','2022-05-30 12:35:48',NULL),(620,62,'*E-mail*','2022-05-30 12:35:56',NULL),(621,20,'Lokasi dan Waktu Layanan Administrasi Kependudukan Dispendukcapil Kabupaten Nganjuk ( Mall Pelayanan Publik Dispendukcapil Kabupaten Nganjuk )','2022-05-30 12:36:26',NULL),(622,20,'Menu','2022-05-30 12:36:43',NULL),(623,20,'*Pertanyaan Umum terkait ADMINDUK*','2022-05-30 12:37:15',NULL),(624,20,'Bagaimana cara memperbaiki data jika ada yang sala','2022-05-30 12:37:21',NULL),(625,20,'TATA CARA LAYANAN ONLINE ADMINDUK','2022-05-30 12:38:00',NULL),(626,20,'Warga yang berumur 17 tahun atau yang belum pernah perekaman KTP-EL (?)','2022-05-30 12:38:07',NULL),(627,38,'Saya Ingin Bertanya - NAMA-david hermansyah!NIK-172728484','2022-05-30 12:41:59',NULL),(628,38,'TATA CARA LAYANAN ONLINE ADMINDUK','2022-05-30 12:42:06',NULL),(629,38,'Lokasi dan Waktu Layanan Administrasi Kependudukan Dispendukcapil Kabupaten Nganjuk ( Mall Pelayanan Publik Dispendukcapil Kabupaten Nganjuk )','2022-05-30 12:42:12',NULL),(630,16,'Saya Ingin Bertanya - NAMA-Mariati!NIK-12345678','2022-05-30 12:45:55',NULL),(631,17,'Saya Ingin Bertanya - NAMA-Nurul Hidayah!NIK-3525156911830002','2022-05-30 12:47:33',NULL),(632,17,'TATA CARA LAYANAN ONLINE ADMINDUK','2022-05-30 12:47:39',NULL),(633,17,'Lokasi dan Waktu Layanan Administrasi Kependudukan Dispendukcapil Kabupaten Nganjuk ( Mall Pelayanan Publik Dispendukcapil Kabupaten Nganjuk )','2022-05-30 12:47:45',NULL),(634,67,'JENIS-JENIS LAYANAN','2022-05-30 12:48:50',NULL),(635,68,'TATA CARA LAYANAN ONLINE ADMINDUK','2022-05-30 12:48:58',NULL),(636,67,'Kartu Keluarga','2022-05-30 12:49:00',NULL),(637,11,'Halo','2022-05-30 12:49:05',NULL),(638,11,'TATA CARA LAYANAN ONLINE ADMINDUK','2022-05-30 12:49:13',NULL),(639,68,'Cara Mengetahui (Tracking) Proses Pengajuan Dokumen Permohonan Administrasi kependudukan','2022-05-30 12:49:17',NULL),(640,16,'Saya Ingin Bertanya - NAMA-Mariati!NIK-12345678','2022-05-30 12:51:56',NULL),(641,11,'Tata Cara mencetak Dokumen Administrasi Kependudukan jika sudah diterbitkan melalui situs Online Mandiri KLAMPID','2022-05-30 12:53:28',NULL),(642,70,'*Pertanyaan Umum terkait ADMINDUK*','2022-05-30 12:57:13',NULL),(643,70,'Bagaimana cara memperbaiki data jika ada yang sala','2022-05-30 12:57:37',NULL),(644,71,'Saya Ingin Bertanya - NAMA-AINUL!NIK-3578112208970003','2022-05-30 12:59:20',NULL),(645,73,'TATA CARA LAYANAN ONLINE ADMINDUK','2022-05-30 12:59:45',NULL),(646,71,'*Pertanyaan Umum terkait ADMINDUK*','2022-05-30 12:59:50',NULL),(647,71,'*Pertanyaan Umum terkait ADMINDUK*','2022-05-30 12:59:50',NULL),(648,73,'Aduan permasalahan masyarakat terkait administrasi','2022-05-30 12:59:55',NULL),(649,71,'Bagaimana cara memperbaiki data jika ada yang sala','2022-05-30 13:00:16',NULL),(650,6,'*Takon Klampid*','2022-05-30 13:02:08',NULL),(651,20,'TATA CARA LAYANAN ONLINE ADMINDUK','2022-05-30 13:05:12',NULL),(652,75,'SYARAT UMUM PENGAJUAN ADMINDUK','2022-05-30 13:07:15',NULL),(653,75,'*KTP-eL*','2022-05-30 13:07:46',NULL),(654,75,'JENIS-JENIS LAYANAN','2022-05-30 13:08:06',NULL),(655,75,'Akta Kelahiran','2022-05-30 13:08:21',NULL),(656,76,'siang','2022-05-30 13:10:04',NULL),(657,77,'TATA CARA LAYANAN ONLINE ADMINDUK','2022-05-30 13:11:55',NULL),(658,77,'Cara mengurus Pengajuan Permohonan melalui Online Mandiri Klampid','2022-05-30 13:12:13',NULL),(659,78,'tes','2022-05-30 13:13:19',NULL),(660,79,'Saya Ingin Bertanya - NAMA-Vivid!NIK-357...','2022-05-30 13:13:49',NULL),(661,79,'JENIS-JENIS LAYANAN','2022-05-30 13:14:01',NULL),(662,79,'Akta Perkawinan','2022-05-30 13:14:08',NULL),(663,79,'*Pertanyaan Umum terkait ADMINDUK*','2022-05-30 13:14:33',NULL),(664,79,'Bagaimana cara memperbaiki data jika ada yang sala','2022-05-30 13:14:39',NULL),(665,77,'Tata Cara legalisir dokumen yang belum menggunakan QR-Code','2022-05-30 13:14:54',NULL),(666,77,'Menu','2022-05-30 13:15:17',NULL),(667,77,'JENIS-JENIS LAYANAN','2022-05-30 13:15:26',NULL),(668,77,'Akta Perkawinan','2022-05-30 13:15:34',NULL),(669,77,'TATA CARA LAYANAN ONLINE ADMINDUK','2022-05-30 13:15:46',NULL),(670,77,'Lokasi dan Waktu Layanan Administrasi Kependudukan Dispendukcapil Kabupaten Nganjuk ( Mall Pelayanan Publik Dispendukcapil Kabupaten Nganjuk )','2022-05-30 13:16:12',NULL),(671,71,'TATA CARA LAYANAN ONLINE ADMINDUK','2022-05-30 13:23:53',NULL),(672,81,'Saya Ingin Bertanya - NAMA-AGIL DYAH MELATI SUKMA!NIK-3573036002000004','2022-05-30 13:29:26',NULL),(673,71,'Saya Ingin Bertanya - NAMA-AINUL!NIK-3578112208970003','2022-05-30 13:29:27',NULL),(674,84,'Saya Ingin Bertanya - NAMA-SITI MUSLIKHAH!NIK-3525127108970001','2022-05-30 13:29:28',NULL),(675,71,'JENIS-JENIS LAYANAN','2022-05-30 13:29:39',NULL),(676,17,'Saya Ingin Bertanya - NAMA-Nurul Hidayah!NIK-3525156911830002','2022-05-30 13:29:43',NULL),(677,86,'Saya Ingin Bertanya - NAMA-RAHMAD ISTIAWAN!NIK-3515071009830001','2022-05-30 13:29:44',NULL),(678,73,'Saya Ingin Bertanya - NAMA-Sembarang!NIK-3578123456789911','2022-05-30 13:29:45',NULL),(679,79,'Haloo','2022-05-30 13:29:46',NULL),(680,89,'Saya Ingin Bertanya - NAMA-Indra Hardika!NIK-3578271709890001','2022-05-30 13:29:49',NULL),(681,71,'KTP-el','2022-05-30 13:29:49',NULL),(682,17,'LINK Layanan Adminduk','2022-05-30 13:29:50',NULL),(683,80,'JENIS-JENIS LAYANAN','2022-05-30 13:29:55',NULL),(684,17,'*SSW e-KIOS LAYANAN PUBLIK*','2022-05-30 13:29:56',NULL),(685,86,'LINK Layanan Adminduk','2022-05-30 13:29:59',NULL),(686,80,'Pindah Dalam Kota','2022-05-30 13:30:02',NULL),(687,87,'SYARAT UMUM PENGAJUAN ADMINDUK','2022-05-30 13:30:02',NULL),(688,79,'JENIS-JENIS LAYANAN','2022-05-30 13:30:04',NULL),(689,86,'*Instagram*','2022-05-30 13:30:09',NULL),(690,79,'Akta Perceraian','2022-05-30 13:30:10',NULL),(691,81,'SYARAT UMUM PENGAJUAN ADMINDUK','2022-05-30 13:30:11',NULL),(692,87,'*KTP-eL*','2022-05-30 13:30:13',NULL),(693,89,'TATA CARA LAYANAN ONLINE ADMINDUK','2022-05-30 13:30:19',NULL),(694,84,'*Pertanyaan Umum terkait ADMINDUK*','2022-05-30 13:30:20',NULL),(695,73,'SYARAT UMUM PENGAJUAN ADMINDUK','2022-05-30 13:30:20',NULL),(696,71,'A','2022-05-30 13:30:21',NULL),(697,73,'*KTP-eL*','2022-05-30 13:30:29',NULL),(698,80,'a','2022-05-30 13:30:30',NULL),(699,89,'Cara mengurus Pengajuan Permohonan melalui Online Mandiri Klampid','2022-05-30 13:30:43',NULL),(700,91,'Saya Ingin Bertanya - NAMA-izzar!NIK-3578290407950002','2022-05-30 13:30:51',NULL),(701,89,'AKUN KLAMPID','2022-05-30 13:30:51',NULL),(702,71,'LINK Layanan Adminduk','2022-05-30 13:31:02',NULL),(703,91,'JENIS-JENIS LAYANAN','2022-05-30 13:31:03',NULL),(704,86,'Saya Ingin Bertanya - NAMA-RAHMAD ISTIAWAN!NIK-3515071009830003','2022-05-30 13:31:08',NULL),(705,91,'KTP-el','2022-05-30 13:31:10',NULL),(706,71,'*SSW e-KIOS LAYANAN PUBLIK*','2022-05-30 13:31:12',NULL),(707,16,'test','2022-05-30 13:31:14',NULL),(708,94,'Saya Ingin Bertanya - NAMA-GERRY RENDRAGRAHA!NIK-3578061007930005','2022-05-30 13:31:14',NULL),(709,80,'TATA CARA LAYANAN ONLINE ADMINDUK','2022-05-30 13:31:16',NULL),(710,84,'Bagaimana cara memperbaiki data jika ada yang sala','2022-05-30 13:31:18',NULL),(711,86,'TATA CARA LAYANAN ONLINE ADMINDUK','2022-05-30 13:31:22',NULL),(712,89,'LINK Layanan Adminduk','2022-05-30 13:31:25',NULL),(713,96,'Saya Ingin Bertanya - NAMA-Agung Wahyu Pribadi!NIK-3526012205910007','2022-05-30 13:31:27',NULL),(714,94,'JENIS-JENIS LAYANAN','2022-05-30 13:31:29',NULL),(715,89,'*Klampid*','2022-05-30 13:31:34',NULL),(716,94,'Pindah Datang','2022-05-30 13:31:36',NULL),(717,97,'Saya Ingin Bertanya - NAMA-Guntur rangga kurniawan!NIK-3578119403930002','2022-05-30 13:31:37',NULL),(718,86,'Saya Ingin Bertanya - NAMA-RAHMAD ISTIAWAN!NIK-351507','2022-05-30 13:31:39',NULL),(719,75,'Saya Ingin Bertanya - NAMA-QURROTUL AINI!NIK-3578094306870001','2022-05-30 13:31:41',NULL),(720,89,'*Pertanyaan Umum terkait ADMINDUK*','2022-05-30 13:31:42',NULL),(721,81,'*KTP-eL*','2022-05-30 13:31:45',NULL),(722,86,'SYARAT UMUM PENGAJUAN ADMINDUK','2022-05-30 13:31:47',NULL),(723,89,'Bagaimana cara memperbaiki data jika ada yang sala','2022-05-30 13:31:49',NULL),(724,97,'*Pertanyaan Umum terkait ADMINDUK*','2022-05-30 13:31:50',NULL),(725,97,'Bagaimana cara memperbaiki data jika ada yang sala','2022-05-30 13:31:57',NULL),(726,97,'JENIS-JENIS LAYANAN','2022-05-30 13:32:19',NULL),(727,97,'KTP-el','2022-05-30 13:32:26',NULL),(728,97,'TATA CARA LAYANAN ONLINE ADMINDUK','2022-05-30 13:32:37',NULL),(729,100,'TATA CARA LAYANAN ONLINE ADMINDUK','2022-05-30 13:32:40',NULL),(730,100,'Cara mengurus Pengajuan Permohonan melalui Online Mandiri Klampid','2022-05-30 13:32:45',NULL),(731,91,'TATA CARA LAYANAN ONLINE ADMINDUK','2022-05-30 13:32:47',NULL),(732,46,'','2022-05-30 13:32:48',NULL),(733,46,'Sayaingin bertanya','2022-05-30 13:32:48',NULL),(734,97,'Tata Cara mencetak Dokumen Administrasi Kependudukan jika sudah diterbitkan melalui situs Online Mandiri KLAMPID','2022-05-30 13:32:53',NULL),(735,97,'SYARAT UMUM PENGAJUAN ADMINDUK','2022-05-30 13:33:00',NULL),(736,97,'*KTP-eL*','2022-05-30 13:33:05',NULL),(737,100,'AKUN KLAMPID','2022-05-30 13:33:07',NULL),(738,79,'TATA CARA LAYANAN ONLINE ADMINDUK','2022-05-30 13:33:14',NULL),(739,91,'Cara mengurus Pengajuan Permohonan melalui Online Mandiri Klampid','2022-05-30 13:33:18',NULL),(740,46,'*Pertanyaan Umum terkait ADMINDUK*','2022-05-30 13:33:19',NULL),(741,100,'*Untuk mengakhiri percakapan.*','2022-05-30 13:33:40',NULL),(742,46,'Bagaimana cara memperbaiki data jika ada yang sala','2022-05-30 13:33:43',NULL),(743,34,'p','2022-05-30 13:33:51',NULL),(744,100,'JENIS-JENIS LAYANAN','2022-05-30 13:33:51',NULL),(745,77,'Saya Ingin Bertanya - NAMA-Novarina Kartikawati sahrub!NIK-3578166411850003','2022-05-30 13:33:51',NULL),(746,77,'TATA CARA LAYANAN ONLINE ADMINDUK','2022-05-30 13:33:56',NULL),(747,100,'KTP-el','2022-05-30 13:33:57',NULL),(748,46,'TATA CARA LAYANAN ONLINE ADMINDUK','2022-05-30 13:33:58',NULL),(749,34,'TATA CARA LAYANAN ONLINE ADMINDUK','2022-05-30 13:34:03',NULL),(750,77,'Warga yang berumur 17 tahun atau yang belum pernah perekaman KTP-EL (?)','2022-05-30 13:34:06',NULL),(751,46,'Cara Mengetahui (Tracking) Proses Pengajuan Dokumen Permohonan Administrasi kependudukan','2022-05-30 13:34:08',NULL),(752,100,'*Pertanyaan Umum terkait ADMINDUK*','2022-05-30 13:34:10',NULL),(753,103,'Saya Ingin Bertanya - NAMA-DZIKKY PUTRA PRADANA!NIK-3578221805950002','2022-05-30 13:34:12',NULL),(754,100,'Bagaimana cara memperbaiki data jika ada yang sala','2022-05-30 13:34:15',NULL),(755,46,'*AKUN TAKON KLAMPID*','2022-05-30 13:34:21',NULL),(756,97,'LINK Layanan Adminduk','2022-05-30 13:34:28',NULL),(757,87,'Saya Ingin Bertanya - NAMA-Septrian Adi Wibowo!NIK-3578172109950001','2022-05-30 13:34:31',NULL),(758,97,'*SSW e-KIOS LAYANAN PUBLIK*','2022-05-30 13:34:36',NULL),(759,104,'JENIS-JENIS LAYANAN','2022-05-30 13:34:43',NULL),(760,104,'Pindah Keluar WNI','2022-05-30 13:34:51',NULL),(761,107,'JENIS-JENIS LAYANAN','2022-05-30 13:35:03',NULL),(762,103,'*Pertanyaan Umum terkait ADMINDUK*','2022-05-30 13:35:05',NULL),(763,105,'JENIS-JENIS LAYANAN','2022-05-30 13:35:07',NULL),(764,34,'Cara mengurus Pengajuan Permohonan melalui Online Mandiri Klampid','2022-05-30 13:35:07',NULL),(765,77,'SYARAT UMUM PENGAJUAN ADMINDUK','2022-05-30 13:35:12',NULL),(766,77,'*KTP-eL*','2022-05-30 13:35:18',NULL),(767,104,'SYARAT UMUM PENGAJUAN ADMINDUK','2022-05-30 13:35:23',NULL),(768,34,'menu','2022-05-30 13:35:25',NULL),(769,105,'Pemuktahiran Biodata','2022-05-30 13:35:31',NULL),(770,104,'*KTP-eL*','2022-05-30 13:35:34',NULL),(771,107,'Kartu Keluarga','2022-05-30 13:35:35',NULL),(772,105,'LINK Layanan Adminduk','2022-05-30 13:36:01',NULL),(773,34,'TATA CARA LAYANAN ONLINE ADMINDUK','2022-05-30 13:36:14',NULL),(774,105,'*Klampid*','2022-05-30 13:36:22',NULL),(775,105,'TATA CARA LAYANAN ONLINE ADMINDUK','2022-05-30 13:36:40',NULL),(776,108,'Saya Ingin Bertanya - NAMA-Dafa!NIK-3578040409990001','2022-05-30 13:36:51',NULL),(777,110,'Saya Ingin Bertanya - NAMA-Moch ricky hidayat!NIK-3578070909920001','2022-05-30 13:36:59',NULL),(778,111,'Saya Ingin Bertanya - NAMA-Firman ainun bahri!NIK-3578111310910001','2022-05-30 13:37:02',NULL),(779,105,'Tata Cara mencetak Dokumen Administrasi Kependudukan jika sudah diterbitkan melalui situs Online Mandiri KLAMPID','2022-05-30 13:37:40',NULL),(780,24,'tes','2022-05-30 13:38:13',NULL),(781,110,'JENIS-JENIS LAYANAN','2022-05-30 13:38:19',NULL),(782,111,'Saya Ingin Bertanya - NAMA-Muhibatus tsaniyah!NIK-3578275410920002','2022-05-30 13:38:46',NULL),(783,24,'LINK Layanan Adminduk','2022-05-30 13:38:49',NULL),(784,34,'Cara mengurus Pengajuan Permohonan melalui Online Mandiri Klampid','2022-05-30 13:38:53',NULL),(785,24,'*Klampid*','2022-05-30 13:38:59',NULL),(786,34,'AKUN KLAMPID','2022-05-30 13:39:03',NULL),(787,110,'Pemuktahiran Biodata','2022-05-30 13:39:06',NULL),(788,59,'teess','2022-05-30 13:39:30',NULL),(789,59,'menu apa','2022-05-30 13:39:41',NULL),(790,59,'TATA CARA LAYANAN ONLINE ADMINDUK','2022-05-30 13:39:51',NULL),(791,34,'*Untuk mengakhiri percakapan.*','2022-05-30 13:39:52',NULL),(792,23,'Hallo','2022-05-30 13:40:23',NULL),(793,114,'Saya Ingin Bertanya - NAMA-ITA PUSPITA SARI!NIK-3578174209800002','2022-05-30 13:40:29',NULL),(794,23,'TATA CARA LAYANAN ONLINE ADMINDUK','2022-05-30 13:40:32',NULL),(795,22,'Halo','2022-05-30 13:40:35',NULL),(796,23,'Warga yang berumur 17 tahun atau yang belum pernah perekaman KTP-EL (?)','2022-05-30 13:40:39',NULL),(797,84,'JENIS-JENIS LAYANAN','2022-05-30 13:40:44',NULL),(798,22,'JENIS-JENIS LAYANAN','2022-05-30 13:40:44',NULL),(799,114,'JENIS-JENIS LAYANAN','2022-05-30 13:40:45',NULL),(800,115,'Saya Ingin Bertanya - NAMA-navy safira putri!NIK-3578036205980002','2022-05-30 13:40:48',NULL),(801,84,'Kartu Keluarga','2022-05-30 13:40:51',NULL),(802,24,'JENIS-JENIS LAYANAN','2022-05-30 13:40:54',NULL),(803,22,'KTP-el','2022-05-30 13:41:02',NULL),(804,16,'test','2022-05-30 13:41:34',NULL),(805,23,'SYARAT UMUM PENGAJUAN ADMINDUK','2022-05-30 13:42:01',NULL),(806,23,'*KTP-eL*','2022-05-30 13:42:06',NULL),(807,108,'JENIS-JENIS LAYANAN','2022-05-30 13:42:07',NULL),(808,39,'Test','2022-05-30 13:42:17',NULL),(809,117,'TATA CARA LAYANAN ONLINE ADMINDUK','2022-05-30 13:42:39',NULL),(810,118,'Tes hallo','2022-05-30 13:43:00',NULL),(811,34,'LINK Layanan Adminduk','2022-05-30 13:43:03',NULL),(812,20,'Saya Ingin Bertanya - NAMA-Bayu Al!NIK-3578041504950005','2022-05-30 13:43:11',NULL),(813,34,'*Klampid*','2022-05-30 13:43:13',NULL),(814,23,'Tes halo','2022-05-30 13:43:17',NULL),(815,111,'Saya Ingin Bertanya - NAMA-Muhibatus tsaniyah!NIK-3578275410920002','2022-05-30 13:43:28',NULL),(816,118,'Hallo','2022-05-30 13:43:28',NULL),(817,34,'JENIS-JENIS LAYANAN','2022-05-30 13:43:41',NULL),(818,20,'Pertanyaan Umum terkait ADMINDUK','2022-05-30 13:43:46',NULL),(819,20,'Bagaimana cara memperbaiki data jika ada yang sala','2022-05-30 13:43:54',NULL),(820,34,'Akta Kelahiran','2022-05-30 13:44:08',NULL),(821,34,'TATA CARA LAYANAN ONLINE ADMINDUK','2022-05-30 13:44:34',NULL),(822,121,'Saya Ingin Bertanya - NAMA-nita wahyu wulandari!NIK-3578264306710004','2022-05-30 13:44:47',NULL),(823,117,'Tata Cara legalisir dokumen yang belum menggunakan QR-Code','2022-05-30 13:44:52',NULL),(824,108,'Pindah Datang','2022-05-30 13:44:52',NULL),(825,122,'Saya Ingin Bertanya - NAMA-Meilynda Pramita Insiyah!NIK-3578266005950003','2022-05-30 13:45:12',NULL),(826,108,'Pertanyaan Umum terkait ADMINDUK','2022-05-30 13:45:14',NULL),(827,108,'Bagaimana cara memperbaiki data jika ada yang sala','2022-05-30 13:45:21',NULL),(828,117,'JENIS-JENIS LAYANAN','2022-05-30 13:45:27',NULL),(829,121,'LINK Layanan Adminduk','2022-05-30 13:45:29',NULL),(830,108,'LINK Layanan Adminduk','2022-05-30 13:45:32',NULL),(831,117,'Pemuktahiran Biodata','2022-05-30 13:45:34',NULL),(832,108,'*Takon Klampid*','2022-05-30 13:45:41',NULL),(833,123,'Saya Ingin Bertanya - NAMA-TYAS HUSNA APRILIYANI!NIK-3308215804940002','2022-05-30 13:45:50',NULL),(834,121,'*Klampid*','2022-05-30 13:46:00',NULL),(835,123,'JENIS-JENIS LAYANAN','2022-05-30 13:46:03',NULL),(836,123,'KTP-el','2022-05-30 13:46:14',NULL),(837,124,'Saya Ingin Bertanya - NAMA-ADAM MAULANA HAKIM!NIK-3515090208940001','2022-05-30 13:46:15',NULL),(838,124,'JENIS-JENIS LAYANAN','2022-05-30 13:46:25',NULL),(839,117,'TATA CARA LAYANAN ONLINE ADMINDUK','2022-05-30 13:46:30',NULL),(840,124,'KTP-el','2022-05-30 13:46:32',NULL),(841,86,'*KTP-eL*','2022-05-30 13:46:35',NULL),(842,86,'tess','2022-05-30 13:46:44',NULL),(843,86,'pokok e ngetik','2022-05-30 13:47:00',NULL),(844,125,'TATA CARA LAYANAN ONLINE ADMINDUK','2022-05-30 13:47:31',NULL),(845,126,'JENIS-JENIS LAYANAN','2022-05-30 13:47:31',NULL),(846,24,'tes','2022-05-30 13:47:32',NULL),(847,126,'Akta Perceraian','2022-05-30 13:47:49',NULL),(848,127,'LINK Layanan Adminduk','2022-05-30 13:47:52',NULL),(849,86,'lah kok iso asal ngetik hehe','2022-05-30 13:47:53',NULL),(850,128,'Saya Ingin Bertanya - NAMA-IRMA APRIANTI!NIK-3578045704920001','2022-05-30 13:48:09',NULL),(851,128,'JENIS-JENIS LAYANAN','2022-05-30 13:48:31',NULL),(852,129,'JENIS-JENIS LAYANAN','2022-05-30 13:48:33',NULL),(853,130,'JENIS-JENIS LAYANAN','2022-05-30 13:48:41',NULL),(854,128,'Akta Kelahiran','2022-05-30 13:48:46',NULL),(855,130,'Pemuktahiran Biodata','2022-05-30 13:48:48',NULL),(856,87,'JENIS-JENIS LAYANAN','2022-05-30 13:49:09',NULL),(857,63,'Saya Ingin Bertanya - NAMA-Fajar Yulyanto Hermawan!NIK-3578110707860002','2022-05-30 13:49:15',NULL),(858,87,'Akta Kelahiran','2022-05-30 13:49:18',NULL),(859,22,'Menu','2022-05-30 13:49:21',NULL),(860,20,'TATA CARA LAYANAN ONLINE ADMINDUK','2022-05-30 13:49:25',NULL),(861,34,'menu','2022-05-30 13:49:28',NULL),(862,63,'TATA CARA LAYANAN ONLINE ADMINDUK','2022-05-30 13:49:31',NULL),(863,63,'Cara Mengetahui (Tracking) Proses Pengajuan Dokumen Permohonan Administrasi kependudukan','2022-05-30 13:49:38',NULL),(864,130,'D','2022-05-30 13:49:53',NULL),(865,34,'Saya Ingin Bertanya - NAMA-Nathan!NIK-42992','2022-05-30 13:50:03',NULL),(866,134,'Saya Ingin Bertanya - NAMA-Elfa Masita!NIK-3578085206900001','2022-05-30 13:53:57',NULL),(867,135,'Saya Ingin Bertanya - NAMA-Fiqih Kartika Murti!NIK-3578041009930005','2022-05-30 13:55:47',NULL),(868,135,'TATA CARA LAYANAN ONLINE ADMINDUK','2022-05-30 13:56:18',NULL),(869,137,'JENIS-JENIS LAYANAN','2022-05-30 13:58:13',NULL),(870,22,'2','2022-05-30 13:58:18',NULL),(871,137,'Pindah Datang','2022-05-30 13:58:24',NULL),(872,22,'SYARAT UMUM PENGAJUAN ADMINDUK','2022-05-30 13:58:25',NULL),(873,34,'SYARAT UMUM PENGAJUAN ADMINDUK','2022-05-30 13:58:27',NULL),(874,34,'*Akta Kelahiran*','2022-05-30 13:58:33',NULL),(875,22,'*Akta Kelahiran*','2022-05-30 13:58:34',NULL),(876,23,'SYARAT UMUM PENGAJUAN ADMINDUK','2022-05-30 13:58:46',NULL),(877,23,'*Akta Kelahiran*','2022-05-30 13:58:51',NULL),(878,34,'Menu','2022-05-30 13:58:55',NULL),(879,138,'Saya Ingin Bertanya - NAMA-Imam kusyadi jaya!NIK-3578242102850001','2022-05-30 13:58:59',NULL),(880,34,'Selesai','2022-05-30 13:59:04',NULL),(881,138,'TATA CARA LAYANAN ONLINE ADMINDUK','2022-05-30 13:59:36',NULL),(882,70,'Test','2022-05-30 14:00:27',NULL),(883,139,'Saya Ingin Bertanya - NAMA-Aulia Rahman!NIK-3578082110880002','2022-05-30 14:00:48',NULL),(884,70,'LINK Layanan Adminduk','2022-05-30 14:00:51',NULL),(885,139,'Pertanyaan Umum terkait ADMINDUK','2022-05-30 14:01:02',NULL),(886,70,'*SSW e-KIOS LAYANAN PUBLIK*','2022-05-30 14:01:08',NULL),(887,139,'Bagaimana cara memperbaiki data jika ada yang sala','2022-05-30 14:01:17',NULL),(888,23,'SYARAT UMUM PENGAJUAN ADMINDUK','2022-05-30 14:02:40',NULL),(889,140,'JENIS-JENIS LAYANAN','2022-05-30 14:03:20',NULL),(890,140,'Pindah Dalam Kota','2022-05-30 14:03:26',NULL),(891,23,'SYARAT UMUM PENGAJUAN ADMINDUK','2022-05-30 14:03:35',NULL),(892,140,'a','2022-05-30 14:03:42',NULL),(893,22,'Menu','2022-05-30 14:03:43',NULL),(894,22,'SYARAT UMUM PENGAJUAN ADMINDUK','2022-05-30 14:03:49',NULL),(895,34,'SYARAT UMUM PENGAJUAN ADMINDUK','2022-05-30 14:03:55',NULL),(896,22,'Akta Kematian','2022-05-30 14:04:00',NULL),(897,22,'Menu','2022-05-30 14:04:27',NULL),(898,34,'KTP-eL','2022-05-30 14:04:30',NULL),(899,23,'SYARAT UMUM PENGAJUAN ADMINDUK','2022-05-30 14:04:31',NULL),(900,22,'SYARAT UMUM PENGAJUAN ADMINDUK','2022-05-30 14:04:34',NULL),(901,23,'Akta Perkawinan','2022-05-30 14:04:36',NULL),(902,34,'SYARAT UMUM PENGAJUAN ADMINDUK','2022-05-30 14:04:38',NULL),(903,22,'Akta Kematian','2022-05-30 14:04:40',NULL),(904,34,'Akta Perkawinan','2022-05-30 14:04:42',NULL),(905,23,'Akta Kematian','2022-05-30 14:05:03',NULL),(906,22,'Menu','2022-05-30 14:05:07',NULL),(907,22,'SYARAT UMUM PENGAJUAN ADMINDUK','2022-05-30 14:05:13',NULL),(908,22,'Akta Perkawinan','2022-05-30 14:05:17',NULL),(909,22,'Menu','2022-05-30 14:05:24',NULL),(910,34,'SYARAT UMUM PENGAJUAN ADMINDUK','2022-05-30 14:05:25',NULL),(911,142,'Saya Ingin Bertanya - NAMA-Siti sundari!NIK-3578266006860003','2022-05-30 14:05:25',NULL),(912,141,'JENIS-JENIS LAYANAN','2022-05-30 14:05:29',NULL),(913,22,'SYARAT UMUM PENGAJUAN ADMINDUK','2022-05-30 14:05:29',NULL),(914,34,'Akta Perkawinan','2022-05-30 14:05:31',NULL),(915,22,'Akta Kelahiran','2022-05-30 14:05:33',NULL),(916,141,'KTP-el','2022-05-30 14:05:37',NULL),(917,34,'SYARAT UMUM PENGAJUAN ADMINDUK','2022-05-30 14:05:39',NULL),(918,34,'Akta Kematian','2022-05-30 14:05:43',NULL),(919,22,'Menu','2022-05-30 14:06:15',NULL),(920,22,'SYARAT UMUM PENGAJUAN ADMINDUK','2022-05-30 14:06:20',NULL),(921,22,'KTP-eL','2022-05-30 14:06:24',NULL),(922,34,'SYARAT UMUM PENGAJUAN ADMINDUK','2022-05-30 14:06:31',NULL),(923,23,'SYARAT UMUM PENGAJUAN ADMINDUK','2022-05-30 14:06:31',NULL),(924,34,'Akta Perkawinan','2022-05-30 14:06:35',NULL),(925,23,'Akta Perkawinan','2022-05-30 14:06:36',NULL),(926,22,'Menu','2022-05-30 14:07:01',NULL),(927,22,'LINK Layanan Adminduk','2022-05-30 14:07:06',NULL),(928,143,'TATA CARA LAYANAN ONLINE ADMINDUK','2022-05-30 14:07:12',NULL),(929,22,'*Instagram*','2022-05-30 14:07:12',NULL),(930,143,'Pengambilan Dokumen Administrasi Kependudukan','2022-05-30 14:07:17',NULL),(931,23,'JENIS-JENIS LAYANAN','2022-05-30 14:07:19',NULL),(932,34,'SYARAT UMUM PENGAJUAN ADMINDUK','2022-05-30 14:07:19',NULL),(933,143,'LINK Layanan Adminduk','2022-05-30 14:07:23',NULL),(934,34,'Akta Perkawinan','2022-05-30 14:07:23',NULL),(935,22,'Menu','2022-05-30 14:07:30',NULL),(936,22,'Saya Ingin Bertanya - NAMA-Nabil!NIK-0','2022-05-30 14:08:02',NULL),(937,22,'SYARAT UMUM PENGAJUAN ADMINDUK','2022-05-30 14:08:06',NULL),(938,22,'Akta Kematian','2022-05-30 14:08:12',NULL),(939,34,'SYARAT UMUM PENGAJUAN ADMINDUK','2022-05-30 14:08:28',NULL),(940,34,'Akta Perkawinan','2022-05-30 14:08:32',NULL),(941,22,'Menu','2022-05-30 14:09:04',NULL),(942,20,'Saya Ingin Bertanya - NAMA-Bayu Al!NIK-3578041504950005','2022-05-30 14:09:07',NULL),(943,22,'TATA CARA LAYANAN ONLINE ADMINDUK','2022-05-30 14:09:10',NULL),(944,20,'SYARAT UMUM PENGAJUAN ADMINDUK','2022-05-30 14:09:15',NULL),(945,22,'Aduan permasalahan masyarakat terkait administrasi','2022-05-30 14:09:17',NULL),(946,20,'KTP-eL','2022-05-30 14:09:19',NULL),(947,23,'SYARAT UMUM PENGAJUAN ADMINDUK','2022-05-30 14:09:21',NULL),(948,22,'*Website SAPA WARGA*','2022-05-30 14:09:22',NULL),(949,23,'Akta Perceraian','2022-05-30 14:09:26',NULL),(950,22,'TATA CARA LAYANAN ONLINE ADMINDUK','2022-05-30 14:09:41',NULL),(951,22,'Pengambilan Dokumen Administrasi Kependudukan','2022-05-30 14:09:47',NULL),(952,11,'Halo','2022-05-30 14:10:33',NULL),(953,22,'Menu','2022-05-30 14:10:38',NULL),(954,22,'SYARAT UMUM PENGAJUAN ADMINDUK','2022-05-30 14:10:44',NULL),(955,11,'JENIS-JENIS LAYANAN','2022-05-30 14:10:47',NULL),(956,22,'KTP-eL','2022-05-30 14:10:49',NULL),(957,23,'SYARAT UMUM PENGAJUAN ADMINDUK','2022-05-30 14:11:09',NULL),(958,23,'Akta Kelahiran','2022-05-30 14:11:13',NULL),(959,34,'SYARAT UMUM PENGAJUAN ADMINDUK','2022-05-30 14:11:16',NULL),(960,34,'Akta Perkawinan','2022-05-30 14:11:20',NULL),(961,22,'Menu','2022-05-30 14:11:55',NULL),(962,24,'JENIS-JENIS LAYANAN','2022-05-30 14:11:59',NULL),(963,22,'SYARAT UMUM PENGAJUAN ADMINDUK','2022-05-30 14:11:59',NULL),(964,22,'Syarat Umum KTP-eL','2022-05-30 14:12:04',NULL),(965,34,'SYARAT UMUM PENGAJUAN ADMINDUK','2022-05-30 14:12:05',NULL),(966,23,'SYARAT UMUM PENGAJUAN ADMINDUK','2022-05-30 14:12:06',NULL),(967,24,'Akta Perceraian','2022-05-30 14:12:10',NULL),(968,34,'Syarat Akta Kelahiran','2022-05-30 14:12:10',NULL),(969,23,'Syarat Akta Kelahiran','2022-05-30 14:12:13',NULL),(970,24,'SYARAT UMUM PENGAJUAN ADMINDUK','2022-05-30 14:12:57',NULL),(971,24,'Syarat Umum KTP-eL','2022-05-30 14:13:15',NULL),(972,23,'LINK Layanan Adminduk','2022-05-30 14:13:25',NULL),(973,22,'LINK Layanan Adminduk','2022-05-30 14:13:26',NULL),(974,34,'LINK Layanan Adminduk','2022-05-30 14:13:27',NULL),(975,23,'*Instagram*','2022-05-30 14:13:30',NULL),(976,34,'*Instagram*','2022-05-30 14:13:31',NULL),(977,22,'*Klampid*','2022-05-30 14:13:39',NULL),(978,34,'JENIS-JENIS LAYANAN','2022-05-30 14:13:43',NULL),(979,23,'LINK Layanan Adminduk','2022-05-30 14:13:45',NULL),(980,34,'Akta Kematian','2022-05-30 14:13:50',NULL),(981,23,'*Klampid*','2022-05-30 14:13:55',NULL),(982,22,'TATA CARA LAYANAN ONLINE ADMINDUK','2022-05-30 14:13:56',NULL),(983,22,'Aduan permasalahan masyarakat terkait administrasi','2022-05-30 14:14:04',NULL),(984,24,'JENIS-JENIS LAYANAN','2022-05-30 14:14:07',NULL),(985,22,'Menu','2022-05-30 14:14:26',NULL),(986,22,'TATA CARA LAYANAN ONLINE ADMINDUK','2022-05-30 14:14:33',NULL),(987,22,'Aduan permasalahan masyarakat terkait administrasi','2022-05-30 14:14:37',NULL),(988,22,'*Website SAPA WARGA*','2022-05-30 14:14:44',NULL),(989,22,'Menu','2022-05-30 14:14:49',NULL),(990,22,'LINK Layanan Adminduk','2022-05-30 14:14:54',NULL),(991,22,'*Instagram*','2022-05-30 14:14:59',NULL),(992,22,'Menu','2022-05-30 14:15:06',NULL),(993,34,'TATA CARA LAYANAN ONLINE ADMINDUK','2022-05-30 14:15:10',NULL),(994,22,'TATA CARA LAYANAN ONLINE ADMINDUK','2022-05-30 14:15:10',NULL),(995,34,'Aduan permasalahan masyarakat terkait administrasi','2022-05-30 14:15:15',NULL),(996,22,'Aduan permasalahan masyarakat terkait administrasi','2022-05-30 14:15:17',NULL),(997,34,'Website SAPA WARGA','2022-05-30 14:15:19',NULL),(998,22,'Website SAPA WARGA','2022-05-30 14:15:21',NULL),(999,34,'SYARAT UMUM PENGAJUAN ADMINDUK','2022-05-30 14:15:40',NULL),(1000,23,'SYARAT UMUM PENGAJUAN ADMINDUK','2022-05-30 14:15:41',NULL),(1001,34,'Syarat Umum Pemutakhiran Biodata','2022-05-30 14:15:44',NULL),(1002,23,'Syarat Umum Pemutakhiran Biodata','2022-05-30 14:15:46',NULL),(1003,22,'LINK Layanan Adminduk','2022-05-30 14:16:47',NULL),(1004,22,'Klampid','2022-05-30 14:16:52',NULL),(1005,34,'LINK Layanan Adminduk','2022-05-30 14:16:52',NULL),(1006,34,'Klampid','2022-05-30 14:17:00',NULL),(1007,22,'TATA CARA LAYANAN ONLINE ADMINDUK','2022-05-30 14:17:03',NULL),(1008,22,'Aduan permasalahan masyarakat terkait administrasi','2022-05-30 14:17:07',NULL),(1009,22,'Instagram','2022-05-30 14:17:15',NULL),(1010,22,'Menu','2022-05-30 14:17:35',NULL),(1011,22,'LINK Layanan Adminduk','2022-05-30 14:17:41',NULL),(1012,22,'Takon Klampid','2022-05-30 14:17:46',NULL),(1013,22,'LINK Layanan Adminduk','2022-05-30 14:17:58',NULL),(1014,22,'Instagram','2022-05-30 14:18:02',NULL),(1015,22,'TATA CARA LAYANAN ONLINE ADMINDUK','2022-05-30 14:18:11',NULL),(1016,22,'Aduan permasalahan masyarakat terkait administrasi','2022-05-30 14:18:18',NULL),(1017,22,'Instagram','2022-05-30 14:18:22',NULL),(1018,133,'Saya Ingin Bertanya - NAMA-ZAENAL ARIFIN!NIK-3506133105820001','2022-05-30 14:18:49',NULL),(1019,23,'SYARAT UMUM PENGAJUAN ADMINDUK','2022-05-30 14:18:54',NULL),(1020,23,'Syarat Umum Pindah Dalam Kota','2022-05-30 14:18:59',NULL),(1021,22,'LINK Layanan Adminduk','2022-05-30 14:19:04',NULL),(1022,22,'Link Instagram','2022-05-30 14:19:09',NULL),(1023,22,'LINK Layanan Adminduk','2022-05-30 14:19:22',NULL),(1024,22,'Twitter','2022-05-30 14:19:26',NULL),(1025,22,'TATA CARA LAYANAN ONLINE ADMINDUK','2022-05-30 14:19:35',NULL),(1026,22,'Aduan permasalahan masyarakat terkait administrasi','2022-05-30 14:19:39',NULL),(1027,22,'Twitter','2022-05-30 14:19:43',NULL),(1028,22,'TATA CARA LAYANAN ONLINE ADMINDUK','2022-05-30 14:19:59',NULL),(1029,22,'Aduan permasalahan masyarakat terkait administrasi','2022-05-30 14:20:11',NULL),(1030,143,'*Twitter*','2022-05-30 14:20:22',NULL),(1031,143,'LINK Layanan Adminduk','2022-05-30 14:20:37',NULL),(1032,143,'Link Instagram','2022-05-30 14:20:41',NULL),(1033,143,'Pertanyaan Umum terkait ADMINDUK','2022-05-30 14:21:04',NULL),(1034,22,'SSW e-KIOS LAYANAN PUBLIK','2022-05-30 14:21:30',NULL),(1035,143,'Bagaimana cara memperbaiki data jika ada yang sala','2022-05-30 14:21:40',NULL),(1036,143,'TATA CARA LAYANAN ONLINE ADMINDUK','2022-05-30 14:21:45',NULL),(1037,143,'Cara mengurus Pengajuan Permohonan melalui Online Mandiri Klampid','2022-05-30 14:21:58',NULL),(1038,22,'LINK Layanan Adminduk','2022-05-30 14:22:33',NULL),(1039,22,'E-mail Resmi Dispendukcapil','2022-05-30 14:22:39',NULL),(1040,22,'Selesai','2022-05-30 14:23:08',NULL),(1041,22,'TATA CARA LAYANAN ONLINE ADMINDUK','2022-05-30 14:23:28',NULL),(1042,22,'Cara mengurus Pengajuan Permohonan melalui Online Mandiri Klampid','2022-05-30 14:23:33',NULL),(1043,22,'AKUN KLAMPID','2022-05-30 14:23:37',NULL),(1044,86,'SYARAT UMUM PENGAJUAN ADMINDUK','2022-05-30 14:23:46',NULL),(1045,86,'Syarat Umum Akta Kelahiran','2022-05-30 14:23:53',NULL),(1046,86,'SYARAT UMUM PENGAJUAN ADMINDUK','2022-05-30 14:24:09',NULL),(1047,86,'Syarat Umum Pindah Dalam Kota','2022-05-30 14:24:17',NULL),(1048,22,'Selesai','2022-05-30 14:26:03',NULL),(1049,23,'SYARAT UMUM PENGAJUAN ADMINDUK','2022-05-30 14:26:13',NULL),(1050,23,'Syarat Umum Kartu Keluarga','2022-05-30 14:26:18',NULL),(1051,23,'JENIS-JENIS LAYANAN','2022-05-30 14:28:23',NULL),(1052,23,'Pemuktahiran Biodata','2022-05-30 14:28:29',NULL),(1053,143,'Tes','2022-05-30 14:28:31',NULL),(1054,20,'TATA CARA LAYANAN ONLINE ADMINDUK','2022-05-30 14:33:26',NULL),(1055,20,'Cara mengurus Pengajuan Permohonan melalui Online Mandiri Klampid','2022-05-30 14:33:32',NULL),(1056,20,'AKUN KLAMPID','2022-05-30 14:33:37',NULL),(1057,22,'TATA CARA LAYANAN ONLINE ADMINDUK','2022-05-30 14:34:31',NULL),(1058,22,'Cara mengurus Pengajuan Permohonan melalui Online Mandiri Klampid','2022-05-30 14:34:38',NULL),(1059,22,'AKUN KLAMPID','2022-05-30 14:34:43',NULL),(1060,34,'SYARAT UMUM PENGAJUAN ADMINDUK','2022-05-30 14:36:12',NULL),(1061,34,'Syarat Umum KTP-eL','2022-05-30 14:36:17',NULL),(1062,34,'Selesai','2022-05-30 14:37:21',NULL),(1063,118,'SYARAT UMUM PENGAJUAN ADMINDUK','2022-05-30 14:37:40',NULL),(1064,34,'TATA CARA LAYANAN ONLINE ADMINDUK','2022-05-30 14:37:40',NULL),(1065,34,'Untuk mengakhiri percakapan','2022-05-30 14:37:46',NULL),(1066,22,'Menu','2022-05-30 14:37:52',NULL),(1067,34,'Untuk mengakhiri percakapan','2022-05-30 14:37:54',NULL),(1068,118,'Syarat Umum Akta Perkawinan','2022-05-30 14:37:55',NULL),(1069,22,'TATA CARA LAYANAN ONLINE ADMINDUK','2022-05-30 14:38:21',NULL),(1070,34,'Selesai','2022-05-30 14:38:21',NULL),(1071,22,'Selesai','2022-05-30 14:38:25',NULL),(1072,118,'JENIS-JENIS LAYANAN','2022-05-30 14:38:40',NULL),(1073,118,'Akta Perkawinan','2022-05-30 14:38:47',NULL),(1074,118,'TATA CARA LAYANAN ONLINE ADMINDUK','2022-05-30 14:39:22',NULL),(1075,22,'Seleaai','2022-05-30 14:39:40',NULL),(1076,34,'TATA CARA LAYANAN ONLINE ADMINDUK','2022-05-30 14:39:45',NULL),(1077,34,'Seleesai','2022-05-30 14:39:47',NULL),(1078,22,'Selesai','2022-05-30 14:39:49',NULL),(1079,23,'SELESAI','2022-05-30 14:39:51',NULL),(1080,34,'selesai','2022-05-30 14:39:53',NULL),(1081,22,'TATA CARA LAYANAN ONLINE ADMINDUK','2022-05-30 14:39:56',NULL),(1082,147,'Saya Ingin Bertanya - NAMA-Dimas febriansyah!NIK-3578140402900001','2022-05-30 14:40:41',NULL),(1083,22,'Cara Mengetahui (Tracking) Proses Pengajuan Dokumen Permohonan Administrasi kependudukan','2022-05-30 14:41:19',NULL),(1084,34,'TATA CARA LAYANAN ONLINE ADMINDUK','2022-05-30 14:41:21',NULL),(1085,23,'SYARAT UMUM PENGAJUAN ADMINDUK','2022-05-30 14:41:29',NULL),(1086,34,'Menu','2022-05-30 14:41:32',NULL),(1087,23,'Syarat Umum Akta Kelahiran','2022-05-30 14:41:34',NULL),(1088,22,'AKUN TAKON KLAMPID','2022-05-30 14:41:40',NULL),(1089,23,'SYARAT UMUM PENGAJUAN ADMINDUK','2022-05-30 14:41:58',NULL),(1090,23,'Syarat Umum Akta Kematian','2022-05-30 14:42:10',NULL),(1091,147,'SYARAT UMUM PENGAJUAN ADMINDUK','2022-05-30 14:42:10',NULL),(1092,147,'Syarat Umum Pemutakhiran Biodata','2022-05-30 14:42:21',NULL),(1093,23,'SYARAT UMUM PENGAJUAN ADMINDUK','2022-05-30 14:42:59',NULL),(1094,23,'Syarat Umum KTP-eL','2022-05-30 14:43:05',NULL),(1095,23,'SYARAT UMUM PENGAJUAN ADMINDUK','2022-05-30 14:43:40',NULL),(1096,23,'Syarat Umum KTP-eL','2022-05-30 14:43:44',NULL),(1097,22,'TATA CARA LAYANAN ONLINE ADMINDUK','2022-05-30 14:43:51',NULL),(1098,22,'Cara mengurus Pengajuan Permohonan melalui Online Mandiri Klampid','2022-05-30 14:43:55',NULL),(1099,23,'SYARAT UMUM PENGAJUAN ADMINDUK','2022-05-30 14:44:17',NULL),(1100,23,'Syarat Umum KTP-eL','2022-05-30 14:44:21',NULL),(1101,22,'AKUN KLAMPID','2022-05-30 14:44:24',NULL),(1102,22,'TATA CARA LAYANAN ONLINE ADMINDUK','2022-05-30 14:44:46',NULL),(1103,22,'Aduan permasalahan masyarakat terkait administrasi','2022-05-30 14:44:50',NULL),(1104,22,'Instagram','2022-05-30 14:44:54',NULL),(1105,118,'Untuk mengakhiri percakapan','2022-05-30 14:45:16',NULL),(1106,23,'SYARAT UMUM PENGAJUAN ADMINDUK','2022-05-30 14:45:23',NULL),(1107,22,'TATA CARA LAYANAN ONLINE ADMINDUK','2022-05-30 14:45:25',NULL),(1108,23,'Syarat Umum KTP-eL','2022-05-30 14:45:27',NULL),(1109,22,'Aduan permasalahan masyarakat terkait administrasi','2022-05-30 14:45:29',NULL),(1110,118,'SYARAT UMUM PENGAJUAN ADMINDUK','2022-05-30 14:45:31',NULL),(1111,22,'Website SAPA WARGA','2022-05-30 14:45:34',NULL),(1112,118,'Syarat Umum KTP-eL','2022-05-30 14:45:36',NULL),(1113,118,'Selesai','2022-05-30 14:45:42',NULL),(1114,23,'SYARAT UMUM PENGAJUAN ADMINDUK','2022-05-30 14:45:50',NULL),(1115,23,'Syarat Umum KTP-eL','2022-05-30 14:45:54',NULL),(1116,22,'TATA CARA LAYANAN ONLINE ADMINDUK','2022-05-30 14:45:57',NULL),(1117,22,'Cara mengurus Pengajuan Permohonan melalui Online Mandiri Klampid','2022-05-30 14:46:02',NULL),(1118,22,'Menu','2022-05-30 14:46:09',NULL),(1119,22,'TATA CARA LAYANAN ONLINE ADMINDUK','2022-05-30 14:46:15',NULL),(1120,22,'Aduan permasalahan masyarakat terkait administrasi','2022-05-30 14:46:19',NULL),(1121,22,'Website SAPA WARGA','2022-05-30 14:46:23',NULL),(1122,118,'SYARAT UMUM PENGAJUAN ADMINDUK','2022-05-30 14:46:31',NULL),(1123,118,'Syarat Umum KTP-eL','2022-05-30 14:46:35',NULL),(1124,22,'TATA CARA LAYANAN ONLINE ADMINDUK','2022-05-30 14:46:50',NULL),(1125,22,'Cara mengurus Pengajuan Permohonan melalui Online Mandiri Klampid','2022-05-30 14:46:56',NULL),(1126,118,'SYARAT UMUM PENGAJUAN ADMINDUK','2022-05-30 14:47:15',NULL),(1127,118,'Syarat Umum KTP-eL','2022-05-30 14:47:21',NULL),(1128,23,'SYARAT UMUM PENGAJUAN ADMINDUK','2022-05-30 14:47:36',NULL),(1129,23,'Syarat Umum Akta Kelahiran','2022-05-30 14:47:40',NULL),(1130,22,'Menu','2022-05-30 14:47:43',NULL),(1131,23,'SYARAT UMUM PENGAJUAN ADMINDUK','2022-05-30 14:47:44',NULL),(1132,22,'TATA CARA LAYANAN ONLINE ADMINDUK','2022-05-30 14:47:48',NULL),(1133,23,'Syarat Umum KTP-eL','2022-05-30 14:47:48',NULL),(1134,22,'Cara mengurus Pengajuan Permohonan melalui Online Mandiri Klampid','2022-05-30 14:47:52',NULL),(1135,22,'AKUN KLAMPID','2022-05-30 14:47:58',NULL),(1136,34,'TATA CARA LAYANAN ONLINE ADMINDUK','2022-05-30 14:48:17',NULL),(1137,34,'SYARAT UMUM PENGAJUAN ADMINDUK','2022-05-30 14:48:21',NULL),(1138,22,'TATA CARA LAYANAN ONLINE ADMINDUK','2022-05-30 14:48:23',NULL),(1139,34,'Syarat Umum KTP-eL','2022-05-30 14:48:26',NULL),(1140,22,'Cara mengurus Pengajuan Permohonan melalui Online Mandiri Klampid','2022-05-30 14:48:27',NULL),(1141,22,'AKUN KLAMPID','2022-05-30 14:48:32',NULL),(1142,24,'Memu','2022-05-30 14:48:57',NULL),(1143,24,'TATA CARA LAYANAN ONLINE ADMINDUK','2022-05-30 14:49:05',NULL),(1144,24,'Cara mengurus Pengajuan Permohonan melalui Online Mandiri Klampid','2022-05-30 14:49:11',NULL),(1145,23,'SYARAT UMUM PENGAJUAN ADMINDUK','2022-05-30 14:50:01',NULL),(1146,23,'Syarat Umum KTP-eL','2022-05-30 14:50:06',NULL),(1147,34,'SYARAT UMUM PENGAJUAN ADMINDUK','2022-05-30 14:50:07',NULL),(1148,147,'LINK Layanan Adminduk','2022-05-30 14:50:21',NULL),(1149,147,'E-mail Resmi Dispendukcapil','2022-05-30 14:50:32',NULL),(1150,23,'SYARAT UMUM PENGAJUAN ADMINDUK','2022-05-30 14:50:35',NULL),(1151,23,'Syarat Umum KTP-eL','2022-05-30 14:50:41',NULL),(1152,34,'Syarat Umum KTP-eL','2022-05-30 14:51:20',NULL),(1153,23,'SYARAT UMUM PENGAJUAN ADMINDUK','2022-05-30 14:51:29',NULL),(1154,23,'Syarat Umum KTP-eL','2022-05-30 14:51:33',NULL),(1155,23,'Selesai','2022-05-30 14:51:50',NULL),(1156,23,'SYARAT UMUM PENGAJUAN ADMINDUK','2022-05-30 14:51:54',NULL),(1157,23,'Syarat Umum KTP-eL','2022-05-30 14:51:58',NULL),(1158,34,'SYARAT UMUM PENGAJUAN ADMINDUK','2022-05-30 14:52:09',NULL),(1159,34,'Syarat Umum KTP-eL','2022-05-30 14:52:13',NULL),(1160,34,'selesai','2022-05-30 14:52:19',NULL),(1161,20,'Untuk mengakhiri percakapan','2022-05-30 14:53:02',NULL),(1162,23,'JENIS-JENIS LAYANAN','2022-05-30 14:53:08',NULL),(1163,20,'TATA CARA LAYANAN ONLINE ADMINDUK','2022-05-30 14:53:12',NULL),(1164,23,'Pemuktahiran Biodata','2022-05-30 14:53:15',NULL),(1165,20,'Cara mengurus Pengajuan Permohonan melalui Online Mandiri Klampid','2022-05-30 14:53:17',NULL),(1166,22,'SYARAT UMUM PENGAJUAN ADMINDUK','2022-05-30 14:53:27',NULL),(1167,20,'AKUN KLAMPID','2022-05-30 14:53:30',NULL),(1168,22,'Syarat Umum KTP-eL','2022-05-30 14:53:31',NULL),(1169,20,'Selesai','2022-05-30 14:53:40',NULL),(1170,22,'Menu','2022-05-30 14:53:59',NULL),(1171,30,'Selesai','2022-05-30 14:54:15',NULL),(1172,20,'TATA CARA LAYANAN ONLINE ADMINDUK','2022-05-30 14:54:42',NULL),(1173,20,'Cara mengurus Pengajuan Permohonan melalui Online Mandiri Klampid','2022-05-30 14:54:48',NULL),(1174,148,'Tes','2022-05-30 14:55:53',NULL),(1175,148,'TATA CARA LAYANAN ONLINE ADMINDUK','2022-05-30 14:56:02',NULL),(1176,148,'Cara mengurus Pengajuan Permohonan melalui Online Mandiri Klampid','2022-05-30 14:56:09',NULL),(1177,20,'Selesai','2022-05-30 14:56:18',NULL),(1178,24,'P','2022-05-30 14:56:25',NULL),(1179,24,'SYARAT UMUM PENGAJUAN ADMINDUK','2022-05-30 14:56:33',NULL),(1180,24,'Syarat Umum KTP-eL','2022-05-30 14:56:39',NULL),(1181,24,'Menu','2022-05-30 14:57:01',NULL),(1182,34,'SYARAT UMUM PENGAJUAN ADMINDUK','2022-05-30 14:57:03',NULL),(1183,24,'TATA CARA LAYANAN ONLINE ADMINDUK','2022-05-30 14:57:05',NULL),(1184,34,'Syarat Umum KTP-eL','2022-05-30 14:57:08',NULL),(1185,24,'Cara mengurus Pengajuan Permohonan melalui Online Mandiri Klampid','2022-05-30 14:57:09',NULL),(1186,20,'AKUN KLAMPID','2022-05-30 14:57:19',NULL),(1187,20,'Menu','2022-05-30 14:57:30',NULL),(1188,20,'TATA CARA LAYANAN ONLINE ADMINDUK','2022-05-30 14:57:35',NULL),(1189,20,'Cara mengurus Pengajuan Permohonan melalui Online Mandiri Klampid','2022-05-30 14:57:40',NULL),(1190,34,'SYARAT UMUM PENGAJUAN ADMINDUK','2022-05-30 14:58:04',NULL),(1191,34,'Syarat Umum KTP-eL','2022-05-30 14:58:07',NULL),(1192,149,'Saya Ingin Bertanya - NAMA-Rizaful Narurohman!NIK-3578271907960001','2022-05-30 14:58:26',NULL),(1193,34,'SYARAT UMUM PENGAJUAN ADMINDUK','2022-05-30 14:58:40',NULL),(1194,34,'Syarat Umum KTP-eL','2022-05-30 14:58:44',NULL),(1195,22,'TATA CARA LAYANAN ONLINE ADMINDUK','2022-05-30 14:59:57',NULL),(1196,22,'Cara mengurus Pengajuan Permohonan melalui Online Mandiri Klampid','2022-05-30 15:00:02',NULL),(1197,34,'TATA CARA LAYANAN ONLINE ADMINDUK','2022-05-30 15:00:02',NULL),(1198,34,'Selesai','2022-05-30 15:00:09',NULL),(1199,22,'AKUN KLAMPID','2022-05-30 15:00:10',NULL),(1200,34,'SYARAT UMUM PENGAJUAN ADMINDUK','2022-05-30 15:00:15',NULL),(1201,34,'Syarat Umum Akta Kelahiran','2022-05-30 15:00:19',NULL),(1202,22,'TATA CARA LAYANAN ONLINE ADMINDUK','2022-05-30 15:01:29',NULL),(1203,34,'TATA CARA LAYANAN ONLINE ADMINDUK','2022-05-30 15:01:31',NULL),(1204,22,'Cara mengurus Pengajuan Permohonan melalui Online Mandiri Klampid','2022-05-30 15:01:33',NULL),(1205,22,'AKUN KLAMPID','2022-05-30 15:01:37',NULL),(1206,34,'Cara mengurus Pengajuan Permohonan melalui Online Mandiri Klampid','2022-05-30 15:01:40',NULL),(1207,34,'AKUN KLAMPID','2022-05-30 15:01:45',NULL),(1208,22,'Selesai','2022-05-30 15:02:01',NULL),(1209,23,'Selesai','2022-05-30 15:02:09',NULL),(1210,22,'TATA CARA LAYANAN ONLINE ADMINDUK','2022-05-30 15:02:36',NULL),(1211,22,'Cara mengurus Pengajuan Permohonan melalui Online Mandiri Klampid','2022-05-30 15:02:40',NULL),(1212,22,'AKUN KLAMPID','2022-05-30 15:02:44',NULL),(1213,23,'TATA CARA LAYANAN ONLINE ADMINDUK','2022-05-30 15:03:02',NULL),(1214,23,'Cara mengurus Pengajuan Permohonan melalui Online Mandiri Klampid','2022-05-30 15:03:08',NULL),(1215,23,'AKUN KLAMPID','2022-05-30 15:03:25',NULL),(1216,22,'Selesai','2022-05-30 15:03:31',NULL),(1217,22,'Menu','2022-05-30 15:03:36',NULL),(1218,34,'TATA CARA LAYANAN ONLINE ADMINDUK','2022-05-30 15:03:39',NULL),(1219,22,'TATA CARA LAYANAN ONLINE ADMINDUK','2022-05-30 15:03:39',NULL),(1220,34,'Cara mengurus Pengajuan Permohonan melalui Online Mandiri Klampid','2022-05-30 15:03:44',NULL),(1221,22,'Cara mengurus Pengajuan Permohonan melalui Online Mandiri Klampid','2022-05-30 15:03:46',NULL),(1222,22,'AKUN KLAMPID','2022-05-30 15:03:54',NULL),(1223,34,'AKUN KLAMPID','2022-05-30 15:04:05',NULL),(1224,34,'Selesai','2022-05-30 15:04:19',NULL),(1225,34,'SYARAT UMUM PENGAJUAN ADMINDUK','2022-05-30 15:04:27',NULL),(1226,34,'Syarat Umum Akta Kelahiran','2022-05-30 15:04:34',NULL),(1227,149,'TATA CARA LAYANAN ONLINE ADMINDUK','2022-05-30 15:05:11',NULL),(1228,34,'SYARAT UMUM PENGAJUAN ADMINDUK','2022-05-30 15:05:19',NULL),(1229,34,'Syarat Umum Akta Kelahiran','2022-05-30 15:05:25',NULL),(1230,5,'Hai','2022-05-30 15:05:55',NULL),(1231,34,'SYARAT UMUM PENGAJUAN ADMINDUK','2022-05-30 15:05:55',NULL),(1232,34,'Syarat Umum Akta Kelahiran','2022-05-30 15:06:01',NULL),(1233,5,'TATA CARA LAYANAN ONLINE ADMINDUK','2022-05-30 15:06:05',NULL),(1234,5,'Proses Pengajuan Permohonan Dokumen Administrasi Kependudukan','2022-05-30 15:06:14',NULL),(1235,34,'TATA CARA LAYANAN ONLINE ADMINDUK','2022-05-30 15:06:32',NULL),(1236,34,'Cara mengurus Pengajuan Permohonan melalui Online Mandiri Klampid','2022-05-30 15:06:41',NULL),(1237,23,'Selesai','2022-05-30 15:06:43',NULL),(1238,34,'AKUN KLAMPID','2022-05-30 15:06:46',NULL),(1239,30,'TATA CARA LAYANAN ONLINE ADMINDUK','2022-05-30 15:06:48',NULL),(1240,34,'Selesai','2022-05-30 15:06:50',NULL),(1241,34,'SYARAT UMUM PENGAJUAN ADMINDUK','2022-05-30 15:06:54',NULL),(1242,23,'SYARAT UMUM PENGAJUAN ADMINDUK','2022-05-30 15:07:01',NULL),(1243,34,'Syarat Umum Akta Kelahiran','2022-05-30 15:07:03',NULL),(1244,23,'Syarat Umum KTP-eL','2022-05-30 15:07:06',NULL),(1245,30,'Cara mengurus Pengajuan Permohonan melalui Online Mandiri Klampid','2022-05-30 15:07:12',NULL),(1246,30,'AKUN KLAMPID','2022-05-30 15:07:18',NULL),(1247,22,'Menu','2022-05-30 15:07:23',NULL),(1248,22,'TATA CARA LAYANAN ONLINE ADMINDUK','2022-05-30 15:07:27',NULL),(1249,34,'SYARAT UMUM PENGAJUAN ADMINDUK','2022-05-30 15:07:28',NULL),(1250,22,'Cara mengurus Pengajuan Permohonan melalui Online Mandiri Klampid','2022-05-30 15:07:31',NULL),(1251,34,'Syarat Umum Akta Kelahiran','2022-05-30 15:07:32',NULL),(1252,22,'AKUN KLAMPID','2022-05-30 15:07:36',NULL),(1253,23,'TATA CARA LAYANAN ONLINE ADMINDUK','2022-05-30 15:07:53',NULL),(1254,34,'SYARAT UMUM PENGAJUAN ADMINDUK','2022-05-30 15:07:54',NULL),(1255,22,'Akhiri Percakapan?','2022-05-30 15:07:56',NULL),(1256,23,'Cara mengurus Pengajuan Permohonan melalui Online Mandiri Klampid','2022-05-30 15:07:58',NULL),(1257,34,'Syarat Umum Akta Kelahiran','2022-05-30 15:07:58',NULL),(1258,23,'AKUN KLAMPID','2022-05-30 15:08:03',NULL),(1259,34,'SYARAT UMUM PENGAJUAN ADMINDUK','2022-05-30 15:08:22',NULL),(1260,34,'Syarat Umum Akta Kelahiran','2022-05-30 15:08:27',NULL),(1261,23,'SYARAT UMUM PENGAJUAN ADMINDUK','2022-05-30 15:08:32',NULL),(1262,23,'Syarat Umum KTP-eL','2022-05-30 15:08:36',NULL),(1263,22,'TATA CARA LAYANAN ONLINE ADMINDUK','2022-05-30 15:08:53',NULL),(1264,22,'Cara mengurus Pengajuan Permohonan melalui Online Mandiri Klampid','2022-05-30 15:08:59',NULL),(1265,22,'AKUN KLAMPID','2022-05-30 15:09:02',NULL),(1266,23,'SYARAT UMUM PENGAJUAN ADMINDUK','2022-05-30 15:09:08',NULL),(1267,22,'AKUN KLAMPID','2022-05-30 15:09:10',NULL),(1268,23,'Syarat Umum KTP-eL','2022-05-30 15:09:13',NULL),(1269,23,'Syarat Umum Akta Kematian','2022-05-30 15:09:28',NULL),(1270,22,'AKUN KLAMPID','2022-05-30 15:09:31',NULL),(1271,34,'p','2022-05-30 15:09:33',NULL),(1272,20,'AKUN KLAMPID','2022-05-30 15:09:38',NULL),(1273,118,'Hallo','2022-05-30 15:09:51',NULL),(1274,24,'Menu','2022-05-30 15:10:01',NULL),(1275,24,'p','2022-05-30 15:10:02',NULL),(1276,23,'Syarat Umum KTP-eL','2022-05-30 15:10:06',NULL),(1277,20,'Menu','2022-05-30 15:10:07',NULL),(1278,34,'p','2022-05-30 15:10:31',NULL),(1279,20,'AKUN KLAMPID','2022-05-30 15:10:38',NULL),(1280,30,'hallo','2022-05-30 15:10:43',NULL),(1281,22,'Menu','2022-05-30 15:11:32',NULL),(1282,23,'Syarat Umum KTP-eL','2022-05-30 15:15:31',NULL),(1283,22,'P','2022-05-30 15:20:42',NULL),(1284,23,'Yes','2022-05-30 15:20:51',NULL),(1285,20,'Menu','2022-05-30 15:20:53',NULL),(1286,34,'p','2022-05-30 15:20:58',NULL),(1287,23,'Tes','2022-05-30 15:20:59',NULL),(1288,20,'AKUN KLAMPID','2022-05-30 15:21:46',NULL),(1289,20,'TATA CARA LAYANAN ONLINE ADMINDUK','2022-05-30 15:21:51',NULL),(1290,22,'Menu','2022-05-30 15:21:54',NULL),(1291,20,'Cara mengurus Pengajuan Permohonan melalui Online Mandiri Klampid','2022-05-30 15:21:59',NULL),(1292,22,'TATA CARA LAYANAN ONLINE ADMINDUK','2022-05-30 15:22:02',NULL),(1293,22,'Cara mengurus Pengajuan Permohonan melalui Online Mandiri Klampid','2022-05-30 15:22:07',NULL),(1294,22,'Men7','2022-05-30 15:22:52',NULL),(1295,22,'TATA CARA LAYANAN ONLINE ADMINDUK','2022-05-30 15:22:56',NULL),(1296,22,'TATA CARA LAYANAN ONLINE ADMINDUK','2022-05-30 15:23:02',NULL),(1297,22,'Menu','2022-05-30 15:24:04',NULL),(1298,22,'TATA CARA LAYANAN ONLINE ADMINDUK','2022-05-30 15:24:10',NULL),(1299,22,'Cara mengurus Pengajuan Permohonan melalui Online Mandiri Klampid','2022-05-30 15:24:15',NULL),(1300,22,'AKUN KLAMPID','2022-05-30 15:24:19',NULL),(1301,22,'Menu','2022-05-30 15:25:08',NULL),(1302,34,'p','2022-05-30 15:25:11',NULL),(1303,34,'SYARAT UMUM PENGAJUAN ADMINDUK','2022-05-30 15:25:24',NULL),(1304,22,'TATA CARA LAYANAN ONLINE ADMINDUK','2022-05-30 15:25:24',NULL),(1305,22,'Cara mengurus Pengajuan Permohonan melalui Online Mandiri Klampid','2022-05-30 15:25:30',NULL),(1306,22,'AKUN KLAMPID','2022-05-30 15:25:34',NULL),(1307,34,'Syarat Umum KTP-eL','2022-05-30 15:25:37',NULL),(1308,34,'Q','2022-05-30 15:25:42',NULL),(1309,34,'TATA CARA LAYANAN ONLINE ADMINDUK','2022-05-30 15:25:59',NULL),(1310,34,'Cara mengurus Pengajuan Permohonan melalui Online Mandiri Klampid','2022-05-30 15:26:04',NULL),(1311,34,'AKUN KLAMPID','2022-05-30 15:26:08',NULL),(1312,34,'q','2022-05-30 15:26:25',NULL),(1313,34,'seledai','2022-05-30 15:26:28',NULL),(1314,34,'selesai','2022-05-30 15:26:31',NULL),(1315,22,'Q','2022-05-30 15:26:49',NULL),(1316,22,'Selesai','2022-05-30 15:26:55',NULL),(1317,34,'Q','2022-05-30 15:26:55',NULL),(1318,34,'Akhiri Percakapan?','2022-05-30 15:27:14',NULL),(1319,20,'Menu','2022-05-30 15:27:16',NULL),(1320,20,'Akhiri Percakapan?','2022-05-30 15:27:25',NULL),(1321,22,'Akhiri Percakapan?','2022-05-30 15:27:28',NULL),(1322,125,'Apa kabar?','2022-05-30 15:27:28',NULL),(1323,34,'Terimakasih','2022-05-30 15:27:55',NULL),(1324,22,'TATA CARA LAYANAN ONLINE ADMINDUK','2022-05-30 15:27:58',NULL),(1325,22,'Menu','2022-05-30 15:28:02',NULL),(1326,34,'Terima Kasih','2022-05-30 15:28:02',NULL),(1327,22,'TATA CARA LAYANAN ONLINE ADMINDUK','2022-05-30 15:28:06',NULL),(1328,34,'Akhiri Percakapan?','2022-05-30 15:28:09',NULL),(1329,22,'Cara mengurus Pengajuan Permohonan melalui Online Mandiri Klampid','2022-05-30 15:28:17',NULL),(1330,22,'AKUN KLAMPID','2022-05-30 15:28:21',NULL),(1331,125,'Akhiri Percakapan?','2022-05-30 15:28:35',NULL),(1332,34,'TATA CARA LAYANAN ONLINE ADMINDUK','2022-05-30 15:29:04',NULL),(1333,22,'Menu','2022-05-30 15:29:06',NULL),(1334,22,'TATA CARA LAYANAN ONLINE ADMINDUK','2022-05-30 15:29:10',NULL),(1335,22,'Cara mengurus Pengajuan Permohonan melalui Online Mandiri Klampid','2022-05-30 15:29:13',NULL),(1336,22,'AKUN KLAMPID','2022-05-30 15:29:17',NULL),(1337,22,'Menu','2022-05-30 15:30:28',NULL),(1338,22,'TATA CARA LAYANAN ONLINE ADMINDUK','2022-05-30 15:30:33',NULL),(1339,20,'TATA CARA LAYANAN ONLINE ADMINDUK','2022-05-30 15:30:33',NULL),(1340,22,'Cara mengurus Pengajuan Permohonan melalui Online Mandiri Klampid','2022-05-30 15:30:37',NULL),(1341,20,'Cara mengurus Pengajuan Permohonan melalui Online Mandiri Klampid','2022-05-30 15:30:38',NULL),(1342,22,'AKUN KLAMPID','2022-05-30 15:30:40',NULL),(1343,20,'AKUN KLAMPID','2022-05-30 15:30:43',NULL),(1344,22,'Me','2022-05-30 15:32:23',NULL),(1345,22,'TATA CARA LAYANAN ONLINE ADMINDUK','2022-05-30 15:32:27',NULL),(1346,22,'Cara mengurus Pengajuan Permohonan melalui Online Mandiri Klampid','2022-05-30 15:32:31',NULL),(1347,22,'AKUN KLAMPID','2022-05-30 15:33:00',NULL),(1348,20,'TATA CARA LAYANAN ONLINE ADMINDUK','2022-05-30 15:33:21',NULL),(1349,20,'Cara mengurus Pengajuan Permohonan melalui Online Mandiri Klampid','2022-05-30 15:33:26',NULL),(1350,20,'selesai','2022-05-30 15:33:42',NULL),(1351,30,'Hallo','2022-05-30 15:35:13',NULL),(1352,30,'TATA CARA LAYANAN ONLINE ADMINDUK','2022-05-30 15:35:20',NULL),(1353,30,'Cara mengurus Pengajuan Permohonan melalui Online Mandiri Klampid','2022-05-30 15:35:27',NULL),(1354,20,'AKUN KLAMPID','2022-05-30 15:35:31',NULL),(1355,20,'Saya Ingin Bertanya - NAMA-Bayu Al!NIK-3578041504950005','2022-05-30 15:38:10',NULL),(1356,20,'TATA CARA LAYANAN ONLINE ADMINDUK','2022-05-30 15:38:21',NULL),(1357,20,'Cara mengurus Pengajuan Permohonan melalui Online Mandiri Klampid','2022-05-30 15:38:27',NULL),(1358,20,'AKUN KLAMPID','2022-05-30 15:40:30',NULL),(1359,20,'TATA CARA LAYANAN ONLINE ADMINDUK','2022-05-30 15:40:44',NULL),(1360,20,'Aduan permasalahan masyarakat terkait administrasi','2022-05-30 15:40:49',NULL),(1361,20,'Website SAPA WARGA','2022-05-30 15:40:54',NULL),(1362,30,'Cara mengurus Pengajuan Permohonan melalui Online Mandiri Klampid','2022-05-30 15:41:01',NULL),(1363,34,'p','2022-05-30 15:41:22',NULL),(1364,34,'TATA CARA LAYANAN ONLINE ADMINDUK','2022-05-30 15:41:26',NULL),(1365,34,'Cara mengurus Pengajuan Permohonan melalui Online Mandiri Klampid','2022-05-30 15:41:30',NULL),(1366,34,'AKUN KLAMPID','2022-05-30 15:41:36',NULL),(1367,20,'TATA CARA LAYANAN ONLINE ADMINDUK','2022-05-30 15:41:37',NULL),(1368,20,'Cara mengurus Pengajuan Permohonan melalui Online Mandiri Klampid','2022-05-30 15:41:41',NULL),(1369,20,'AKUN KLAMPID','2022-05-30 15:41:55',NULL),(1370,20,'TATA CARA LAYANAN ONLINE ADMINDUK','2022-05-30 15:42:04',NULL),(1371,20,'Cara mengurus Pengajuan Permohonan melalui Online Mandiri Klampid','2022-05-30 15:42:11',NULL),(1372,23,'Syarat Umum KTP-eL','2022-05-30 15:42:18',NULL),(1373,143,'Tesss','2022-05-30 15:42:37',NULL),(1374,143,'Pertanyaan Umum terkait ADMINDUK','2022-05-30 15:42:45',NULL),(1375,20,'AKUN KLAMPID','2022-05-30 15:42:48',NULL),(1376,143,'Bagaimana cara memperbaiki data jika ada yang sala','2022-05-30 15:42:50',NULL),(1377,143,'Selesai','2022-05-30 15:43:07',NULL),(1378,20,'Menu','2022-05-30 15:43:07',NULL),(1379,20,'TATA CARA LAYANAN ONLINE ADMINDUK','2022-05-30 15:43:12',NULL),(1380,20,'Cara mengurus Pengajuan Permohonan melalui Online Mandiri Klampid','2022-05-30 15:43:17',NULL),(1381,143,'SYARAT UMUM PENGAJUAN ADMINDUK','2022-05-30 15:43:18',NULL),(1382,20,'AKUN KLAMPID','2022-05-30 15:43:22',NULL),(1383,143,'Syarat Umum Pindah Dalam Kota','2022-05-30 15:43:45',NULL),(1384,19,'Hallo','2022-05-30 15:44:02',NULL),(1385,19,'TATA CARA LAYANAN ONLINE ADMINDUK','2022-05-30 15:44:07',NULL),(1386,19,'Cara mengurus Pengajuan Permohonan melalui Online Mandiri Klampid','2022-05-30 15:44:13',NULL),(1387,22,'Menu','2022-05-30 15:44:27',NULL),(1388,22,'TATA CARA LAYANAN ONLINE ADMINDUK','2022-05-30 15:44:33',NULL),(1389,22,'Cara mengurus Pengajuan Permohonan melalui Online Mandiri Klampid','2022-05-30 15:44:37',NULL),(1390,22,'AKUN KLAMPID','2022-05-30 15:44:41',NULL),(1391,22,'TATA CARA LAYANAN ONLINE ADMINDUK','2022-05-30 15:44:50',NULL),(1392,22,'Aduan permasalahan masyarakat terkait administrasi','2022-05-30 15:44:54',NULL),(1393,20,'TATA CARA LAYANAN ONLINE ADMINDUK','2022-05-30 15:44:59',NULL),(1394,22,'Website SAPA WARGA','2022-05-30 15:45:02',NULL),(1395,20,'Aduan permasalahan masyarakat terkait administrasi','2022-05-30 15:45:05',NULL),(1396,20,'Website SAPA WARGA','2022-05-30 15:45:10',NULL),(1397,22,'TATA CARA LAYANAN ONLINE ADMINDUK','2022-05-30 15:45:10',NULL),(1398,22,'Cara mengurus Pengajuan Permohonan melalui Online Mandiri Klampid','2022-05-30 15:45:18',NULL),(1399,19,'AKUN KLAMPID','2022-05-30 15:45:18',NULL),(1400,22,'AKUN KLAMPID','2022-05-30 15:45:22',NULL),(1401,22,'SYARAT UMUM PENGAJUAN ADMINDUK','2022-05-30 15:45:27',NULL),(1402,22,'Syarat Umum KTP-eL','2022-05-30 15:45:33',NULL),(1403,30,'AKUN KLAMPID','2022-05-30 15:45:38',NULL),(1404,34,'TATA CARA LAYANAN ONLINE ADMINDUK','2022-05-30 15:45:53',NULL),(1405,22,'TATA CARA LAYANAN ONLINE ADMINDUK','2022-05-30 15:45:54',NULL),(1406,22,'Aduan permasalahan masyarakat terkait administrasi','2022-05-30 15:45:59',NULL),(1407,34,'Aduan permasalahan masyarakat terkait administrasi','2022-05-30 15:45:59',NULL),(1408,23,'TATA CARA LAYANAN ONLINE ADMINDUK','2022-05-30 15:46:01',NULL),(1409,22,'Website SAPA WARGA','2022-05-30 15:46:04',NULL),(1410,34,'Website SAPA WARGA','2022-05-30 15:46:04',NULL),(1411,23,'Aduan permasalahan masyarakat terkait administrasi','2022-05-30 15:46:07',NULL),(1412,23,'Website SAPA WARGA','2022-05-30 15:46:16',NULL),(1413,34,'TATA CARA LAYANAN ONLINE ADMINDUK','2022-05-30 15:46:22',NULL),(1414,34,'Aduan permasalahan masyarakat terkait administrasi','2022-05-30 15:46:27',NULL),(1415,143,'TATA CARA LAYANAN ONLINE ADMINDUK','2022-05-30 15:46:28',NULL),(1416,24,'Menu','2022-05-30 15:46:29',NULL),(1417,125,'Hallo','2022-05-30 15:46:30',NULL),(1418,24,'TATA CARA LAYANAN ONLINE ADMINDUK','2022-05-30 15:46:34',NULL),(1419,34,'Website SAPA WARGA','2022-05-30 15:46:34',NULL),(1420,125,'TATA CARA LAYANAN ONLINE ADMINDUK','2022-05-30 15:46:37',NULL),(1421,24,'Aduan permasalahan masyarakat terkait administrasi','2022-05-30 15:46:38',NULL),(1422,24,'Website SAPA WARGA','2022-05-30 15:46:46',NULL),(1423,143,'Aduan permasalahan masyarakat terkait administrasi','2022-05-30 15:47:01',NULL),(1424,143,'Website SAPA WARGA','2022-05-30 15:47:06',NULL),(1425,148,'Menu','2022-05-30 15:47:12',NULL),(1426,148,'TATA CARA LAYANAN ONLINE ADMINDUK','2022-05-30 15:47:17',NULL),(1427,22,'SYARAT UMUM PENGAJUAN ADMINDUK','2022-05-30 15:47:20',NULL),(1428,148,'Aduan permasalahan masyarakat terkait administrasi','2022-05-30 15:47:23',NULL),(1429,34,'TATA CARA LAYANAN ONLINE ADMINDUK','2022-05-30 15:47:24',NULL),(1430,22,'Syarat Umum Akta Kelahiran','2022-05-30 15:47:25',NULL),(1431,148,'Website SAPA WARGA','2022-05-30 15:47:27',NULL),(1432,34,'Aduan permasalahan masyarakat terkait administrasi','2022-05-30 15:47:29',NULL),(1433,34,'Website SAPA WARGA','2022-05-30 15:47:33',NULL),(1434,23,'TATA CARA LAYANAN ONLINE ADMINDUK','2022-05-30 15:47:35',NULL),(1435,22,'SYARAT UMUM PENGAJUAN ADMINDUK','2022-05-30 15:47:35',NULL),(1436,125,'Tata Cara mencetak Dokumen Administrasi Kependudukan jika sudah diterbitkan melalui situs Online Mandiri KLAMPID','2022-05-30 15:47:35',NULL),(1437,23,'Aduan permasalahan masyarakat terkait administrasi','2022-05-30 15:47:39',NULL),(1438,23,'Website SAPA WARGA','2022-05-30 15:47:43',NULL),(1439,22,'Syarat Umum Akta Kematian','2022-05-30 15:47:44',NULL),(1440,22,'SYARAT UMUM PENGAJUAN ADMINDUK','2022-05-30 15:48:00',NULL),(1441,125,'Akhiri Percakapan?','2022-05-30 15:48:05',NULL),(1442,22,'Syarat Umum Kartu Keluarga','2022-05-30 15:48:08',NULL),(1443,118,'Hallo','2022-05-30 15:48:10',NULL),(1444,118,'TATA CARA LAYANAN ONLINE ADMINDUK','2022-05-30 15:48:15',NULL),(1445,118,'Aduan permasalahan masyarakat terkait administrasi','2022-05-30 15:48:25',NULL),(1446,118,'Website SAPA WARGA','2022-05-30 15:48:29',NULL),(1447,118,'TATA CARA LAYANAN ONLINE ADMINDUK','2022-05-30 15:48:36',NULL),(1448,118,'Cara mengurus Pengajuan Permohonan melalui Online Mandiri Klampid','2022-05-30 15:48:44',NULL),(1449,23,'SYARAT UMUM PENGAJUAN ADMINDUK','2022-05-30 15:48:49',NULL),(1450,118,'Selesai','2022-05-30 15:48:52',NULL),(1451,23,'Syarat Umum KTP-eL','2022-05-30 15:48:55',NULL),(1452,16,'Teat','2022-05-30 15:50:11',NULL),(1453,16,'TATA CARA LAYANAN ONLINE ADMINDUK','2022-05-30 15:50:16',NULL),(1454,16,'Cara mengurus Pengajuan Permohonan melalui Online Mandiri Klampid','2022-05-30 15:50:24',NULL),(1455,16,'AKUN KLAMPID','2022-05-30 15:50:29',NULL),(1456,20,'Menu','2022-05-30 15:50:53',NULL),(1457,20,'TATA CARA LAYANAN ONLINE ADMINDUK','2022-05-30 15:50:58',NULL),(1458,20,'Cara mengurus Pengajuan Permohonan melalui Online Mandiri Klampid','2022-05-30 15:51:03',NULL),(1459,20,'AKUN KLAMPID','2022-05-30 15:51:07',NULL),(1460,16,'TATA CARA LAYANAN ONLINE ADMINDUK','2022-05-30 15:52:38',NULL),(1461,22,'Menu','2022-05-30 15:52:40',NULL),(1462,16,'Cara mengurus Pengajuan Permohonan melalui Online Mandiri Klampid','2022-05-30 15:52:43',NULL),(1463,22,'TATA CARA LAYANAN ONLINE ADMINDUK','2022-05-30 15:52:45',NULL),(1464,16,'AKUN KLAMPID','2022-05-30 15:52:48',NULL),(1465,22,'Cara mengurus Pengajuan Permohonan melalui Online Mandiri Klampid','2022-05-30 15:52:50',NULL),(1466,20,'Menu','2022-05-30 15:54:46',NULL),(1467,34,'p','2022-05-30 15:54:50',NULL),(1468,20,'Akhiri Percakapan?','2022-05-30 15:54:51',NULL),(1469,148,'TATA CARA LAYANAN ONLINE ADMINDUK','2022-05-30 15:54:54',NULL),(1470,34,'TATA CARA LAYANAN ONLINE ADMINDUK','2022-05-30 15:54:57',NULL),(1471,20,'Akhiri Percakapan?','2022-05-30 15:55:00',NULL),(1472,148,'Cara mengurus Pengajuan Permohonan melalui Online Mandiri Klampid','2022-05-30 15:55:01',NULL),(1473,148,'AKUN KLAMPID','2022-05-30 15:55:07',NULL),(1474,23,'Akhiri percakapan','2022-05-30 15:55:10',NULL),(1475,34,'Cara mengurus Pengajuan Permohonan melalui Online Mandiri Klampid','2022-05-30 15:55:12',NULL),(1476,148,'Akhiri Percakapan?','2022-05-30 15:55:13',NULL),(1477,20,'Akhiri Percakapan?','2022-05-30 15:55:15',NULL),(1478,34,'AKUN KLAMPID','2022-05-30 15:55:17',NULL),(1479,23,'Akhiri Percakapan?','2022-05-30 15:55:20',NULL),(1480,34,'Akhiri Percakapan?','2022-05-30 15:55:23',NULL),(1481,20,'TATA CARA LAYANAN ONLINE ADMINDUK','2022-05-30 15:55:40',NULL),(1482,20,'Cara mengurus Pengajuan Permohonan melalui Online Mandiri Klampid','2022-05-30 15:55:45',NULL),(1483,20,'AKUN KLAMPID','2022-05-30 15:55:48',NULL),(1484,23,'TATA CARA LAYANAN ONLINE ADMINDUK','2022-05-30 15:56:12',NULL),(1485,23,'Cara mengurus Pengajuan Permohonan melalui Online Mandiri Klampid','2022-05-30 15:56:16',NULL),(1486,23,'AKUN KLAMPID','2022-05-30 15:56:51',NULL),(1487,34,'TATA CARA LAYANAN ONLINE ADMINDUK','2022-05-30 15:56:52',NULL),(1488,34,'Cara mengurus Pengajuan Permohonan melalui Online Mandiri Klampid','2022-05-30 15:56:57',NULL),(1489,20,'TATA CARA LAYANAN ONLINE ADMINDUK','2022-05-30 15:57:00',NULL),(1490,34,'AKUN KLAMPID','2022-05-30 15:57:01',NULL),(1491,16,'test','2022-05-30 15:57:03',NULL),(1492,20,'Tata Cara mencetak Dokumen Administrasi Kependudukan jika sudah diterbitkan melalui situs Online Mandiri KLAMPID','2022-05-30 15:57:04',NULL),(1493,16,'TATA CARA LAYANAN ONLINE ADMINDUK','2022-05-30 15:57:11',NULL),(1494,148,'Menu','2022-05-30 15:57:12',NULL),(1495,20,'TATA CARA LAYANAN ONLINE ADMINDUK','2022-05-30 15:57:18',NULL),(1496,16,'Cara mengurus Pengajuan Permohonan melalui Online Mandiri Klampid','2022-05-30 15:57:18',NULL),(1497,20,'Cara mengurus Pengajuan Permohonan melalui Online Mandiri Klampid','2022-05-30 15:57:22',NULL),(1498,16,'AKUN KLAMPID','2022-05-30 15:57:24',NULL),(1499,20,'AKUN KLAMPID','2022-05-30 15:57:26',NULL),(1500,148,'TATA CARA LAYANAN ONLINE ADMINDUK','2022-05-30 15:57:44',NULL),(1501,148,'Cara mengurus Pengajuan Permohonan melalui Online Mandiri Klampid','2022-05-30 15:57:49',NULL),(1502,148,'AKUN KLAMPID','2022-05-30 15:57:55',NULL),(1503,16,'TATA CARA LAYANAN ONLINE ADMINDUK','2022-05-30 15:58:13',NULL),(1504,16,'Cara mengurus Pengajuan Permohonan melalui Online Mandiri Klampid','2022-05-30 15:58:19',NULL),(1505,16,'AKUN KLAMPID','2022-05-30 15:58:23',NULL),(1506,24,'TATA CARA LAYANAN ONLINE ADMINDUK','2022-05-30 15:58:34',NULL),(1507,24,'Cara mengurus Pengajuan Permohonan melalui Online Mandiri Klampid','2022-05-30 15:58:39',NULL),(1508,24,'AKUN KLAMPID','2022-05-30 15:58:43',NULL),(1509,16,'Selesai','2022-05-30 15:59:44',NULL),(1510,16,'Akhiri Percakapan?','2022-05-30 16:00:11',NULL),(1511,30,'Cara mengurus Pengajuan Permohonan melalui Online Mandiri Klampid','2022-05-30 16:03:55',NULL),(1512,20,'SYARAT UMUM PENGAJUAN ADMINDUK','2022-05-30 16:05:53',NULL),(1513,20,'Syarat Umum KTP-eL','2022-05-30 16:05:59',NULL),(1514,19,'AKUN KLAMPID','2022-05-30 16:25:37',NULL),(1515,19,'Aduan permasalahan masyarakat terkait administrasi','2022-05-30 16:25:49',NULL),(1516,19,'Website SAPA WARGA','2022-05-30 16:26:05',NULL),(1517,19,'Akhiri Percakapan?','2022-05-30 16:26:20',NULL),(1518,19,'JENIS-JENIS LAYANAN','2022-05-30 16:26:28',NULL),(1519,19,'KTP-el','2022-05-30 16:26:33',NULL),(1520,30,'Hallo','2022-05-30 16:31:22',NULL),(1521,5,'JENIS-JENIS LAYANAN','2022-05-30 16:52:55',NULL),(1522,5,'Kartu Keluarga','2022-05-30 16:53:07',NULL),(1523,5,'Pertanyaan Umum terkait ADMINDUK','2022-05-30 16:53:26',NULL),(1524,5,'Bagaimana cara memperbaiki data jika ada yang sala','2022-05-30 16:53:33',NULL),(1525,5,'Akhiri Percakapan?','2022-05-30 16:53:44',NULL),(1526,5,'SYARAT UMUM PENGAJUAN ADMINDUK','2022-05-30 16:53:58',NULL),(1527,5,'Syarat Umum Kartu Keluarga','2022-05-30 16:54:07',NULL),(1528,5,'LINK Layanan Adminduk','2022-05-30 16:54:15',NULL),(1529,5,'Takon Klampid','2022-05-30 16:54:24',NULL),(1530,5,'Akhiri Percakapan?','2022-05-30 16:54:47',NULL),(1531,5,'Akhiri Percakapan?','2022-05-30 16:54:55',NULL),(1532,11,'Halo','2022-05-30 17:22:25',NULL),(1533,11,'Akhiri Percakapan?','2022-05-30 17:31:02',NULL),(1534,11,'Halo','2022-05-30 17:33:39',NULL),(1535,11,'Ok','2022-05-30 17:33:49',NULL),(1536,20,'Tes','2022-05-30 18:26:50',NULL),(1537,20,'TATA CARA LAYANAN ONLINE ADMINDUK','2022-05-30 18:26:57',NULL),(1538,20,'Cara mengurus Pengajuan Permohonan melalui Online Mandiri Klampid','2022-05-30 18:27:03',NULL),(1539,20,'AKUN KLAMPID','2022-05-30 18:27:08',NULL),(1540,20,'Akhiri Percakapan?','2022-05-30 18:27:16',NULL),(1541,20,'Menu','2022-05-30 18:27:37',NULL),(1542,20,'LINK Layanan Adminduk','2022-05-30 18:27:45',NULL),(1543,20,'E-mail Resmi Dispendukcapil','2022-05-30 18:27:50',NULL),(1544,20,'Pertanyaan Umum terkait ADMINDUK','2022-05-30 18:28:01',NULL),(1545,20,'Bagaimana cara memperbaiki data jika ada yang sala','2022-05-30 18:28:05',NULL),(1546,151,'LINK Layanan Adminduk','2022-05-30 18:33:24',NULL),(1547,151,'Klampid','2022-05-30 18:33:31',NULL),(1548,151,'TATA CARA LAYANAN ONLINE ADMINDUK','2022-05-30 18:34:48',NULL),(1549,151,'Cara Mengetahui (Tracking) Proses Pengajuan Dokumen Permohonan Administrasi kependudukan','2022-05-30 18:34:56',NULL),(1550,151,'AKUN TAKON KLAMPID','2022-05-30 18:35:01',NULL),(1551,22,'Menu','2022-05-30 18:40:10',NULL),(1552,22,'TATA CARA LAYANAN ONLINE ADMINDUK','2022-05-30 18:40:21',NULL),(1553,22,'Cara mengurus Pengajuan Permohonan melalui Online Mandiri Klampid','2022-05-30 18:40:34',NULL),(1554,22,'AKUN KLAMPID','2022-05-30 18:40:39',NULL),(1555,22,'Cara mengurus Pengajuan Permohonan melalui Online Mandiri Klampid','2022-05-30 18:45:44',NULL),(1556,22,'AKUN KLAMPID','2022-05-30 18:45:53',NULL),(1557,22,'Menu','2022-05-30 18:51:06',NULL),(1558,22,'TATA CARA LAYANAN ONLINE ADMINDUK','2022-05-30 18:51:25',NULL),(1559,22,'Menu','2022-05-30 19:00:35',NULL),(1560,22,'TATA CARA LAYANAN ONLINE ADMINDUK','2022-05-30 19:00:41',NULL),(1561,22,'Cara mengurus Pengajuan Permohonan melalui Online Mandiri Klampid','2022-05-30 19:04:51',NULL),(1562,152,'Saya Ingin Bertanya - NAMA-ANTON WAYUDI!NIK-3578140607780005','2022-05-30 19:11:31',NULL),(1563,152,'TATA CARA LAYANAN ONLINE ADMINDUK','2022-05-30 19:11:39',NULL),(1564,22,'Menu','2022-05-30 19:17:33',NULL),(1565,22,'TATA CARA LAYANAN ONLINE ADMINDUK','2022-05-30 19:17:38',NULL),(1566,22,'Menu','2022-05-30 19:17:45',NULL),(1567,22,'Pertanyaan Umum terkait ADMINDUK','2022-05-30 19:17:56',NULL),(1568,151,'Akhiri Percakapan?','2022-05-30 19:27:27',NULL),(1569,151,'Pertanyaan Umum terkait ADMINDUK','2022-05-30 19:27:55',NULL),(1570,151,'Bagaimana cara memperbaiki data jika ada yang sala','2022-05-30 19:30:36',NULL),(1571,22,'Menu','2022-05-30 19:32:23',NULL),(1572,22,'TATA CARA PENGAJUAN ADMINDUK MELALUI KLAMPID NEW GENERATION','2022-05-30 19:32:42',NULL),(1573,22,'Menu','2022-05-30 19:35:44',NULL),(1574,22,'KLAMPID BERBASIS WEBSITE TERBARU','2022-05-30 19:35:50',NULL),(1575,22,'KLAMPID BERBASIS WEBSITE TERBARU','2022-05-30 19:37:33',NULL),(1576,22,'Menu','2022-05-30 19:37:47',NULL),(1577,22,'TATA CARA LAYANAN ONLINE ADMINDUK','2022-05-30 19:37:51',NULL),(1578,22,'Cara mengurus Pengajuan Permohonan melalui Online Mandiri Klampid','2022-05-30 19:38:00',NULL),(1579,22,'Menu','2022-05-30 19:39:12',NULL),(1580,153,'Saya Ingin Bertanya - NAMA-ROY ARISTIANDO PISESSA!NIK-3578042003860005','2022-05-30 19:42:36',NULL),(1581,153,'KLAMPID BERBASIS WEBSITE TERBARU','2022-05-30 19:42:50',NULL),(1582,22,'Menu','2022-05-30 19:47:20',NULL),(1583,22,'Menu','2022-05-30 19:48:12',NULL),(1584,22,'KLAMPID BERBASIS WEBSITE TERBARU','2022-05-30 19:48:19',NULL),(1585,22,'Pengajuan adminduk melalui WEBSITE KLAMPID TERBARU','2022-05-30 19:48:35',NULL),(1586,153,'TATA CARA LAYANAN ONLINE ADMINDUK','2022-05-30 19:48:52',NULL),(1587,153,'Cara mengurus Pengajuan Permohonan melalui Online Mandiri Klampid','2022-05-30 19:49:07',NULL),(1588,22,'Menu','2022-05-30 19:52:39',NULL),(1589,22,'KLAMPID BERBASIS WEBSITE TERBARU','2022-05-30 19:52:46',NULL),(1590,22,'Menu','2022-05-30 19:53:43',NULL),(1591,22,'KLAMPID BERBASIS WEBSITE TERBARU','2022-05-30 19:53:49',NULL),(1592,22,'Menu','2022-05-30 19:55:16',NULL),(1593,22,'KLAMPID BERBASIS WEBSITE TERBARU','2022-05-30 19:55:20',NULL),(1594,22,'Menu','2022-05-30 19:56:24',NULL),(1595,22,'KLAMPID BERBASIS WEBSITE TERBARU','2022-05-30 19:56:29',NULL),(1596,30,'Hallo','2022-05-30 19:59:25',NULL),(1597,30,'TATA CARA LAYANAN ONLINE ADMINDUK','2022-05-30 19:59:31',NULL),(1598,30,'Cara mengurus Pengajuan Permohonan melalui Online Mandiri Klampid','2022-05-30 19:59:36',NULL),(1599,30,'AKUN KLAMPID','2022-05-30 19:59:40',NULL),(1600,30,'Selesai','2022-05-30 19:59:47',NULL),(1601,22,'Menu','2022-05-31 08:50:25',NULL),(1602,22,'KLAMPID NEXT GENERATION','2022-05-31 08:50:32',NULL),(1603,22,'LINK KLAMPID NEXT GENERATION','2022-05-31 08:50:42',NULL),(1604,22,'KLAMPID NEXT GENERATION','2022-05-31 08:51:00',NULL),(1605,22,'Pengajuan melalui KLAMPID Next Gen','2022-05-31 08:51:05',NULL),(1606,22,'Pertanyaan Umum terkait ADMINDUK','2022-05-31 08:57:27',NULL),(1607,22,'Akhiri Percakapan?','2022-05-31 08:57:37',NULL),(1608,22,'Pertanyaan Umum terkait ADMINDUK','2022-05-31 08:57:58',NULL),(1609,154,'Saya Ingin Bertanya - NAMA-Yank!NIK-3578032102970003','2022-05-31 09:12:45',NULL),(1610,154,'JENIS-JENIS LAYANAN','2022-05-31 09:12:59',NULL),(1611,154,'Akta Kelahiran','2022-05-31 09:13:07',NULL),(1612,20,'Saya Ingin Bertanya - NAMA-Hermawan Ismawanto!NIK-3578204505480001','2022-05-31 09:13:42',NULL),(1613,20,'TATA CARA LAYANAN ONLINE ADMINDUK','2022-05-31 09:14:00',NULL),(1614,20,'Cara mengurus Pengajuan Permohonan melalui Online Mandiri Klampid','2022-05-31 09:14:16',NULL),(1615,20,'Cara mengurus Pengajuan Permohonan melalui Online Mandiri Klampid','2022-05-31 09:14:17',NULL),(1616,20,'AKUN KLAMPID','2022-05-31 09:14:24',NULL),(1617,20,'selesai','2022-05-31 09:14:35',NULL),(1618,20,'TATA CARA LAYANAN ONLINE ADMINDUK','2022-05-31 09:14:55',NULL),(1619,20,'Cara mengurus Pengajuan Permohonan melalui Online Mandiri Klampid','2022-05-31 09:15:02',NULL),(1620,20,'AKUN KLAMPID','2022-05-31 09:15:24',NULL),(1621,20,'akhiri percakapan','2022-05-31 09:15:43',NULL),(1622,154,'klampid-0.2.21.apk','2022-05-31 09:17:24',NULL),(1623,20,'Tes','2022-05-31 09:19:27',NULL),(1624,20,'LINK Layanan Adminduk','2022-05-31 09:19:39',NULL),(1625,20,'Klampid','2022-05-31 09:20:14',NULL),(1626,20,'Selesai','2022-05-31 09:20:20',NULL),(1627,20,'tes','2022-05-31 09:21:54',NULL),(1628,20,'TATA CARA LAYANAN ONLINE ADMINDUK','2022-05-31 09:22:00',NULL),(1629,20,'Cara mengurus Pengajuan Permohonan melalui Online Mandiri Klampid','2022-05-31 09:22:07',NULL),(1630,20,'AKUN KLAMPID','2022-05-31 09:22:12',NULL),(1631,20,'Selesai','2022-05-31 09:22:22',NULL),(1632,20,'-','2022-05-31 09:22:30',NULL),(1633,20,'tes','2022-05-31 09:23:35',NULL),(1634,20,'TATA CARA LAYANAN ONLINE ADMINDUK','2022-05-31 09:23:41',NULL),(1635,20,'Cara mengurus Pengajuan Permohonan melalui Online Mandiri Klampid','2022-05-31 09:23:47',NULL),(1636,20,'AKUN KLAMPID','2022-05-31 09:23:55',NULL),(1637,20,'Selesai','2022-05-31 09:24:00',NULL),(1638,20,'KLAMPID NEXT GENERATION','2022-05-31 09:24:17',NULL),(1639,20,'Pengajuan melalui KLAMPID Next Gen','2022-05-31 09:24:30',NULL),(1640,20,'Selesai','2022-05-31 09:25:04',NULL),(1641,20,'Selesai','2022-05-31 09:25:26',NULL),(1642,20,'tes','2022-05-31 09:26:13',NULL),(1643,20,'SYARAT UMUM PENGAJUAN ADMINDUK','2022-05-31 09:26:28',NULL),(1644,20,'Syarat Umum KTP-eL','2022-05-31 09:26:34',NULL),(1645,20,'Selesai','2022-05-31 09:26:43',NULL),(1646,20,'Selesai','2022-05-31 09:27:16',NULL),(1647,20,'Menu','2022-05-31 09:27:30',NULL),(1648,20,'menu','2022-05-31 09:28:16',NULL),(1649,20,'LINK Layanan Adminduk','2022-05-31 09:28:24',NULL),(1650,20,'Link SSW e-KIOS LAYANAN PUBLIK','2022-05-31 09:28:30',NULL),(1651,20,'Selesai','2022-05-31 09:28:44',NULL),(1652,20,'tes','2022-05-31 09:30:13',NULL),(1653,20,'TATA CARA LAYANAN ONLINE ADMINDUK','2022-05-31 09:30:19',NULL),(1654,20,'Cara mengurus Pengajuan Permohonan melalui Online Mandiri Klampid','2022-05-31 09:30:30',NULL),(1655,20,'AKUN KLAMPID','2022-05-31 09:30:36',NULL),(1656,20,'Selesai','2022-05-31 09:30:52',NULL),(1657,20,'menu','2022-05-31 09:31:27',NULL),(1658,20,'SYARAT UMUM PENGAJUAN ADMINDUK','2022-05-31 09:31:34',NULL),(1659,20,'Syarat Umum KTP-eL','2022-05-31 09:31:39',NULL),(1660,20,'Selesai','2022-05-31 09:31:50',NULL),(1661,20,'menu','2022-05-31 09:32:28',NULL),(1662,20,'JENIS-JENIS LAYANAN','2022-05-31 09:32:40',NULL),(1663,20,'KTP-el','2022-05-31 09:32:46',NULL),(1664,20,'Selesai','2022-05-31 09:33:19',NULL),(1665,20,'menut','2022-05-31 09:36:11',NULL),(1666,20,'menu','2022-05-31 09:36:15',NULL),(1667,20,'menu','2022-05-31 09:36:49',NULL),(1668,20,'TATA CARA LAYANAN ONLINE ADMINDUK','2022-05-31 09:36:58',NULL),(1669,20,'Cara mengurus Pengajuan Permohonan melalui Online Mandiri Klampid','2022-05-31 09:37:04',NULL),(1670,20,'AKUN KLAMPID','2022-05-31 09:37:11',NULL),(1671,20,'Selesai','2022-05-31 09:37:19',NULL),(1672,20,'menu','2022-05-31 09:46:56',NULL),(1673,20,'Selesai','2022-05-31 09:47:04',NULL),(1674,20,'menu','2022-05-31 09:50:49',NULL),(1675,20,'TATA CARA LAYANAN ONLINE ADMINDUK','2022-05-31 09:50:54',NULL),(1676,20,'Aduan permasalahan masyarakat terkait administrasi','2022-05-31 09:51:00',NULL),(1677,20,'Website SAPA WARGA','2022-05-31 09:51:06',NULL),(1678,20,'Selesai','2022-05-31 09:51:14',NULL),(1679,20,'TATA CARA LAYANAN ONLINE ADMINDUK','2022-05-31 09:51:23',NULL),(1680,20,'Cara mengurus Pengajuan Permohonan melalui Online Mandiri Klampid','2022-05-31 09:51:44',NULL),(1681,20,'AKUN KLAMPID','2022-05-31 09:51:50',NULL),(1682,20,'Selesai','2022-05-31 09:52:02',NULL),(1683,20,'Saya Ingin Bertanya - NAMA-Bayu Al!NIK-3578041504950005','2022-05-31 09:54:46',NULL),(1684,20,'TATA CARA LAYANAN ONLINE ADMINDUK','2022-05-31 09:54:53',NULL),(1685,20,'Cara mengurus Pengajuan Permohonan melalui Online Mandiri Klampid','2022-05-31 09:55:00',NULL),(1686,20,'AKUN KLAMPID','2022-05-31 09:55:09',NULL),(1687,20,'Selesai','2022-05-31 09:55:18',NULL),(1688,30,'hallo','2022-05-31 09:58:15',NULL),(1689,20,'SYARAT UMUM PENGAJUAN ADMINDUK','2022-05-31 09:58:26',NULL),(1690,20,'Syarat Umum KTP-eL','2022-05-31 09:58:36',NULL),(1691,20,'Menu','2022-05-31 10:01:04',NULL),(1692,30,'SYARAT UMUM PENGAJUAN ADMINDUK','2022-05-31 10:01:10',NULL),(1693,30,'Syarat Umum KTP-eL','2022-05-31 10:01:14',NULL),(1694,20,'SYARAT UMUM PENGAJUAN ADMINDUK','2022-05-31 10:01:21',NULL),(1695,20,'Syarat Umum Akta Kelahiran','2022-05-31 10:01:27',NULL),(1696,20,'Selesai','2022-05-31 10:01:41',NULL),(1697,20,'menu','2022-05-31 10:04:30',NULL),(1698,20,'Selesai','2022-05-31 10:04:41',NULL),(1699,20,'menu','2022-05-31 10:04:50',NULL),(1700,20,'menu','2022-05-31 10:05:44',NULL),(1701,20,'Selesai','2022-05-31 10:05:56',NULL),(1702,20,'Akhiri Percakapan?','2022-05-31 10:06:11',NULL),(1703,20,'menu','2022-05-31 10:08:06',NULL),(1704,20,'Selesai','2022-05-31 10:08:15',NULL),(1705,20,'TATA CARA LAYANAN ONLINE ADMINDUK','2022-05-31 10:21:09',NULL),(1706,20,'Aduan permasalahan masyarakat terkait administrasi','2022-05-31 10:21:21',NULL),(1707,20,'menu','2022-05-31 10:22:50',NULL),(1708,20,'TATA CARA LAYANAN ONLINE ADMINDUK','2022-05-31 10:23:01',NULL),(1709,20,'Aduan permasalahan masyarakat terkait *ADMINDUK*','2022-05-31 10:23:19',NULL),(1710,22,'KLAMPID NEXT GENERATION','2022-05-31 10:39:16',NULL),(1711,22,'LINK KLAMPID NEXT GENERATION','2022-05-31 10:39:24',NULL),(1712,22,'SYARAT UMUM PENGAJUAN ADMINDUK','2022-05-31 10:39:52',NULL),(1713,22,'Syarat Umum Akta Kelahiran','2022-05-31 10:39:58',NULL),(1714,24,'Halo','2022-05-31 10:40:10',NULL),(1715,22,'JENIS-JENIS LAYANAN','2022-05-31 10:40:11',NULL),(1716,22,'Akta Kelahiran','2022-05-31 10:40:16',NULL),(1717,24,'KLAMPID NEXT GENERATION','2022-05-31 10:40:18',NULL),(1718,24,'LINK KLAMPID NEXT GENERATION','2022-05-31 10:40:31',NULL),(1719,22,'Menu','2022-05-31 10:41:14',NULL),(1720,22,'Pertanyaan Umum terkait ADMINDUK','2022-05-31 10:41:19',NULL),(1721,22,'Bagaimana cara memperbaiki data jika ada yang salah?','2022-05-31 10:41:23',NULL),(1722,24,'Halo','2022-05-31 10:42:58',NULL),(1723,24,'KLAMPID NEXT GENERATION','2022-05-31 10:43:03',NULL),(1724,24,'LINK KLAMPID NEXT GENERATION','2022-05-31 10:43:07',NULL),(1725,24,'KLAMPID NEXT GENERATION','2022-05-31 10:43:22',NULL),(1726,24,'Pengajuan melalui KLAMPID Next Gen','2022-05-31 10:43:27',NULL),(1727,22,'TATA CARA LAYANAN ONLINE ADMINDUK','2022-05-31 10:45:17',NULL),(1728,22,'Menu','2022-05-31 10:46:09',NULL),(1729,22,'Menu','2022-05-31 10:46:30',NULL),(1730,22,'TATA CARA LAYANAN ONLINE ADMINDUK','2022-05-31 10:46:38',NULL),(1731,22,'Cara mengurus Pengajuan Permohonan melalui Online Mandiri Klampid','2022-05-31 10:46:50',NULL),(1732,22,'AKUN KLAMPID','2022-05-31 10:46:56',NULL),(1733,22,'Selesai','2022-05-31 10:47:04',NULL),(1734,22,'Menu','2022-05-31 10:50:13',NULL),(1735,22,'TATA CARA LAYANAN ONLINE ADMINDUK','2022-05-31 10:50:19',NULL),(1736,22,'Cara mengurus Pengajuan Permohonan melalui Online Mandiri Klampid','2022-05-31 10:50:24',NULL),(1737,22,'AKUN KLAMPID','2022-05-31 10:50:30',NULL),(1738,22,'Menu','2022-05-31 10:51:35',NULL),(1739,22,'TATA CARA LAYANAN ONLINE ADMINDUK','2022-05-31 10:51:39',NULL),(1740,22,'Cara mengurus Pengajuan Permohonan melalui Online Mandiri Klampid','2022-05-31 10:51:44',NULL),(1741,22,'AKUN KLAMPID','2022-05-31 10:51:48',NULL),(1742,22,'Menu','2022-05-31 10:51:54',NULL),(1743,22,'TATA CARA LAYANAN ONLINE ADMINDUK','2022-05-31 10:51:58',NULL),(1744,22,'Aduan permasalahan masyarakat terkait ADMINDUK','2022-05-31 10:52:03',NULL),(1745,22,'Website SAPA WARGA','2022-05-31 10:52:10',NULL),(1746,22,'Menu','2022-05-31 10:52:59',NULL),(1747,22,'TATA CARA LAYANAN ONLINE ADMINDUK','2022-05-31 10:53:04',NULL),(1748,22,'Aduan permasalahan masyarakat terkait ADMINDUK','2022-05-31 10:53:08',NULL),(1749,22,'Instagram','2022-05-31 10:53:13',NULL),(1750,20,'Menu','2022-05-31 10:53:18',NULL),(1751,20,'TATA CARA LAYANAN ONLINE ADMINDUK','2022-05-31 10:53:27',NULL),(1752,22,'Menu','2022-05-31 10:53:38',NULL),(1753,20,'Cara mengurus Pengajuan Permohonan melalui Online Mandiri Klampid','2022-05-31 10:53:43',NULL),(1754,20,'AKUN KLAMPID','2022-05-31 10:53:49',NULL),(1755,20,'Selesai','2022-05-31 10:53:55',NULL),(1756,22,'TATA CARA LAYANAN ONLINE ADMINDUK','2022-05-31 10:53:55',NULL),(1757,22,'Cara Mengetahui (Tracking) Proses Pengajuan Dokumen Permohonan Administrasi kependudukan','2022-05-31 10:54:01',NULL),(1758,22,'AKUN TAKON KLAMPID','2022-05-31 10:54:06',NULL),(1759,20,'SYARAT UMUM PENGAJUAN ADMINDUK','2022-05-31 10:54:12',NULL),(1760,22,'Menu','2022-05-31 10:54:15',NULL),(1761,20,'Syarat Umum Akta Kelahiran','2022-05-31 10:54:17',NULL),(1762,20,'Selesai','2022-05-31 10:54:23',NULL),(1763,22,'TATA CARA LAYANAN ONLINE ADMINDUK','2022-05-31 10:54:44',NULL),(1764,22,'Tata Cara legalisir dokumen yang belum menggunakan QR-Code','2022-05-31 10:54:51',NULL),(1765,22,'Selesai','2022-05-31 10:54:56',NULL),(1766,22,'Menu','2022-05-31 10:56:22',NULL),(1767,22,'SYARAT UMUM PENGAJUAN ADMINDUK','2022-05-31 10:56:27',NULL),(1768,22,'Syarat Umum KTP-eL','2022-05-31 10:56:32',NULL),(1769,20,'KLAMPID NEXT GENERATION','2022-05-31 10:56:59',NULL),(1770,20,'LINK KLAMPID NEXT GENERATION','2022-05-31 10:57:17',NULL),(1771,20,'Selesai','2022-05-31 10:57:36',NULL),(1772,22,'Menu','2022-05-31 10:58:46',NULL),(1773,22,'SYARAT UMUM PENGAJUAN ADMINDUK','2022-05-31 10:58:51',NULL),(1774,22,'Syarat Umum Akta Kelahiran','2022-05-31 10:58:56',NULL),(1775,22,'Menu','2022-05-31 11:00:09',NULL),(1776,22,'SYARAT UMUM PENGAJUAN ADMINDUK','2022-05-31 11:00:13',NULL),(1777,22,'Syarat Umum Akta Kelahiran','2022-05-31 11:00:18',NULL),(1778,22,'Menu','2022-05-31 11:00:26',NULL),(1779,22,'SYARAT UMUM PENGAJUAN ADMINDUK','2022-05-31 11:00:30',NULL),(1780,22,'Syarat Umum Akta Kematian','2022-05-31 11:00:35',NULL),(1781,22,'Menu','2022-05-31 11:01:27',NULL),(1782,22,'Menu','2022-05-31 11:06:39',NULL),(1783,22,'SYARAT UMUM PENGAJUAN ADMINDUK','2022-05-31 11:06:45',NULL),(1784,22,'Syarat Umum Pindah Dalam Kota','2022-05-31 11:06:53',NULL),(1785,22,'Syarat Umum Pindah Dalam Kota','2022-05-31 11:07:22',NULL),(1786,22,'Menu','2022-05-31 11:14:56',NULL),(1787,22,'SYARAT UMUM PENGAJUAN ADMINDUK','2022-05-31 11:15:01',NULL),(1788,22,'Syarat Umum Pindah Masuk Kota','2022-05-31 11:15:10',NULL),(1789,22,'Menu','2022-05-31 11:21:39',NULL),(1790,22,'SYARAT UMUM PENGAJUAN ADMINDUK','2022-05-31 11:22:44',NULL),(1791,22,'Syarat Umum KTP-eL','2022-05-31 11:22:48',NULL),(1792,22,'Menu','2022-05-31 11:26:05',NULL),(1793,22,'LINK Layanan ADMINDUK','2022-05-31 11:27:04',NULL),(1794,22,'Menu','2022-05-31 11:27:17',NULL),(1795,22,'KLAMPID NEXT GENERATION','2022-05-31 11:27:23',NULL),(1796,22,'Msnu','2022-05-31 11:30:39',NULL),(1797,22,'KLAMPID NEXT GENERATION','2022-05-31 11:30:53',NULL),(1798,22,'Pengajuan melalui KLAMPID Next Gen','2022-05-31 11:31:08',NULL),(1799,18,'Saya Ingin Bertanya - NAMA-Agus Sonhaji!NIK-3578222310700001','2022-05-31 12:16:28',NULL),(1800,18,'','2022-05-31 12:18:46',NULL),(1801,18,'TATA CARA LAYANAN ONLINE ADMINDUK','2022-05-31 12:18:46',NULL),(1802,18,'Warga yang berumur 17 tahun atau yang belum pernah perekaman KTP-EL (?)','2022-05-31 12:19:19',NULL),(1803,18,'KLAMPID NEXT GENERATION','2022-05-31 12:21:21',NULL),(1804,18,'Pengajuan melalui KLAMPID Next Gen','2022-05-31 12:21:50',NULL),(1805,24,'Menu','2022-05-31 13:41:33',NULL),(1806,24,'SYARAT UMUM PENGAJUAN ADMINDUK','2022-05-31 13:41:41',NULL),(1807,24,'Syarat Umum Pindah Datang','2022-05-31 13:41:58',NULL),(1808,24,'KLAMPID NEXT GENERATION','2022-05-31 13:42:29',NULL),(1809,24,'LINK KLAMPID NEXT GENERATION','2022-05-31 13:42:34',NULL),(1810,20,'Menu','2022-05-31 13:50:38',NULL),(1811,20,'KLAMPID NEXT GENERATION','2022-05-31 13:50:45',NULL),(1812,20,'KLAMPID NEXT GENERATION','2022-05-31 13:51:00',NULL),(1813,20,'Menu','2022-05-31 13:51:19',NULL),(1814,20,'KLAMPID NEXT GENERATION','2022-05-31 13:51:25',NULL),(1815,22,'menu','2022-05-31 13:51:26',NULL),(1816,22,'KLAMPID NEXT GENERATION','2022-05-31 13:51:33',NULL),(1817,20,'Pertanyaan Umum terkait ADMINDUK','2022-05-31 13:51:36',NULL),(1818,20,'Bagaimana cara memperbaiki data jika ada yang salah?','2022-05-31 13:51:43',NULL),(1819,22,'JENIS-JENIS LAYANAN ADMINDUK','2022-05-31 13:51:45',NULL),(1820,20,'Selesai','2022-05-31 13:51:50',NULL),(1821,22,'menu','2022-05-31 13:51:52',NULL),(1822,22,'KLAMPID NEXT GENERATION','2022-05-31 13:51:58',NULL),(1823,22,'Menu','2022-05-31 13:52:14',NULL),(1824,22,'KLAMPID NEXT GENERATION','2022-05-31 13:52:22',NULL),(1825,22,'Menu','2022-05-31 13:52:33',NULL),(1826,22,'KLAMPID NEXT GENERATION','2022-05-31 13:52:37',NULL),(1827,24,'KLAMPID NEXT GENERATION','2022-05-31 13:52:44',NULL),(1828,24,'LINK KLAMPID NEXT GENERATION','2022-05-31 13:52:49',NULL),(1829,22,'Pengajuan melalui KLAMPID Next Gen','2022-05-31 13:52:56',NULL),(1830,24,'KLAMPID NEXT GENERATION','2022-05-31 13:53:38',NULL),(1831,24,'Pengajuan melalui KLAMPID Next Gen','2022-05-31 13:53:42',NULL),(1832,24,'TATA CARA LAYANAN ONLINE ADMINDUK','2022-05-31 14:02:34',NULL),(1833,24,'JENIS-JENIS LAYANAN ADMINDUK','2022-05-31 14:02:58',NULL),(1834,24,'KTP-el','2022-05-31 14:03:03',NULL),(1835,22,'Menu','2022-05-31 14:09:39',NULL),(1836,22,'JENIS-JENIS LAYANAN ADMINDUK','2022-05-31 14:09:45',NULL),(1837,20,'Menu','2022-05-31 14:13:08',NULL),(1838,22,'Menu','2022-05-31 14:13:13',NULL),(1839,20,'JENIS-JENIS LAYANAN ADMINDUK','2022-05-31 14:13:16',NULL),(1840,22,'JENIS-JENIS LAYANAN ADMINDUK','2022-05-31 14:13:17',NULL),(1841,20,'KTP-eL','2022-05-31 14:13:21',NULL),(1842,22,'KTP-eL','2022-05-31 14:13:22',NULL),(1843,22,'a. Tempat Pelayanan Pembuatan KTP-el Baru dan Syaratnya','2022-05-31 14:13:30',NULL),(1844,20,'a. Tempat Pelayanan Pembuatan KTP-el Baru dan Syaratnya','2022-05-31 14:13:31',NULL),(1845,20,'Menu','2022-05-31 14:25:45',NULL),(1846,20,'JENIS-JENIS LAYANAN ADMINDUK','2022-05-31 14:26:02',NULL),(1847,20,'KTP-eL','2022-05-31 14:26:10',NULL),(1848,20,'a. Tempat Pelayanan Pembuatan KTP-el Baru dan Syaratnya','2022-05-31 14:26:26',NULL),(1849,20,'JENIS-JENIS LAYANAN ADMINDUK','2022-05-31 14:26:49',NULL),(1850,20,'KTP-eL','2022-05-31 14:26:55',NULL),(1851,22,'Menu','2022-05-31 14:28:12',NULL),(1852,22,'JENIS-JENIS LAYANAN ADMINDUK','2022-05-31 14:28:17',NULL),(1853,20,'Menu','2022-05-31 14:28:20',NULL),(1854,22,'KTP-eL','2022-05-31 14:28:22',NULL),(1855,20,'JENIS-JENIS LAYANAN ADMINDUK','2022-05-31 14:28:26',NULL),(1856,22,'a. Tempat Pelayanan Pembuatan KTP-el Baru dan Syaratnya','2022-05-31 14:28:30',NULL),(1857,20,'KTP-eL','2022-05-31 14:28:31',NULL),(1858,20,'a. Tempat Pelayanan Pembuatan KTP-el Baru dan Syaratnya','2022-05-31 14:28:37',NULL),(1859,20,'Selesai','2022-05-31 14:29:12',NULL),(1860,20,'TATA CARA LAYANAN ONLINE ADMINDUK','2022-05-31 14:29:36',NULL),(1861,20,'Cara mengurus Pengajuan Permohonan melalui Online Mandiri Klampid','2022-05-31 14:29:44',NULL),(1862,20,'AKUN KLAMPID','2022-05-31 14:29:52',NULL),(1863,20,'JENIS-JENIS LAYANAN ADMINDUK','2022-05-31 14:30:06',NULL),(1864,20,'KTP-eL','2022-05-31 14:30:11',NULL),(1865,20,'c. tata cara pengajuan perubahan elemen data','2022-05-31 14:30:19',NULL),(1866,30,'Hallo','2022-05-31 15:28:23',NULL),(1867,24,'Menu','2022-05-31 15:29:51',NULL),(1868,24,'JENIS-JENIS LAYANAN ADMINDUK','2022-05-31 15:30:28',NULL),(1869,24,'KTP-eL','2022-05-31 15:30:37',NULL),(1870,22,'Menu','2022-05-31 15:31:10',NULL),(1871,22,'menu','2022-05-31 15:32:00',NULL),(1872,22,'JENIS-JENIS LAYANAN ADMINDUK','2022-05-31 15:32:08',NULL),(1873,22,'Akta Kelahiran','2022-05-31 15:32:24',NULL),(1874,22,'a. Tata cara Pengajuan Permohonan Akta Kelahiran','2022-05-31 15:32:34',NULL),(1875,22,'b. Kepengurusan Akta Kelahiran','2022-05-31 15:32:46',NULL),(1876,24,'Menu','2022-05-31 15:32:50',NULL),(1877,22,'1. Pengurusan Akta Kelahiran untuk Diri Sendiri','2022-05-31 15:32:54',NULL),(1878,24,'JENIS-JENIS LAYANAN ADMINDUK','2022-05-31 15:32:57',NULL),(1879,24,'Akta Kematian','2022-05-31 15:33:02',NULL),(1880,22,'a. Persyaratan pembenaran Akta Kelahiran','2022-05-31 15:33:03',NULL),(1881,24,'Menu','2022-05-31 15:35:16',NULL),(1882,24,'JENIS-JENIS LAYANAN ADMINDUK','2022-05-31 15:35:22',NULL),(1883,24,'KTP-eL','2022-05-31 15:35:26',NULL),(1884,22,'Menu','2022-05-31 15:36:08',NULL),(1885,20,'Menu','2022-05-31 15:36:08',NULL),(1886,22,'JENIS-JENIS LAYANAN ADMINDUK','2022-05-31 15:36:13',NULL),(1887,20,'JENIS-JENIS LAYANAN ADMINDUK','2022-05-31 15:36:13',NULL),(1888,22,'Akta Kelahiran','2022-05-31 15:36:17',NULL),(1889,20,'Akta Kelahiran','2022-05-31 15:36:20',NULL),(1890,20,'b. Kepengurusan Akta Kelahiran','2022-05-31 15:36:30',NULL),(1891,22,'b. Kepengurusan Akta Kelahiran','2022-05-31 15:36:38',NULL),(1892,20,'1. Pengurusan Akta Kelahiran untuk Diri Sendiri','2022-05-31 15:36:42',NULL),(1893,22,'1. Pengurusan Akta Kelahiran untuk Diri Sendiri','2022-05-31 15:36:44',NULL),(1894,20,'a. Persyaratan pembenaran Akta Kelahiran','2022-05-31 15:36:54',NULL),(1895,20,'JENIS-JENIS LAYANAN ADMINDUK','2022-05-31 15:37:09',NULL),(1896,22,'a. Persyaratan pembenaran Akta Kelahiran','2022-05-31 15:37:16',NULL),(1897,20,'Akta Kelahiran','2022-05-31 15:37:20',NULL),(1898,20,'a. Tata cara Pengajuan Permohonan Akta Kelahiran','2022-05-31 15:37:30',NULL),(1899,20,'JENIS-JENIS LAYANAN ADMINDUK','2022-05-31 15:38:09',NULL),(1900,20,'Akta Kelahiran','2022-05-31 15:38:15',NULL),(1901,20,'b. Kepengurusan Akta Kelahiran','2022-05-31 15:38:26',NULL),(1902,22,'Akta Kematian','2022-05-31 15:38:34',NULL),(1903,20,'1. Pengurusan Akta Kelahiran untuk Diri Sendiri','2022-05-31 15:38:35',NULL),(1904,22,'a. Tempat Kepengurusan Akta Kematian','2022-05-31 15:38:42',NULL),(1905,20,'c. Tata Cara Mengurus Akta Kelahiran yang Hilang','2022-05-31 15:38:48',NULL),(1906,22,'c. Tata Cara Mengurus Akta Kelahiran yang Hilang','2022-05-31 15:39:45',NULL),(1907,22,'Menu','2022-05-31 15:40:55',NULL),(1908,22,'JENIS-JENIS LAYANAN ADMINDUK','2022-05-31 15:41:01',NULL),(1909,22,'Akta Kelahiran','2022-05-31 15:41:05',NULL),(1910,24,'Menu','2022-05-31 15:41:49',NULL),(1911,24,'JENIS-JENIS LAYANAN ADMINDUK','2022-05-31 15:41:54',NULL),(1912,24,'KTP-eL','2022-05-31 15:41:58',NULL),(1913,24,'Menu','2022-05-31 15:51:15',NULL),(1914,24,'JENIS-JENIS LAYANAN ADMINDUK','2022-05-31 15:51:21',NULL),(1915,24,'KTP-eL','2022-05-31 15:51:26',NULL),(1916,24,'Menu','2022-05-31 15:51:53',NULL),(1917,24,'JENIS-JENIS LAYANAN ADMINDUK','2022-05-31 15:51:57',NULL),(1918,24,'Akta Kelahiran','2022-05-31 15:52:01',NULL),(1919,24,'b. Kepengurusan Akta Kelahiran','2022-05-31 15:52:10',NULL),(1920,24,'2. Pengurusan Akta Kelahiran untuk Anak/Cucu','2022-05-31 15:52:21',NULL),(1921,24,'Menu','2022-05-31 15:53:27',NULL),(1922,24,'JENIS-JENIS LAYANAN ADMINDUK','2022-05-31 15:53:33',NULL),(1923,24,'KTP-eL','2022-05-31 15:53:37',NULL),(1924,24,'i. Tata Cara Pengajuan Perekaman Ulang KTP-el Akibat Kesalahan Biometrik','2022-05-31 15:55:05',NULL),(1925,151,'malam','2022-05-31 21:25:25',NULL),(1926,151,'KLAMPID NEXT GENERATION','2022-05-31 21:25:33',NULL),(1927,151,'LINK KLAMPID NEXT GENERATION','2022-05-31 21:25:43',NULL),(1928,151,'Pengajuan melalui KLAMPID Next Gen','2022-05-31 21:25:50',NULL),(1929,20,'tes','2022-06-02 08:56:15',NULL),(1930,20,'menu','2022-06-02 08:56:42',NULL),(1931,30,'hallo','2022-06-02 08:57:23',NULL),(1932,20,'menu','2022-06-02 09:01:57',NULL),(1933,20,'JENIS-JENIS LAYANAN ADMINDUK','2022-06-02 09:02:40',NULL),(1934,20,'Menu','2022-06-02 09:02:40',NULL),(1935,20,'KTP-eL','2022-06-02 09:02:49',NULL),(1936,20,'a. Tempat Pelayanan Pembuatan KTP-el Baru dan Syaratnya','2022-06-02 09:02:55',NULL),(1937,20,'JENIS-JENIS LAYANAN ADMINDUK','2022-06-02 09:03:11',NULL),(1938,20,'Akta Kelahiran','2022-06-02 09:03:16',NULL),(1939,20,'a. Tata cara Pengajuan Permohonan Akta Kelahiran','2022-06-02 09:03:23',NULL),(1940,30,'hallo','2022-06-02 09:03:28',NULL),(1941,20,'Pertanyaan Umum terkait ADMINDUK','2022-06-02 09:06:21',NULL),(1942,20,'Bagaimana cara memperbaiki data jika ada yang salah?','2022-06-02 09:06:26',NULL),(1943,20,'Pertanyaan Umum terkait ADMINDUK','2022-06-02 09:18:04',NULL),(1944,20,'Bagaimana cara mencetak Dokumen Administrasi Kependudukan jika sudah diterbitkan melalui situs Online Mandiri KLAMPID?','2022-06-02 09:18:18',NULL),(1945,20,'TATA CARA LAYANAN ONLINE ADMINDUK','2022-06-02 09:31:57',NULL),(1946,20,'Proses Pengajuan Permohonan Dokumen Administrasi Kependudukan','2022-06-02 09:32:13',NULL),(1947,20,'Pertanyaan Umum terkait ADMINDUK','2022-06-02 09:43:58',NULL),(1948,143,'Tes','2022-06-02 10:20:33',NULL),(1949,143,'KLAMPID NEXT GENERATION','2022-06-02 10:20:46',NULL),(1950,143,'Pengajuan melalui KLAMPID Next Gen','2022-06-02 10:20:56',NULL),(1951,143,'TATA CARA LAYANAN ONLINE ADMINDUK','2022-06-02 10:21:06',NULL),(1952,143,'Tes','2022-06-02 10:22:08',NULL),(1953,143,'SYARAT UMUM PENGAJUAN ADMINDUK','2022-06-02 10:22:16',NULL),(1954,143,'Pertanyaan Umum terkait ADMINDUK','2022-06-02 10:22:29',NULL),(1955,143,'Berapa Lama Pengajuan Permohonan Dokumen Administrasi Kependudukan?','2022-06-02 10:22:39',NULL),(1956,143,'Selesai','2022-06-02 10:22:55',NULL),(1957,20,'Bagaimana cara mencetak Dokumen Administrasi Kependudukan jika sudah diterbitkan melalui situs Online Mandiri KLAMPID?','2022-06-02 10:23:18',NULL),(1958,143,'Pertanyaan Umum terkait ADMINDUK','2022-06-02 10:23:19',NULL),(1959,20,'Pertanyaan Umum terkait ADMINDUK','2022-06-02 10:23:25',NULL),(1960,143,'Kenapa saat pengajuan proses pada menu-menu di klampid, NIK dan KK saya dinyatakan tidak valid?','2022-06-02 10:23:30',NULL),(1961,143,'Pertanyaan Umum terkait ADMINDUK','2022-06-02 10:23:48',NULL),(1962,143,'Tes','2022-06-02 10:26:02',NULL),(1963,143,'Pertanyaan Umum terkait ADMINDUK','2022-06-02 10:26:07',NULL),(1964,143,'Tes','2022-06-02 10:28:13',NULL),(1965,143,'Pertanyaan Umum terkait ADMINDUK','2022-06-02 10:28:17',NULL),(1966,143,'Berapa Lama waktu Pengajuan ADMINDUK?','2022-06-02 10:28:51',NULL),(1967,20,'Pertanyaan Umum terkait ADMINDUK','2022-06-02 10:28:56',NULL),(1968,143,'JENIS-JENIS LAYANAN ADMINDUK','2022-06-02 10:28:58',NULL),(1969,143,'Kartu Keluarga','2022-06-02 10:29:04',NULL),(1970,143,'Pertanyaan Umum terkait ADMINDUK','2022-06-02 10:29:42',NULL),(1971,20,'Bagaimana Jika NIK (warga Kabupaten Nganjuk) tidak bisa digunakan/terbaca oleh sistem?','2022-06-02 10:30:04',NULL),(1972,22,'Menu','2022-06-02 10:32:29',NULL),(1973,22,'JENIS-JENIS LAYANAN ADMINDUK','2022-06-02 10:32:37',NULL),(1974,22,'Akta Kelahiran','2022-06-02 10:32:42',NULL),(1975,22,'b. Kepengurusan Akta Kelahiran','2022-06-02 10:33:05',NULL),(1976,22,'2. Pengurusan Akta Kelahiran untuk Anak/Cucu','2022-06-02 10:33:17',NULL),(1977,22,'1. Pengurusan Akta Kelahiran untuk Diri Sendiri','2022-06-02 10:35:18',NULL),(1978,20,'Pertanyaan Umum terkait ADMINDUK','2022-06-02 10:36:04',NULL),(1979,20,'Bagaimana cara mencetak Dokumen Administrasi Kependudukan jika sudah diterbitkan melalui situs Online Mandiri KLAMPID?','2022-06-02 10:36:14',NULL),(1980,143,'Tes','2022-06-02 10:36:40',NULL),(1981,143,'Pertanyaan Umum terkait ADMINDUK','2022-06-02 10:36:45',NULL),(1982,22,'c. Pengurusan Akta Kelahiran yang Hilang','2022-06-02 10:36:48',NULL),(1983,143,'Tes','2022-06-02 10:38:59',NULL),(1984,143,'Pertanyaan Umum terkait ADMINDUK','2022-06-02 10:39:07',NULL),(1985,22,'Menu','2022-06-02 10:39:17',NULL),(1986,143,'Bagaimana cara mencetak Dokumen ADMINDUK?','2022-06-02 10:39:20',NULL),(1987,22,'Pertanyaan Umum terkait ADMINDUK','2022-06-02 10:39:25',NULL),(1988,20,'Pertanyaan Umum terkait ADMINDUK','2022-06-02 10:39:26',NULL),(1989,23,'Tes','2022-06-02 10:39:53',NULL),(1990,143,'Pertanyaan Umum terkait ADMINDUK','2022-06-02 10:40:02',NULL),(1991,23,'Pertanyaan Umum terkait ADMINDUK','2022-06-02 10:40:02',NULL),(1992,20,'Bagaimana Jika NIK (warga Kabupaten Nganjuk) tidak bisa digunakan/terbaca oleh sistem?','2022-06-02 10:40:04',NULL),(1993,23,'Kenapa saat upload dokumen persyaratan pada menu-menu di klampid tidak bisa?','2022-06-02 10:40:09',NULL),(1994,143,'Kenapa saat upload dokumen persyaratan pada menu-menu di klampid tidak bisa?','2022-06-02 10:40:22',NULL),(1995,143,'Pertanyaan Umum terkait ADMINDUK','2022-06-02 10:40:40',NULL),(1996,23,'Pertanyaan Umum terkait ADMINDUK','2022-06-02 10:40:49',NULL),(1997,23,'Berapa Lama waktu Pengajuan ADMINDUK?','2022-06-02 10:41:01',NULL),(1998,22,'Menu','2022-06-02 10:41:23',NULL),(1999,143,'Tes','2022-06-02 10:41:25',NULL),(2000,23,'Pertanyaan Umum terkait ADMINDUK','2022-06-02 10:41:30',NULL),(2001,22,'Pertanyaan Umum terkait ADMINDUK','2022-06-02 10:41:32',NULL),(2002,143,'Pertanyaan Umum terkait ADMINDUK','2022-06-02 10:41:33',NULL),(2003,20,'Pertanyaan Umum terkait ADMINDUK','2022-06-02 10:41:35',NULL),(2004,143,'Tes','2022-06-02 10:44:00',NULL),(2005,143,'Pertanyaan Umum terkait ADMINDUK','2022-06-02 10:44:04',NULL),(2006,23,'Pertanyaan Umum terkait ADMINDUK','2022-06-02 10:49:13',NULL),(2007,143,'Tes','2022-06-02 10:54:44',NULL),(2008,143,'Pertanyaan Umum terkait ADMINDUK','2022-06-02 10:54:49',NULL),(2009,23,'Pertanyaan Umum terkait ADMINDUK','2022-06-02 10:54:50',NULL),(2010,20,'Menu','2022-06-02 10:55:14',NULL),(2011,20,'Pertanyaan Umum terkait ADMINDUK','2022-06-02 10:55:19',NULL),(2012,143,'Tes','2022-06-02 10:58:46',NULL),(2013,20,'Menu','2022-06-02 10:58:49',NULL),(2014,143,'Pertanyaan Umum terkait ADMINDUK','2022-06-02 10:58:50',NULL),(2015,23,'Pertanyaan Umum terkait ADMINDUK','2022-06-02 10:58:53',NULL),(2016,20,'Pertanyaan Umum terkait ADMINDUK','2022-06-02 10:58:55',NULL),(2017,20,'Mengapa tidak bisa upload dokumen persyaratan?','2022-06-02 10:59:12',NULL),(2018,143,'Selesai','2022-06-02 10:59:44',NULL),(2019,143,'JENIS-JENIS LAYANAN ADMINDUK','2022-06-02 10:59:49',NULL),(2020,143,'Akta Kelahiran','2022-06-02 10:59:53',NULL),(2021,143,'Selesai','2022-06-02 11:01:42',NULL),(2022,143,'JENIS-JENIS LAYANAN ADMINDUK','2022-06-02 11:01:49',NULL),(2023,23,'LINK Layanan ADMINDUK','2022-06-02 11:01:51',NULL),(2024,143,'Akta Perkawinan','2022-06-02 11:01:55',NULL),(2025,23,'JENIS-JENIS LAYANAN ADMINDUK','2022-06-02 11:02:01',NULL),(2026,23,'Pemuktahiran Biodata','2022-06-02 11:02:11',NULL),(2027,23,'Menu','2022-06-02 11:02:52',NULL),(2028,23,'JENIS-JENIS LAYANAN ADMINDUK','2022-06-02 11:02:57',NULL),(2029,23,'Akta Kelahiran','2022-06-02 11:03:02',NULL),(2030,23,'b. Kepengurusan Akta Kelahiran','2022-06-02 11:03:12',NULL),(2031,23,'1. Pengurusan Akta Kelahiran untuk Diri Sendiri','2022-06-02 11:03:19',NULL),(2032,23,'a. Persyaratan pembenaran Akta Kelahiran','2022-06-02 11:03:24',NULL),(2033,22,'Menu','2022-06-02 11:04:38',NULL),(2034,22,'JENIS-JENIS LAYANAN ADMINDUK','2022-06-02 11:04:42',NULL),(2035,22,'Akta Perkawinan','2022-06-02 11:04:47',NULL),(2036,22,'JENIS-JENIS LAYANAN ADMINDUK','2022-06-02 11:07:35',NULL),(2037,22,'Akta Perkawinan','2022-06-02 11:07:39',NULL),(2038,143,'JENIS-JENIS LAYANAN ADMINDUK','2022-06-02 11:07:40',NULL),(2039,23,'JENIS-JENIS LAYANAN ADMINDUK','2022-06-02 11:07:40',NULL),(2040,22,'a. Tata cara pengajuan pencatatan perkawinan','2022-06-02 11:07:43',NULL),(2041,143,'Akta Perkawinan','2022-06-02 11:07:45',NULL),(2042,23,'Akta Perkawinan','2022-06-02 11:07:46',NULL),(2043,23,'a. Tata cara pengajuan pencatatan perkawinan','2022-06-02 11:07:51',NULL),(2044,143,'a. Tata cara pengajuan pencatatan perkawinan','2022-06-02 11:07:57',NULL),(2045,22,'Menu','2022-06-02 11:11:47',NULL),(2046,22,'JENIS-JENIS LAYANAN ADMINDUK','2022-06-02 11:11:51',NULL),(2047,143,'JENIS-JENIS LAYANAN ADMINDUK','2022-06-02 11:11:51',NULL),(2048,23,'JENIS-JENIS LAYANAN ADMINDUK','2022-06-02 11:11:52',NULL),(2049,22,'Akta Perkawinan','2022-06-02 11:11:55',NULL),(2050,143,'Akta Perkawinan','2022-06-02 11:11:56',NULL),(2051,23,'Akta Perkawinan','2022-06-02 11:11:57',NULL),(2052,22,'a. Tata cara pengajuan pencatatan perkawinan','2022-06-02 11:11:59',NULL),(2053,143,'a. Tata cara pengajuan pencatatan perkawinan','2022-06-02 11:12:00',NULL),(2054,23,'a. Tata cara pengajuan pencatatan perkawinan','2022-06-02 11:12:00',NULL),(2055,22,'Menu','2022-06-02 11:12:55',NULL),(2056,22,'JENIS-JENIS LAYANAN ADMINDUK','2022-06-02 11:12:59',NULL),(2057,22,'Akta Kelahiran','2022-06-02 11:13:03',NULL),(2058,22,'b. Kepengurusan Akta Kelahiran','2022-06-02 11:13:07',NULL),(2059,22,'Menu','2022-06-02 11:14:28',NULL),(2060,22,'JENIS-JENIS LAYANAN ADMINDUK','2022-06-02 11:14:32',NULL),(2061,22,'Akta Perkawinan','2022-06-02 11:14:36',NULL),(2062,22,'b. Pengajuan Akta Perkawinan','2022-06-02 11:14:41',NULL),(2063,143,'JENIS-JENIS LAYANAN ADMINDUK','2022-06-02 11:21:10',NULL),(2064,143,'Akta Perkawinan','2022-06-02 11:21:15',NULL),(2065,23,'JENIS-JENIS LAYANAN ADMINDUK','2022-06-02 11:21:16',NULL),(2066,23,'Akta Perkawinan','2022-06-02 11:21:22',NULL),(2067,143,'b. Pengajuan Akta Perkawinan','2022-06-02 11:21:22',NULL),(2068,23,'b. Pengajuan Akta Perkawinan','2022-06-02 11:21:26',NULL),(2069,143,'2. WNI menikah di luar negeri','2022-06-02 11:21:27',NULL),(2070,23,'2. WNI menikah di luar negeri','2022-06-02 11:21:33',NULL),(2071,23,'JENIS-JENIS LAYANAN ADMINDUK','2022-06-02 11:22:22',NULL),(2072,23,'Pemuktahiran Biodata','2022-06-02 11:22:30',NULL),(2073,23,'JENIS-JENIS LAYANAN ADMINDUK','2022-06-02 11:23:36',NULL),(2074,23,'Akta Perkawinan','2022-06-02 11:23:46',NULL),(2075,23,'b. Pengajuan Akta Perkawinan','2022-06-02 11:23:52',NULL),(2076,23,'3. WNI dan WNA','2022-06-02 11:23:56',NULL),(2077,23,'JENIS-JENIS LAYANAN ADMINDUK','2022-06-02 11:25:11',NULL),(2078,23,'KTP-eL','2022-06-02 11:25:19',NULL),(2079,23,'a. Tempat Pelayanan Pembuatan KTP-el Baru dan Syaratnya','2022-06-02 11:25:28',NULL),(2080,22,'Menu','2022-06-02 11:25:29',NULL),(2081,22,'JENIS-JENIS LAYANAN ADMINDUK','2022-06-02 11:25:35',NULL),(2082,22,'Akta Perkawinan','2022-06-02 11:25:41',NULL),(2083,22,'c. Tata cara pengajuan akta perkawinan','2022-06-02 11:25:49',NULL),(2084,22,'b. Pengajuan Akta Perkawinan','2022-06-02 11:26:01',NULL),(2085,22,'3. WNI dan WNA','2022-06-02 11:26:12',NULL),(2086,22,'Menu','2022-06-02 11:26:16',NULL),(2087,22,'JENIS-JENIS LAYANAN ADMINDUK','2022-06-02 11:26:23',NULL),(2088,22,'Akta Kematian','2022-06-02 11:26:27',NULL),(2089,22,'e. Tata Cara Mengurus Akta Kematian untuk Anggota Keluarga Tunggal ( Tidak memiliki Keluarga / Tunggal di dalam KK )','2022-06-02 11:26:40',NULL),(2090,143,'Menu','2022-06-02 11:27:45',NULL),(2091,143,'JENIS-JENIS LAYANAN ADMINDUK','2022-06-02 11:27:55',NULL),(2092,143,'Akta Perkawinan','2022-06-02 11:27:59',NULL),(2093,143,'d. Tata cara pembayaran denda akta perkawinan','2022-06-02 11:28:04',NULL),(2094,23,'JENIS-JENIS LAYANAN ADMINDUK','2022-06-02 13:15:55',NULL),(2095,23,'Pemuktahiran Biodata','2022-06-02 13:16:00',NULL),(2096,23,'JENIS-JENIS LAYANAN ADMINDUK','2022-06-02 13:16:58',NULL),(2097,143,'JENIS-JENIS LAYANAN ADMINDUK','2022-06-02 13:17:00',NULL),(2098,23,'Pemuktahiran Biodata','2022-06-02 13:17:03',NULL),(2099,23,'a. Tata cara pengurusan pengajuan permohonan perubahan biodata','2022-06-02 13:17:08',NULL),(2100,143,'Pemuktahiran Biodata','2022-06-02 13:17:08',NULL),(2101,22,'menu','2022-06-02 13:17:22',NULL),(2102,143,'a. Tata cara pengurusan pengajuan permohonan perubahan biodata','2022-06-02 13:17:25',NULL),(2103,22,'JENIS-JENIS LAYANAN ADMINDUK','2022-06-02 13:17:28',NULL),(2104,22,'Akta Kelahiran','2022-06-02 13:17:35',NULL),(2105,143,'JENIS-JENIS LAYANAN ADMINDUK','2022-06-02 13:19:25',NULL),(2106,143,'Akta Perceraian','2022-06-02 13:19:35',NULL),(2107,22,'Akta Kelahiran','2022-06-02 13:19:49',NULL),(2108,22,'b. Kepengurusan Akta Kelahiran','2022-06-02 13:20:09',NULL),(2109,22,'1. Pengurusan Akta Kelahiran untuk Diri Sendiri','2022-06-02 13:21:08',NULL),(2110,143,'Pertanyaan Umum terkait ADMINDUK','2022-06-02 13:23:10',NULL),(2111,23,'JENIS-JENIS LAYANAN ADMINDUK','2022-06-02 13:24:24',NULL),(2112,23,'Pemuktahiran Biodata','2022-06-02 13:24:29',NULL),(2113,23,'b. Pengajuan permohonan perubahan (Pemutakhiran) biodata','2022-06-02 13:24:36',NULL),(2114,23,'Akta Perkawinan','2022-06-02 13:25:23',NULL),(2115,23,'b. Pengajuan Akta Perkawinan','2022-06-02 13:25:45',NULL),(2116,22,'Menu','2022-06-02 13:26:46',NULL),(2117,22,'JENIS-JENIS LAYANAN ADMINDUK','2022-06-02 13:26:56',NULL),(2118,22,'Akta Kelahiran','2022-06-02 13:27:00',NULL),(2119,22,'b. Kepengurusan Akta Kelahiran','2022-06-02 13:27:27',NULL),(2120,22,'1. Pengurusan Akta Kelahiran untuk Diri Sendiri','2022-06-02 13:27:32',NULL),(2121,143,'Selesai','2022-06-02 13:27:44',NULL),(2122,22,'a. Persyaratan pembenaran Akta Kelahiran','2022-06-02 13:28:52',NULL),(2123,22,'b. Tata Cara dan Syarat Penerbitan Akta Kelahiran untuk Dewasa','2022-06-02 13:29:03',NULL),(2124,22,'c. Pengurusan Akta Kelahiran yang Hilang','2022-06-02 13:29:21',NULL),(2125,22,'d. Tata Cara Legalisir Akta Kelahiran','2022-06-02 13:29:37',NULL),(2126,23,'Selesai','2022-06-02 13:29:50',NULL),(2127,23,'JENIS-JENIS LAYANAN ADMINDUK','2022-06-02 13:29:54',NULL),(2128,23,'Pemuktahiran Biodata','2022-06-02 13:29:58',NULL),(2129,23,'b. Pengajuan permohonan perubahan (Pemutakhiran) biodata','2022-06-02 13:30:02',NULL),(2130,22,'Menu','2022-06-02 13:30:02',NULL),(2131,22,'JENIS-JENIS LAYANAN ADMINDUK','2022-06-02 13:30:06',NULL),(2132,23,'1. Untuk Diri Sendiri','2022-06-02 13:30:07',NULL),(2133,22,'Akta Kelahiran','2022-06-02 13:30:15',NULL),(2134,22,'b. Kepengurusan Akta Kelahiran','2022-06-02 13:30:22',NULL),(2135,23,'JENIS-JENIS LAYANAN ADMINDUK','2022-06-02 13:31:27',NULL),(2136,23,'Pemuktahiran Biodata','2022-06-02 13:31:32',NULL),(2137,23,'b. Pengajuan permohonan perubahan (Pemutakhiran) biodata','2022-06-02 13:31:36',NULL),(2138,23,'1. Untuk Diri Sendiri','2022-06-02 13:31:40',NULL),(2139,23,'3. WNI dan WNA','2022-06-02 13:32:31',NULL),(2140,22,'M','2022-06-02 13:32:44',NULL),(2141,22,'JENIS-JENIS LAYANAN ADMINDUK','2022-06-02 13:32:49',NULL),(2142,22,'Akta Kelahiran','2022-06-02 13:32:53',NULL),(2143,22,'b. Kepengurusan Akta Kelahiran','2022-06-02 13:33:00',NULL),(2144,22,'1. Akta Kelahiran untuk Diri Sendiri','2022-06-02 13:33:11',NULL),(2145,23,'JENIS-JENIS LAYANAN ADMINDUK','2022-06-02 13:37:26',NULL),(2146,143,'JENIS-JENIS LAYANAN ADMINDUK','2022-06-02 13:37:30',NULL),(2147,143,'Akta Perceraian','2022-06-02 13:37:35',NULL),(2148,23,'Akta Perkawinan','2022-06-02 13:37:36',NULL),(2149,143,'a. Tata Cara Pengajuan Akta Perceraian','2022-06-02 13:37:40',NULL),(2150,23,'Akta Kelahiran','2022-06-02 13:38:09',NULL),(2151,143,'JENIS-JENIS LAYANAN ADMINDUK','2022-06-02 13:38:23',NULL),(2152,22,'Menu','2022-06-02 13:38:24',NULL),(2153,22,'JENIS-JENIS LAYANAN ADMINDUK','2022-06-02 13:38:28',NULL),(2154,143,'Akta Perceraian','2022-06-02 13:38:28',NULL),(2155,22,'Akta Kelahiran','2022-06-02 13:38:32',NULL),(2156,143,'a. Tata Cara Pengajuan Akta Perceraian','2022-06-02 13:38:33',NULL),(2157,23,'KTP-eL','2022-06-02 13:38:34',NULL),(2158,22,'a. Tata cara Pengajuan Permohonan Akta Kelahiran','2022-06-02 13:38:50',NULL),(2159,23,'Pemuktahiran Biodata','2022-06-02 13:39:12',NULL),(2160,23,'b. Pengajuan permohonan perubahan (Pemutakhiran) biodata','2022-06-02 13:39:34',NULL),(2161,23,'1. Untuk Diri Sendiri','2022-06-02 13:39:44',NULL),(2162,23,'JENIS-JENIS LAYANAN ADMINDUK','2022-06-02 13:39:58',NULL),(2163,23,'Akta Perkawinan','2022-06-02 13:40:05',NULL),(2164,23,'a. Tata cara pengajuan pencatatan perkawinan','2022-06-02 13:40:08',NULL),(2165,22,'M','2022-06-02 13:40:19',NULL),(2166,22,'JENIS-JENIS LAYANAN ADMINDUK','2022-06-02 13:40:24',NULL),(2167,22,'Akta Kelahiran','2022-06-02 13:40:28',NULL),(2168,22,'b. Kepengurusan Akta Kelahiran','2022-06-02 13:40:44',NULL),(2169,22,'1. Akta Kelahiran untuk Diri Sendiri','2022-06-02 13:40:54',NULL),(2170,23,'JENIS-JENIS LAYANAN ADMINDUK','2022-06-02 13:41:25',NULL),(2171,23,'Akta Perkawinan','2022-06-02 13:41:29',NULL),(2172,23,'b. Pengajuan Akta Perkawinan','2022-06-02 13:41:34',NULL),(2173,23,'JENIS-JENIS LAYANAN ADMINDUK','2022-06-02 13:41:49',NULL),(2174,23,'Pemuktahiran Biodata','2022-06-02 13:41:53',NULL),(2175,22,'b. Penerbitan Akta Kelahiran untuk Dewasa','2022-06-02 13:43:20',NULL),(2176,22,'Menu','2022-06-02 13:44:46',NULL),(2177,22,'JENIS-JENIS LAYANAN ADMINDUK','2022-06-02 13:44:49',NULL),(2178,22,'Akta Kelahiran','2022-06-02 13:44:54',NULL),(2179,22,'b. Kepengurusan Akta Kelahiran','2022-06-02 13:44:59',NULL),(2180,22,'1. Akta Kelahiran untuk Diri Sendiri','2022-06-02 13:45:04',NULL),(2181,143,'JENIS-JENIS LAYANAN ADMINDUK','2022-06-02 13:46:01',NULL),(2182,143,'Pindah Datang','2022-06-02 13:46:07',NULL),(2183,23,'Pindah Datang','2022-06-02 13:46:49',NULL),(2184,24,'Menu','2022-06-02 13:46:50',NULL),(2185,143,'JENIS-JENIS LAYANAN ADMINDUK','2022-06-02 13:46:51',NULL),(2186,143,'Pindah Dalam Kota','2022-06-02 13:46:57',NULL),(2187,24,'JENIS-JENIS LAYANAN ADMINDUK','2022-06-02 13:46:57',NULL),(2188,24,'Pindah Keluar WNI','2022-06-02 13:47:02',NULL),(2189,143,'JENIS-JENIS LAYANAN ADMINDUK','2022-06-02 13:47:18',NULL),(2190,23,'JENIS-JENIS LAYANAN ADMINDUK','2022-06-02 13:47:18',NULL),(2191,23,'Kartu Keluarga','2022-06-02 13:47:25',NULL),(2192,143,'Kartu Keluarga','2022-06-02 13:47:26',NULL),(2193,22,'Menu','2022-06-02 13:48:15',NULL),(2194,22,'JENIS-JENIS LAYANAN ADMINDUK','2022-06-02 13:48:21',NULL),(2195,22,'Pemuktahiran Biodata','2022-06-02 13:48:28',NULL),(2196,22,'Menu','2022-06-02 13:49:51',NULL),(2197,22,'JENIS-JENIS LAYANAN ADMINDUK','2022-06-02 13:49:55',NULL),(2198,23,'JENIS-JENIS LAYANAN ADMINDUK','2022-06-02 13:50:00',NULL),(2199,22,'Pemuktahiran Biodata','2022-06-02 13:50:01',NULL),(2200,23,'Pemuktahiran Biodata','2022-06-02 13:50:03',NULL),(2201,22,'Menu','2022-06-02 13:50:58',NULL),(2202,22,'JENIS-JENIS LAYANAN ADMINDUK','2022-06-02 13:51:01',NULL),(2203,22,'Akta Kelahiran','2022-06-02 13:51:06',NULL),(2204,24,'Menu','2022-06-02 13:52:55',NULL),(2205,24,'JENIS-JENIS LAYANAN ADMINDUK','2022-06-02 13:53:01',NULL),(2206,24,'Pindah Keluar WNI','2022-06-02 13:53:07',NULL),(2207,24,'b. Syarat Pengajuan Pindah Keluar','2022-06-02 13:53:12',NULL),(2208,22,'a. Tata cara Pengajuan Akta Kelahiran','2022-06-02 13:53:19',NULL),(2209,22,'b. Kepengurusan Akta Kelahiran','2022-06-02 13:53:26',NULL),(2210,23,'JENIS-JENIS LAYANAN ADMINDUK','2022-06-02 13:53:27',NULL),(2211,23,'KTP-eL','2022-06-02 13:53:31',NULL),(2212,22,'2. Pengurusan Akta Kelahiran untuk Anak/Cucu','2022-06-02 13:54:26',NULL),(2213,22,'Menu','2022-06-02 13:57:20',NULL),(2214,22,'JENIS-JENIS LAYANAN ADMINDUK','2022-06-02 13:57:24',NULL),(2215,22,'Akta Kelahiran','2022-06-02 13:57:28',NULL),(2216,22,'b. Kepengurusan Akta Kelahiran','2022-06-02 13:57:40',NULL),(2217,22,'1. Akta Kelahiran untuk Diri Sendiri','2022-06-02 13:57:48',NULL),(2218,24,'menu','2022-06-02 13:59:34',NULL),(2219,24,'JENIS-JENIS LAYANAN ADMINDUK','2022-06-02 13:59:40',NULL),(2220,24,'Pindah Datang','2022-06-02 13:59:46',NULL),(2221,24,'a. Tempat Mengurus Pindah Datang','2022-06-02 13:59:51',NULL),(2222,22,'M','2022-06-02 14:04:09',NULL),(2223,22,'JENIS-JENIS LAYANAN ADMINDUK','2022-06-02 14:04:13',NULL),(2224,22,'Akta Kelahiran','2022-06-02 14:04:19',NULL),(2225,22,'b. Kepengurusan Akta Kelahiran','2022-06-02 14:04:31',NULL),(2226,22,'1. Akta Kelahiran untuk Diri Sendiri','2022-06-02 14:04:35',NULL),(2227,143,'JENIS-JENIS LAYANAN ADMINDUK','2022-06-02 14:05:27',NULL),(2228,143,'Pindah Keluar WNI','2022-06-02 14:05:34',NULL),(2229,22,'1. Akta Kelahiran untuk Diri Sendiri','2022-06-02 14:05:35',NULL),(2230,143,'a. Tempat Mengurus Pindah Keluar WNI','2022-06-02 14:05:41',NULL),(2231,143,'LINK Layanan ADMINDUK','2022-06-02 14:05:51',NULL),(2232,22,'a. Pembetulan Nama pada Akta Kelahiran','2022-06-02 14:05:55',NULL),(2233,143,'Takon Klampid','2022-06-02 14:05:58',NULL),(2234,22,'Menu','2022-06-02 14:06:05',NULL),(2235,143,'LINK Layanan ADMINDUK','2022-06-02 14:06:05',NULL),(2236,22,'JENIS-JENIS LAYANAN ADMINDUK','2022-06-02 14:06:09',NULL),(2237,143,'E-mail Resmi Dispendukcapil','2022-06-02 14:06:11',NULL),(2238,22,'Akta Kelahiran','2022-06-02 14:06:14',NULL),(2239,22,'b. Kepengurusan Akta Kelahiran','2022-06-02 14:06:19',NULL),(2240,143,'JENIS-JENIS LAYANAN ADMINDUK','2022-06-02 14:06:20',NULL),(2241,22,'2. Akta Kelahiran untuk Anak/Cucu','2022-06-02 14:06:23',NULL),(2242,143,'Kartu Keluarga','2022-06-02 14:06:29',NULL),(2243,143,'SYARAT UMUM PENGAJUAN ADMINDUK','2022-06-02 14:07:37',NULL),(2244,23,'Akta Perceraian','2022-06-02 14:08:35',NULL),(2245,23,'a. Tata Cara Pengajuan Akta Perceraian','2022-06-02 14:08:41',NULL),(2246,23,'b.Pengajuan Akta Perceraian','2022-06-02 14:09:00',NULL),(2247,143,'Menu','2022-06-02 14:09:07',NULL),(2248,24,'menu','2022-06-02 14:09:09',NULL),(2249,143,'Pertanyaan Umum terkait ADMINDUK','2022-06-02 14:09:13',NULL),(2250,24,'JENIS-JENIS LAYANAN ADMINDUK','2022-06-02 14:09:16',NULL),(2251,24,'Pindah Dalam Kota','2022-06-02 14:09:22',NULL),(2252,24,'d. Persyaratan Jika Pemohon Tinggal Di Apartemen','2022-06-02 14:09:30',NULL),(2253,143,'Pertanyaan Umum terkait ADMINDUK','2022-06-02 14:14:02',NULL),(2254,143,'Tes','2022-06-02 14:17:33',NULL),(2255,143,'Pertanyaan Umum terkait ADMINDUK','2022-06-02 14:17:38',NULL),(2256,143,'Apakah Pengurusan Permohonan Administrasi Kependudukan Harus dilakukan dikantor Mall Pelayanan Publik?','2022-06-02 14:17:45',NULL),(2257,23,'JENIS-JENIS LAYANAN ADMINDUK','2022-06-02 14:17:50',NULL),(2258,23,'Akta Perceraian','2022-06-02 14:17:54',NULL),(2259,23,'b.Pengajuan Akta Perceraian','2022-06-02 14:17:59',NULL),(2260,23,'1. Akta Perceraian untuk Diri Sendiri','2022-06-02 14:18:03',NULL),(2261,22,'Menu','2022-06-02 14:19:59',NULL),(2262,22,'JENIS-JENIS LAYANAN ADMINDUK','2022-06-02 14:20:03',NULL),(2263,22,'Akta Kelahiran','2022-06-02 14:20:09',NULL),(2264,22,'b. Kepengurusan Akta Kelahiran','2022-06-02 14:20:14',NULL),(2265,22,'1. Akta Kelahiran untuk Diri Sendiri','2022-06-02 14:20:32',NULL),(2266,22,'2. Akta Kelahiran untuk Anak/Cucu','2022-06-02 14:20:45',NULL),(2267,23,'SYARAT UMUM PENGAJUAN ADMINDUK','2022-06-02 14:20:47',NULL),(2268,23,'Syarat Umum Pemutakhiran Biodata','2022-06-02 14:20:56',NULL),(2269,23,'TATA CARA LAYANAN ONLINE ADMINDUK','2022-06-02 14:21:12',NULL),(2270,23,'SYARAT UMUM PENGAJUAN ADMINDUK','2022-06-02 14:21:48',NULL),(2271,143,'Pertanyaan Umum terkait ADMINDUK','2022-06-02 14:21:52',NULL),(2272,23,'Syarat Umum Akta Perceraian','2022-06-02 14:22:01',NULL),(2273,23,'JENIS-JENIS LAYANAN ADMINDUK','2022-06-02 14:22:39',NULL),(2274,23,'Akta Perceraian','2022-06-02 14:22:43',NULL),(2275,23,'b.Pengajuan Akta Perceraian','2022-06-02 14:22:47',NULL),(2276,23,'1. Akta Perceraian untuk Diri Sendiri','2022-06-02 14:22:55',NULL),(2277,143,'Menu','2022-06-02 14:23:21',NULL),(2278,143,'Pertanyaan Umum terkait ADMINDUK','2022-06-02 14:23:26',NULL),(2279,23,'KLAMPID NEXT GENERATION','2022-06-02 14:23:39',NULL),(2280,23,'LINK KLAMPID NEXT GENERATION','2022-06-02 14:24:01',NULL),(2281,143,'Apakah Pengurusan Permohonan Administrasi Kependudukan Harus dilakukan dikantor Mall Pelayanan Publik?','2022-06-02 14:24:32',NULL),(2282,22,'Menu','2022-06-02 14:27:58',NULL),(2283,22,'JENIS-JENIS LAYANAN ADMINDUK','2022-06-02 14:28:02',NULL),(2284,22,'Akta Kelahiran','2022-06-02 14:28:06',NULL),(2285,22,'b. Kepengurusan Akta Kelahiran','2022-06-02 14:28:11',NULL),(2286,22,'2. Akta Kelahiran untuk Anak/Cucu','2022-06-02 14:28:18',NULL),(2287,22,'1. Akta Kelahiran untuk Diri Sendiri','2022-06-02 14:29:05',NULL),(2288,22,'Menu','2022-06-02 14:30:07',NULL),(2289,22,'JENIS-JENIS LAYANAN ADMINDUK','2022-06-02 14:30:10',NULL),(2290,22,'Akta Kelahiran','2022-06-02 14:30:14',NULL),(2291,22,'b. Kepengurusan Akta Kelahiran','2022-06-02 14:30:20',NULL),(2292,22,'2. Akta Kelahiran untuk Anak/Cucu','2022-06-02 14:30:25',NULL),(2293,22,'a. Syarat Akta Kelahiran untuk Anak/Cucu','2022-06-02 14:30:39',NULL),(2294,143,'JENIS-JENIS LAYANAN ADMINDUK','2022-06-02 14:31:31',NULL),(2295,143,'Pemuktahiran Biodata','2022-06-02 14:32:21',NULL),(2296,143,'b. Pengajuan perubahan (Pemutakhiran) biodata','2022-06-02 14:32:37',NULL),(2297,143,'2. Untuk Keluarga','2022-06-02 14:32:44',NULL),(2298,143,'JENIS-JENIS LAYANAN ADMINDUK','2022-06-02 14:33:22',NULL),(2299,143,'Pemuktahiran Biodata','2022-06-02 14:33:30',NULL),(2300,143,'b. Pengajuan perubahan (Pemutakhiran) biodata','2022-06-02 14:33:36',NULL),(2301,143,'Menu','2022-06-02 14:34:36',NULL),(2302,143,'JENIS-JENIS LAYANAN ADMINDUK','2022-06-02 14:35:01',NULL),(2303,143,'Pemuktahiran Biodata','2022-06-02 14:35:09',NULL),(2304,143,'b. Pengajuan perubahan (Pemutakhiran) biodata','2022-06-02 14:35:19',NULL),(2305,143,'1. Untuk Diri Sendiri','2022-06-02 14:35:47',NULL),(2306,143,'JENIS-JENIS LAYANAN ADMINDUK','2022-06-02 14:36:14',NULL),(2307,143,'Pemuktahiran Biodata','2022-06-02 14:36:20',NULL),(2308,143,'b. Pengajuan perubahan (Pemutakhiran) biodata','2022-06-02 14:36:26',NULL),(2309,143,'2. Untuk Keluarga','2022-06-02 14:36:32',NULL),(2310,24,'JENIS-JENIS LAYANAN ADMINDUK','2022-06-02 14:40:25',NULL),(2311,24,'Pindah Keluar WNI','2022-06-02 14:40:30',NULL),(2312,24,'Menu','2022-06-02 15:07:45',NULL),(2313,24,'JENIS-JENIS LAYANAN ADMINDUK','2022-06-02 15:07:55',NULL),(2314,30,'hallo','2022-06-02 15:07:56',NULL),(2315,24,'Pindah Keluar WNI','2022-06-02 15:08:03',NULL),(2316,22,'Menu','2022-06-02 15:08:09',NULL),(2317,24,'f. Durasi Proses Pengajuan Pindah','2022-06-02 15:08:11',NULL),(2318,22,'JENIS-JENIS LAYANAN ADMINDUK','2022-06-02 15:08:14',NULL),(2319,22,'Akta Kelahiran','2022-06-02 15:08:19',NULL),(2320,24,'JENIS-JENIS LAYANAN ADMINDUK','2022-06-02 15:08:19',NULL),(2321,22,'b. Kepengurusan Akta Kelahiran','2022-06-02 15:08:26',NULL),(2322,24,'Pindah Datang','2022-06-02 15:08:27',NULL),(2323,22,'2. Akta Kelahiran untuk Anak/Cucu','2022-06-02 15:08:32',NULL),(2324,24,'f. Durasi Pengurusan Pindah Datang','2022-06-02 15:08:35',NULL),(2325,24,'JENIS-JENIS LAYANAN ADMINDUK','2022-06-02 15:08:42',NULL),(2326,24,'Pindah Dalam Kota','2022-06-02 15:08:48',NULL),(2327,20,'Menu','2022-06-02 15:08:57',NULL),(2328,20,'JENIS-JENIS LAYANAN ADMINDUK','2022-06-02 15:09:04',NULL),(2329,20,'Akta Kelahiran','2022-06-02 15:09:11',NULL),(2330,20,'b. Kepengurusan Akta Kelahiran','2022-06-02 15:09:28',NULL),(2331,22,'1. Akta Kelahiran untuk Diri Sendiri','2022-06-02 15:09:35',NULL),(2332,20,'2. Akta Kelahiran untuk Anak/Cucu','2022-06-02 15:09:36',NULL),(2333,20,'Menu','2022-06-02 15:14:20',NULL),(2334,20,'JENIS-JENIS LAYANAN ADMINDUK','2022-06-02 15:14:26',NULL),(2335,20,'Akta Kelahiran','2022-06-02 15:14:33',NULL),(2336,20,'b. Kepengurusan Akta Kelahiran','2022-06-02 15:14:43',NULL),(2337,20,'2. Akta Kelahiran untuk Anak/Cucu','2022-06-02 15:14:49',NULL),(2338,20,'d. Akta Kelahiran yang Hilang','2022-06-02 15:14:56',NULL),(2339,20,'c. Terbitan Akta Kelahiran bayi yang lahir di luar Kabupaten Nganjuk','2022-06-02 15:16:42',NULL),(2340,143,'Pertanyaan Umum terkait ADMINDUK','2022-06-02 15:19:28',NULL),(2341,143,'Menu','2022-06-02 15:35:55',NULL),(2342,143,'JENIS-JENIS LAYANAN ADMINDUK','2022-06-02 15:36:01',NULL),(2343,143,'Akta Perkawinan','2022-06-02 15:36:06',NULL),(2344,143,'Menu','2022-06-02 15:36:38',NULL),(2345,143,'JENIS-JENIS LAYANAN ADMINDUK','2022-06-02 15:36:43',NULL),(2346,143,'Akta Perceraian','2022-06-02 15:37:15',NULL),(2347,143,'a. Tata Cara Pengajuan Akta Perceraian','2022-06-02 15:38:00',NULL),(2348,20,'tes','2022-06-03 09:55:12',NULL),(2349,20,'Pertanyaan Umum terkait ADMINDUK','2022-06-03 09:55:43',NULL),(2350,20,'Kapan Jam Operasional Layanan Administrasi Kependudukan di Dispendukcapil Kabupaten Nganjuk?','2022-06-03 09:56:02',NULL),(2351,34,'p','2022-06-03 09:58:30',NULL),(2352,34,'JENIS-JENIS LAYANAN ADMINDUK','2022-06-03 09:58:53',NULL),(2353,34,'KTP-eL','2022-06-03 09:59:00',NULL),(2354,34,'a. Tempat Pelayanan Pembuatan KTP-el Baru dan Syaratnya','2022-06-03 09:59:09',NULL),(2355,34,'Selesai','2022-06-03 09:59:21',NULL),(2356,34,'JENIS-JENIS LAYANAN ADMINDUK','2022-06-03 09:59:54',NULL),(2357,34,'KTP-eL','2022-06-03 10:00:00',NULL),(2358,24,'Test','2022-06-03 10:13:28',NULL),(2359,24,'LINK Layanan ADMINDUK','2022-06-03 10:14:35',NULL),(2360,24,'JENIS-JENIS LAYANAN ADMINDUK','2022-06-03 10:15:52',NULL),(2361,24,'Pindah Datang','2022-06-03 10:16:16',NULL),(2362,24,'b. Syarat Pengajuan Pindah Datang','2022-06-03 10:16:37',NULL),(2363,24,'Selesai','2022-06-03 10:17:47',NULL),(2364,24,'Menu','2022-06-03 10:19:55',NULL),(2365,24,'KLAMPID NEXT GENERATION','2022-06-03 10:28:17',NULL),(2366,24,'Pengajuan melalui KLAMPID Next Gen','2022-06-03 10:28:33',NULL),(2367,24,'LINK KLAMPID NEXT GENERATION','2022-06-03 10:28:52',NULL),(2368,24,'KLAMPID NEXT GENERATION','2022-06-03 10:35:16',NULL),(2369,24,'KLAMPID NEXT GENERATION','2022-06-03 10:36:22',NULL),(2370,125,'Hallo','2022-06-03 10:49:06',NULL),(2371,125,'Pertanyaan Umum terkait ADMINDUK','2022-06-03 10:49:16',NULL),(2372,20,'Menu','2022-06-03 10:56:40',NULL),(2373,20,'TATA CARA LAYANAN ONLINE ADMINDUK','2022-06-03 10:56:48',NULL),(2374,20,'Selesai','2022-06-03 10:56:55',NULL),(2375,125,'Kapan Jam Operasional Layanan Administrasi Kependudukan di Dispendukcapil Kabupaten Nganjuk?','2022-06-03 10:56:56',NULL),(2376,20,'Tidak','2022-06-03 10:57:03',NULL),(2377,125,'Pertanyaan Umum terkait ADMINDUK','2022-06-03 10:59:14',NULL),(2378,125,'Kapan Jam Operasional Layanan Administrasi Kependudukan di Dispendukcapil Kabupaten Nganjuk?','2022-06-03 10:59:19',NULL),(2379,34,'Selesai','2022-06-03 10:59:24',NULL),(2380,34,'Ya','2022-06-03 10:59:35',NULL),(2381,125,'YA','2022-06-03 10:59:36',NULL),(2382,34,'Selesai','2022-06-03 11:00:22',NULL),(2383,34,'YA','2022-06-03 11:00:28',NULL),(2384,20,'KLAMPID NEXT GENERATION','2022-06-03 11:04:27',NULL),(2385,20,'Pengajuan melalui KLAMPID Next Gen','2022-06-03 11:04:32',NULL),(2386,34,'Selesai','2022-06-03 11:08:10',NULL),(2387,34,'Pengajuan Permohonan KLAMPID Next Gen','2022-06-03 11:08:24',NULL),(2388,34,'Selesai','2022-06-03 11:09:18',NULL),(2389,34,'YA','2022-06-03 11:09:23',NULL),(2390,34,'Ya','2022-06-03 11:10:27',NULL),(2391,34,'Selesai','2022-06-03 11:15:45',NULL),(2392,34,'Tidak','2022-06-03 11:15:53',NULL),(2393,34,'Tidak','2022-06-03 11:17:03',NULL),(2394,34,'KLAMPID NEXT GENERATION','2022-06-03 11:21:16',NULL),(2395,34,'KLAMPID NEXT GENERATION','2022-06-03 11:21:49',NULL),(2396,34,'ya','2022-06-03 11:22:13',NULL),(2397,143,'Pertanyaan Umum terkait ADMINDUK','2022-06-03 12:17:47',NULL),(2398,20,'Menu','2022-06-04 10:02:32',NULL),(2399,24,'menu','2022-06-04 13:08:37',NULL),(2400,24,'JENIS-JENIS LAYANAN ADMINDUK','2022-06-04 13:08:42',NULL),(2401,24,'Pindah Keluar WNI','2022-06-04 13:08:48',NULL),(2402,24,'f. Durasi Proses Pengajuan Pindah','2022-06-04 13:08:53',NULL),(2403,24,'JENIS-JENIS LAYANAN ADMINDUK','2022-06-04 13:08:59',NULL),(2404,24,'Pindah Datang','2022-06-04 13:09:03',NULL),(2405,24,'c. Tata Cara Jika Penduduk Yang Pindah Masih Dibawah 17 Tahun','2022-06-04 13:09:13',NULL),(2406,24,'JENIS-JENIS LAYANAN ADMINDUK','2022-06-04 13:09:26',NULL),(2407,24,'Pindah Dalam Kota','2022-06-04 13:09:30',NULL),(2408,24,'d. Persyaratan Jika Pemohon Tinggal Di Apartemen','2022-06-04 13:09:35',NULL),(2409,24,'selesai','2022-06-04 13:10:02',NULL),(2410,20,'menu','2022-06-06 13:38:22',NULL),(2411,22,'Menu','2022-06-06 14:11:07',NULL),(2412,24,'Meni','2022-06-06 14:11:08',NULL),(2413,24,'Menu','2022-06-06 14:11:10',NULL),(2414,24,'JENIS-JENIS LAYANAN ADMINDUK','2022-06-06 14:11:26',NULL),(2415,24,'Akta Kelahiran','2022-06-06 14:11:37',NULL),(2416,24,'b. Kepengurusan Akta Kelahiran','2022-06-06 14:12:01',NULL),(2417,24,'2. Akta Kelahiran untuk Anak/Cucu','2022-06-06 14:12:06',NULL),(2418,24,'c. Akta Kelahiran bayi lahir di luar Kabupaten Nganjuk','2022-06-06 14:12:10',NULL),(2419,22,'JENIS-JENIS LAYANAN ADMINDUK','2022-06-06 14:16:48',NULL),(2420,22,'Akta Kelahiran','2022-06-06 14:16:52',NULL),(2421,22,'b. Kepengurusan Akta Kelahiran','2022-06-06 14:16:57',NULL),(2422,22,'3. Pengurusan Akta Kelahiran lain-lain','2022-06-06 14:17:03',NULL),(2423,22,'Menu','2022-06-06 14:18:42',NULL),(2424,22,'LINK Layanan ADMINDUK','2022-06-06 14:18:47',NULL),(2425,22,'JENIS-JENIS LAYANAN ADMINDUK','2022-06-06 14:18:51',NULL),(2426,22,'Akta Kelahiran','2022-06-06 14:18:55',NULL),(2427,22,'b. Kepengurusan Akta Kelahiran','2022-06-06 14:19:00',NULL),(2428,22,'2. Akta Kelahiran untuk Anak/Cucu','2022-06-06 14:19:04',NULL),(2429,22,'Menu','2022-06-06 14:28:33',NULL),(2430,22,'JENIS-JENIS LAYANAN ADMINDUK','2022-06-06 14:28:37',NULL),(2431,22,'Akta Kelahiran','2022-06-06 14:28:40',NULL),(2432,22,'b. Kepengurusan Akta Kelahiran','2022-06-06 14:28:46',NULL),(2433,22,'2. Akta Kelahiran untuk Anak/Cucu','2022-06-06 14:28:50',NULL),(2434,22,'Menu','2022-06-06 14:38:09',NULL),(2435,22,'JENIS-JENIS LAYANAN ADMINDUK','2022-06-06 14:38:13',NULL),(2436,22,'Akta Kelahiran','2022-06-06 14:38:17',NULL),(2437,22,'b. Kepengurusan Akta Kelahiran','2022-06-06 14:38:20',NULL),(2438,22,'2. Akta Kelahiran untuk Anak/Cucu','2022-06-06 14:38:24',NULL),(2439,22,'a. Pengajuan Akta Kelahiran Anak/Cucu','2022-06-06 14:38:29',NULL),(2440,22,'Menu','2022-06-06 14:39:16',NULL),(2441,22,'JENIS-JENIS LAYANAN ADMINDUK','2022-06-06 14:39:19',NULL),(2442,22,'Akta Kelahiran','2022-06-06 14:39:23',NULL),(2443,22,'b. Kepengurusan Akta Kelahiran','2022-06-06 14:39:27',NULL),(2444,22,'3. Pengurusan Akta Kelahiran lain-lain','2022-06-06 14:39:30',NULL),(2445,23,'Menu','2022-06-06 15:11:36',NULL),(2446,22,'Menu','2022-06-06 15:11:42',NULL),(2447,23,'Menu','2022-06-06 15:11:43',NULL),(2448,22,'Menu','2022-06-06 15:12:04',NULL),(2449,22,'Menu','2022-06-06 15:12:15',NULL),(2450,23,'Tes','2022-06-06 15:12:16',NULL),(2451,22,'JENIS-JENIS LAYANAN ADMINDUK','2022-06-06 15:13:54',NULL),(2452,22,'Akta Kelahiran','2022-06-06 15:13:58',NULL),(2453,23,'TATA CARA LAYANAN ONLINE ADMINDUK','2022-06-06 15:14:01',NULL),(2454,22,'b. Kepengurusan Akta Kelahiran','2022-06-06 15:14:02',NULL),(2455,22,'3. Pengurusan Akta Kelahiran lain-lain','2022-06-06 15:14:06',NULL),(2456,23,'Lokasi dan Waktu Layanan Administrasi Kependudukan Dispendukcapil Kabupaten Nganjuk ( Mall Pelayanan Publik Dispendukcapil Kabupaten Nganjuk )','2022-06-06 15:14:11',NULL),(2457,22,'c. Akta Kelahiran untuk Anak Adopsi','2022-06-06 15:14:15',NULL),(2458,23,'Menu','2022-06-07 10:15:49',NULL),(2459,34,'p','2022-06-07 10:15:53',NULL),(2460,23,'TATA CARA LAYANAN ONLINE ADMINDUK','2022-06-07 10:15:54',NULL),(2461,34,'KLAMPID NEXT GENERATION','2022-06-07 10:16:15',NULL),(2462,23,'Menu','2022-06-07 10:16:17',NULL),(2463,22,'','2022-06-07 10:16:22',NULL),(2464,22,'','2022-06-07 10:16:22',NULL),(2465,22,'menu','2022-06-07 10:16:22',NULL),(2466,23,'Pertanyaan Umum terkait ADMINDUK','2022-06-07 10:16:23',NULL),(2467,34,'TATA CARA LAYANAN ONLINE ADMINDUK','2022-06-07 10:16:24',NULL),(2468,34,'Tata Cara mencetak Dokumen Administrasi Kependudukan jika sudah diterbitkan melalui situs Online Mandiri KLAMPID','2022-06-07 10:16:32',NULL),(2469,34,'Selesai','2022-06-07 10:16:40',NULL),(2470,22,'JENIS-JENIS LAYANAN ADMINDUK','2022-06-07 10:16:44',NULL),(2471,23,'KLAMPID NEXT GENERATION','2022-06-07 10:16:44',NULL),(2472,34,'Ya','2022-06-07 10:16:45',NULL),(2473,22,'Akta Kelahiran','2022-06-07 10:16:55',NULL),(2474,22,'b. Kepengurusan Akta Kelahiran','2022-06-07 10:17:10',NULL),(2475,22,'1. Akta Kelahiran untuk Diri Sendiri','2022-06-07 10:17:19',NULL),(2476,22,'a. Pembetulan Nama pada Akta Kelahiran','2022-06-07 10:17:31',NULL),(2477,34,'Ya','2022-06-07 10:17:46',NULL),(2478,34,'tidak','2022-06-07 10:17:53',NULL),(2479,22,'ya','2022-06-07 10:17:54',NULL),(2480,22,'TATA CARA LAYANAN ONLINE ADMINDUK','2022-06-07 10:33:32',NULL),(2481,22,'TATA CARA LAYANAN ONLINE ADMINDUK','2022-06-07 10:33:47',NULL),(2482,22,'Aduan permasalahan masyarakat terkait ADMINDUK','2022-06-07 10:33:53',NULL),(2483,22,'Website SAPA WARGA','2022-06-07 10:34:00',NULL),(2484,22,'TATA CARA LAYANAN ONLINE ADMINDUK','2022-06-07 10:34:28',NULL),(2485,22,'Aduan permasalahan masyarakat terkait ADMINDUK','2022-06-07 10:34:38',NULL),(2486,22,'Website SAPA WARGA','2022-06-07 10:34:49',NULL),(2487,22,'Tidak','2022-06-07 10:35:12',NULL),(2488,22,'tidak','2022-06-07 10:38:40',NULL),(2489,22,'Tidak','2022-06-07 10:44:26',NULL),(2490,22,'Ya','2022-06-07 10:44:43',NULL),(2491,22,'Ya','2022-06-07 10:45:53',NULL),(2492,22,'Ya','2022-06-07 10:46:39',NULL),(2493,22,'Ya','2022-06-07 10:48:44',NULL),(2494,22,'TATA CARA LAYANAN ONLINE ADMINDUK','2022-06-07 10:50:17',NULL),(2495,22,'Cara mengurus Pengajuan Permohonan melalui Online Mandiri Klampid','2022-06-07 10:50:22',NULL),(2496,22,'Aduan permasalahan masyarakat terkait ADMINDUK','2022-06-07 10:50:52',NULL),(2497,22,'Website SAPA WARGA','2022-06-07 10:51:20',NULL),(2498,22,'Website SAPA WARGA','2022-06-07 10:53:33',NULL),(2499,22,'Website SAPA WARGA','2022-06-07 10:54:43',NULL),(2500,22,'Website SAPA WARGA','2022-06-07 10:55:21',NULL),(2501,22,'Instagram','2022-06-07 10:55:40',NULL),(2502,22,'Instagram','2022-06-07 10:58:09',NULL),(2503,22,'Twitter','2022-06-07 11:00:16',NULL),(2504,22,'Instagram','2022-06-07 11:01:24',NULL),(2505,22,'menu','2022-06-07 11:08:21',NULL),(2506,22,'TATA CARA LAYANAN ONLINE ADMINDUK','2022-06-07 11:08:38',NULL),(2507,22,'Proses Pengajuan Permohonan Dokumen Administrasi Kependudukan','2022-06-07 11:08:54',NULL),(2508,22,'Menu','2022-06-07 11:12:08',NULL),(2509,22,'Menu','2022-06-07 11:12:57',NULL),(2510,22,'p','2022-06-07 11:13:03',NULL),(2511,22,'JENIS-JENIS LAYANAN ADMINDUK','2022-06-07 11:13:13',NULL),(2512,22,'Akta Kelahiran','2022-06-07 11:13:18',NULL),(2513,22,'b. Kepengurusan Akta Kelahiran','2022-06-07 11:13:22',NULL),(2514,22,'3. Pengurusan Akta Kelahiran lain-lain','2022-06-07 11:13:26',NULL),(2515,22,'c. Akta Kelahiran untuk Anak Adopsi','2022-06-07 11:13:30',NULL),(2516,22,'Ya','2022-06-07 11:13:42',NULL),(2517,24,'','2022-06-07 11:15:03',NULL),(2518,24,'','2022-06-07 11:15:03',NULL),(2519,24,'Menu','2022-06-07 11:15:03',NULL),(2520,22,'Mwnu','2022-06-07 11:15:25',NULL),(2521,24,'JENIS-JENIS LAYANAN ADMINDUK','2022-06-07 11:15:40',NULL),(2522,22,'KLAMPID NEXT GENERATION','2022-06-07 11:15:40',NULL),(2523,24,'Kartu Keluarga','2022-06-07 11:15:47',NULL),(2524,22,'menu','2022-06-07 11:18:57',NULL),(2525,22,'Menu','2022-06-07 11:20:04',NULL),(2526,22,'JENIS-JENIS LAYANAN ADMINDUK','2022-06-07 11:20:34',NULL),(2527,22,'Akta Kelahiran','2022-06-07 11:21:17',NULL),(2528,22,'b. Kepengurusan Akta Kelahiran','2022-06-07 11:21:26',NULL),(2529,22,'Menu','2022-06-07 11:30:15',NULL),(2530,22,'JENIS-JENIS LAYANAN ADMINDUK','2022-06-07 11:30:20',NULL),(2531,22,'Akta Kelahiran','2022-06-07 11:30:28',NULL),(2532,22,'b. Kepengurusan Akta Kelahiran','2022-06-07 11:30:32',NULL),(2533,22,'3. Pengurusan Akta Kelahiran lain-lain','2022-06-07 11:30:36',NULL),(2534,22,'a. Akta Kelahiran Bayi Tanpa Asal Usul','2022-06-07 11:30:45',NULL),(2535,22,'Ya','2022-06-07 11:30:52',NULL),(2536,20,'','2022-06-07 13:24:23',NULL),(2537,20,'','2022-06-07 13:24:23',NULL),(2538,20,'Saya Ingin Bertanya - NAMA-Bayu Al!NIK-3578041504950005','2022-06-07 13:24:23',NULL),(2539,20,'TATA CARA LAYANAN ONLINE ADMINDUK','2022-06-07 13:24:32',NULL),(2540,20,'Aduan permasalahan masyarakat terkait ADMINDUK','2022-06-07 13:24:40',NULL),(2541,20,'Website SAPA WARGA','2022-06-07 13:24:48',NULL),(2542,20,'YA','2022-06-07 13:25:00',NULL),(2543,20,'menu','2022-06-07 13:28:03',NULL),(2544,20,'menu','2022-06-07 13:34:21',NULL),(2545,20,'JENIS-JENIS LAYANAN ADMINDUK','2022-06-07 13:35:34',NULL),(2546,20,'Kartu Keluarga','2022-06-07 13:35:44',NULL),(2547,20,'Menu','2022-06-08 08:52:24',NULL),(2548,20,'LINK LAYANAN ADMINDUK','2022-06-08 08:54:13',NULL),(2549,20,'Klampid','2022-06-08 08:54:19',NULL),(2550,20,'menu','2022-06-08 10:03:55',NULL),(2551,20,'JENIS-JENIS LAYANAN ADMINDUK','2022-06-08 10:04:08',NULL),(2552,20,'Kartu Keluarga','2022-06-08 10:04:18',NULL),(2553,20,'a. Tata cara Pengajuan Kartu Keluarga','2022-06-08 10:04:34',NULL),(2554,20,'JENIS-JENIS LAYANAN ADMINDUK','2022-06-08 10:07:40',NULL),(2555,20,'Kartu Keluarga','2022-06-08 10:07:47',NULL),(2556,20,'a. Tata cara Pengajuan Kartu Keluarga','2022-06-08 10:08:42',NULL),(2557,125,'','2022-06-08 10:17:35',NULL),(2558,125,'','2022-06-08 10:17:35',NULL),(2559,125,'Tes','2022-06-08 10:17:35',NULL),(2560,22,'Menu','2022-06-08 10:17:42',NULL),(2561,125,'TATA CARA LAYANAN ONLINE ADMINDUK','2022-06-08 10:17:55',NULL),(2562,22,'JENIS-JENIS LAYANAN ADMINDUK','2022-06-08 10:17:58',NULL),(2563,22,'Akta Kelahiran','2022-06-08 10:18:02',NULL),(2564,22,'b. Kepengurusan Akta Kelahiran','2022-06-08 10:18:10',NULL),(2565,125,'Selesai','2022-06-08 10:18:19',NULL),(2566,22,'1. Akta Kelahiran untuk Diri Sendiri','2022-06-08 10:18:28',NULL),(2567,22,'Menu','2022-06-08 10:18:42',NULL),(2568,22,'JENIS-JENIS LAYANAN ADMINDUK','2022-06-08 10:18:47',NULL),(2569,22,'Akta Kelahiran','2022-06-08 10:18:58',NULL),(2570,22,'a. Tata cara Pengajuan Akta Kelahiran','2022-06-08 10:19:02',NULL),(2571,22,'JENIS-JENIS LAYANAN ADMINDUK','2022-06-08 10:19:23',NULL),(2572,22,'Akta Kelahiran','2022-06-08 10:19:28',NULL),(2573,22,'b. Kepengurusan Akta Kelahiran','2022-06-08 10:19:31',NULL),(2574,22,'1. Akta Kelahiran untuk Diri Sendiri','2022-06-08 10:21:08',NULL),(2575,22,'2. Akta Kelahiran untuk Anak/Cucu','2022-06-08 10:21:27',NULL),(2576,125,'TIDAK','2022-06-08 10:21:33',NULL),(2577,22,'Mwnu','2022-06-08 10:24:37',NULL),(2578,22,'JENIS-JENIS LAYANAN ADMINDUK','2022-06-08 10:25:01',NULL),(2579,22,'Akta Kelahiran','2022-06-08 10:25:07',NULL),(2580,22,'b. Kepengurusan Akta Kelahiran','2022-06-08 10:25:12',NULL),(2581,22,'2. Akta Kelahiran untuk Anak/Cucu','2022-06-08 10:25:19',NULL),(2582,22,'c. Akta Kelahiran bayi lahir di luar Kabupaten Nganjuk','2022-06-08 10:25:25',NULL),(2583,20,'JENIS-JENIS LAYANAN ADMINDUK','2022-06-08 10:34:09',NULL),(2584,20,'Kartu Keluarga','2022-06-08 10:34:14',NULL),(2585,30,'','2022-06-08 10:38:21',NULL),(2586,30,'','2022-06-08 10:38:21',NULL),(2587,30,'hallo','2022-06-08 10:38:22',NULL),(2588,22,'M','2022-06-08 10:38:29',NULL),(2589,22,'JENIS-JENIS LAYANAN ADMINDUK','2022-06-08 10:38:33',NULL),(2590,125,'Oi','2022-06-08 10:38:35',NULL),(2591,22,'Kartu Keluarga','2022-06-08 10:38:39',NULL),(2592,125,'JENIS-JENIS LAYANAN ADMINDUK','2022-06-08 10:38:41',NULL),(2593,125,'Kartu Keluarga','2022-06-08 10:38:47',NULL),(2594,22,'Tata cara pemutakhiran Biodata &amp; Pemutakhiran Biodata Keluarga','2022-06-08 10:39:01',NULL),(2595,125,'a. Tata cara &amp; Persyaratan Kartu Keluarga','2022-06-08 10:39:02',NULL),(2596,22,'1. Akta Kelahiran untuk Diri Sendiri','2022-06-08 10:39:28',NULL),(2597,22,'a. Pembetulan Nama pada Akta Kelahiran','2022-06-08 10:39:32',NULL),(2598,24,'Menu','2022-06-08 10:48:08',NULL),(2599,24,'JENIS-JENIS LAYANAN ADMINDUK','2022-06-08 10:48:30',NULL),(2600,24,'Kartu Keluarga','2022-06-08 10:48:34',NULL),(2601,24,'b. Tata cara pemutakhiran Biodata KK','2022-06-08 10:48:39',NULL),(2602,22,'Menu','2022-06-08 10:49:35',NULL),(2603,22,'Menu','2022-06-08 10:51:49',NULL),(2604,22,'Menu','2022-06-08 10:52:36',NULL),(2605,22,'Menu','2022-06-08 10:53:03',NULL),(2606,125,'Hallo','2022-06-08 10:56:43',NULL),(2607,125,'JENIS-JENIS LAYANAN ADMINDUK','2022-06-08 10:56:52',NULL),(2608,125,'Kartu Keluarga','2022-06-08 10:56:57',NULL),(2609,125,'Halo','2022-06-08 11:02:04',NULL),(2610,125,'JENIS-JENIS LAYANAN ADMINDUK','2022-06-08 11:02:08',NULL),(2611,125,'Kartu Keluarga','2022-06-08 11:02:13',NULL),(2612,125,'c. Tata cara cetak KK yang rusak','2022-06-08 11:02:20',NULL),(2613,125,'Hallo','2022-06-08 11:07:19',NULL),(2614,125,'JENIS-JENIS LAYANAN ADMINDUK','2022-06-08 11:07:28',NULL),(2615,125,'Kartu Keluarga','2022-06-08 11:07:34',NULL),(2616,125,'d. Tata cara cetak KK yang hilang','2022-06-08 11:09:48',NULL),(2617,125,'JENIS-JENIS LAYANAN ADMINDUK','2022-06-08 11:10:01',NULL),(2618,125,'Kartu Keluarga','2022-06-08 11:10:05',NULL),(2619,125,'e. Tata cara memperbaharui KK WNI yang lama','2022-06-08 11:10:13',NULL),(2620,22,'LINK LAYANAN ADMINDUK','2022-06-08 11:16:11',NULL),(2621,22,'Klampid','2022-06-08 11:16:23',NULL),(2622,22,'YA','2022-06-08 11:16:32',NULL),(2623,125,'JENIS-JENIS LAYANAN ADMINDUK','2022-06-08 11:17:50',NULL),(2624,125,'Kartu Keluarga','2022-06-08 11:17:57',NULL),(2625,125,'e. Tata cara memperbaharui KK WNI yang lama','2022-06-08 11:18:11',NULL),(2626,125,'JENIS-JENIS LAYANAN ADMINDUK','2022-06-08 11:18:19',NULL),(2627,125,'Kartu Keluarga','2022-06-08 11:18:23',NULL),(2628,22,'JENIS-JENIS LAYANAN ADMINDUK','2022-06-08 11:19:18',NULL),(2629,22,'Kartu Keluarga','2022-06-08 11:19:24',NULL),(2630,22,'e. Tata cara memperbaharui KK WNI yang lama','2022-06-08 11:19:29',NULL),(2631,22,'JENIS-JENIS LAYANAN ADMINDUK','2022-06-08 11:20:12',NULL),(2632,22,'Kartu Keluarga','2022-06-08 11:20:17',NULL),(2633,22,'e. Tata cara memperbaharui KK WNI yang lama','2022-06-08 11:20:21',NULL),(2634,125,'Hallo','2022-06-08 11:24:08',NULL),(2635,125,'JENIS-JENIS LAYANAN ADMINDUK','2022-06-08 11:24:12',NULL),(2636,125,'Kartu Keluarga','2022-06-08 11:24:16',NULL),(2637,125,'g.Tata cara mengurus KK setelah pelaporan Akta Lahir Luar Negeri','2022-06-08 11:24:20',NULL),(2638,24,'Menu','2022-06-08 11:24:39',NULL),(2639,24,'JENIS-JENIS LAYANAN ADMINDUK','2022-06-08 11:24:45',NULL),(2640,24,'Kartu Keluarga','2022-06-08 11:24:49',NULL),(2641,24,'g.Tata cara mengurus KK setelah pelaporan Akta Lahir Luar Negeri','2022-06-08 11:24:57',NULL),(2642,125,'Tídak','2022-06-08 11:25:00',NULL),(2643,125,'PERTANYAAN UMUM TERKAIT ADMINDUK','2022-06-08 11:25:18',NULL),(2644,34,'Pertanyaan Umum terkait ADMINDUK','2022-06-08 11:39:01',NULL),(2645,34,'Bagaimana cara mencetak Dokumen ADMINDUK?','2022-06-08 11:39:13',NULL),(2646,34,'TATA CARA LAYANAN ONLINE ADMINDUK','2022-06-08 11:39:26',NULL),(2647,34,'Cara Mengetahui (Tracking) Proses Pengajuan Dokumen Permohonan Administrasi kependudukan','2022-06-08 11:39:34',NULL),(2648,34,'AKUN TAKON KLAMPID','2022-06-08 11:39:41',NULL),(2649,30,'Hallo','2022-06-23 08:41:19',NULL),(2650,6,'Saya ingin bertanya - NAMA-Tora!NIK-1234512345123451','2022-06-23 08:41:40',NULL),(2651,6,'TATA CARA LAYANAN ONLINE ADMINDUK','2022-06-23 08:41:51',NULL),(2652,6,'Pengambilan Dokumen Administrasi Kependudukan','2022-06-23 08:42:10',NULL),(2653,6,'TATA CARA LAYANAN ONLINE ADMINDUK','2022-06-23 08:42:30',NULL),(2654,6,'Selesai','2022-06-23 08:42:41',NULL),(2655,6,'YA','2022-06-23 08:42:57',NULL),(2656,6,'LINK LAYANAN ADMINDUK','2022-06-23 11:21:09',NULL),(2657,6,'Link Instagram','2022-06-23 11:21:55',NULL),(2658,162,'Saya ingin bertanya - NAMA-wandha framudia!NIK-3523162005840004','2022-06-23 11:24:36',NULL),(2659,162,'TATA CARA LAYANAN ONLINE ADMINDUK','2022-06-23 11:30:35',NULL),(2660,162,'Cara Mengetahui (Tracking) Proses Pengajuan Dokumen Permohonan Administrasi kependudukan','2022-06-23 11:33:40',NULL),(2661,6,'KLAMPID NEXT GENERATION','2022-06-23 11:46:52',NULL),(2662,162,'AKUN TAKON KLAMPID','2022-06-23 11:56:51',NULL),(2663,162,'SYARAT UMUM PENGAJUAN ADMINDUK','2022-06-23 11:57:00',NULL),(2664,162,'Syarat Umum Akta Perceraian','2022-06-23 22:40:00',NULL),(2665,162,'KLAMPID NEXT GENERATION','2022-06-26 18:42:26',NULL),(2666,5,'Sore','2022-07-01 16:06:57',NULL),(2667,5,'JENIS-JENIS LAYANAN ADMINDUK','2022-07-01 16:07:41',NULL),(2668,5,'KTP-eL','2022-07-01 16:07:51',NULL),(2669,5,'a. Tempat Pelayanan Pembuatan KTP-el Baru dan Syaratnya','2022-07-01 16:08:06',NULL),(2670,30,'Hallo','2022-07-01 21:33:42',NULL),(2671,30,'test','2022-08-10 16:26:59',NULL),(2672,30,'TATA CARA LAYANAN ONLINE ADMINDUK','2022-08-10 16:28:15',NULL),(2673,30,'Warga yang berumur 17 tahun atau yang belum pernah perekaman KTP-EL (?)','2022-08-10 16:28:18',NULL),(2674,30,'test','2022-08-10 16:38:08',NULL),(2675,30,'1','2022-08-10 16:39:38',NULL),(2676,30,'test','2022-08-10 16:41:51',NULL),(2677,30,'1','2022-08-10 16:41:53',NULL),(2678,30,'A','2022-08-10 16:41:56',NULL),(2679,30,'https://hadir.radnext.id/App.apk','2022-08-10 17:42:44',NULL),(2680,8,'','2022-08-11 12:25:35',NULL),(2681,8,'','2022-08-11 12:25:51',NULL),(2682,8,'','2022-08-11 12:25:55',NULL),(2683,8,'','2022-08-11 12:26:47',NULL),(2684,8,'','2022-08-11 12:27:06',NULL),(2685,8,'','2022-08-11 12:27:40',NULL),(2686,8,'','2022-08-11 18:38:23',NULL),(2687,8,'','2022-08-11 18:38:28',NULL),(2688,8,'\"Warung gratis\" bi-weekly by KIR 90','2022-08-14 21:33:31',NULL),(2689,8,'','2022-08-14 21:36:24',NULL),(2690,8,'https://rri.co.id/surabaya/jawa-timur/1581757/begini-kemeriahan-rholaz-pitulasan','2022-08-14 21:41:53',NULL),(2691,8,'','2022-08-17 04:23:17',NULL),(2692,8,'Perubahan benda padat ke benda cair  adalah salah satu contoh perubahan fisika yang kecepatan perubahannya dipengaruhi banyak faktor','2022-08-22 15:28:56',NULL),(2693,8,'Pet photo studio','2022-08-23 08:04:04',NULL),(2694,8,'','2022-08-23 08:04:45',NULL),(2695,11,'Halo','2022-09-01 13:35:57',NULL),(2696,164,'32','2022-09-02 06:53:28',NULL),(2697,164,'4','2022-09-02 06:53:51',NULL),(2698,164,'410','2022-09-02 06:54:05',NULL),(2699,164,'5332','2022-09-02 06:54:24',NULL),(2700,8,'Nama tempat dengan 2 huruf vokal berjejer :','2022-09-07 22:17:39',NULL),(2701,8,'Cileunyi, pasteur,\nSoreang,\nBaleendah.\nBgmna cara mengucapkan\nDengan benar ?','2022-09-07 22:18:54',NULL),(2702,11,'Halo','2022-09-08 13:10:32',NULL),(2703,11,'1','2022-09-08 13:10:47',NULL),(2704,11,'A','2022-09-08 13:10:54',NULL),(2705,8,'','2022-09-13 08:04:49',NULL),(2706,8,'','2022-09-13 08:05:34',NULL),(2707,30,'test','2022-09-14 13:20:12',NULL),(2708,6,'Tes','2022-09-14 13:31:39',NULL),(2709,6,'1','2022-09-15 10:20:24',NULL),(2710,6,'Saya ingin bertanya - NAMA-Tora Agasra!NIK-123456789123456','2022-09-15 10:55:00',NULL),(2711,6,'Terima kasih telah menghubungi saya, chat anda akan segera saya respond dan saya mohon maaf apabila slow respond ?','2022-09-15 10:55:02',NULL),(2712,6,'1','2022-09-15 10:55:29',NULL),(2713,6,'A','2022-09-15 10:57:09',NULL),(2714,6,'info','2022-09-15 10:57:22',NULL),(2715,6,'Terima kasih telah menghubungi saya, chat anda akan segera saya respond dan saya mohon maaf apabila slow respond ?','2022-09-15 10:57:25',NULL),(2716,6,'6','2022-09-15 10:57:47',NULL),(2717,8,'','2022-09-19 08:55:12',NULL),(2718,30,'test','2022-09-19 17:55:11',NULL),(2719,11,'Halo','2022-09-20 14:35:32',NULL),(2720,11,'1','2022-09-20 14:35:49',NULL),(2721,11,'Ketik nomor/kode/nama layanan informasi ADMINDUK :\n\nA. Cara mengurus Pengajuan Permohonan melalui Online Mandiri Klampid \nB. Aduan permasalahan masyarakat terkait ADMINDUK \nC. Cara Mengetahui (Tracking) Proses Pengajuan Dokumen Permohonan Administrasi kependudukan \nD. Warga yang berumur 17 tahun atau yang belum pernah perekaman KTP-EL (?) \nE. Proses Pengajuan Permohonan Dokumen Administrasi Kependudukan \nF. Pengambilan Dokumen Administrasi Kependudukan \nG. Lokasi dan Waktu Layanan Administrasi Kependudukan Dispendukcapil Kabupaten Nganjuk ( Mall Pelayanan Publik Dispendukcapil Kabupaten Nganjuk ) \nH. Tata Cara legalisir dokumen yang belum menggunakan QR-Code \nI. Tata Cara mencetak Dokumen Administrasi Kependudukan jika sudah diterbitkan melalui situs Online Mandiri KLAMPID \nSelesai. Selesai','2022-09-20 14:35:49','Sys'),(2722,8,'D day \nDiterjemahkan\nHari H.\nH-1,H+1','2022-09-23 07:38:26',NULL),(2723,11,'Halo','2022-09-27 09:44:38',NULL),(2724,11,'1','2022-09-27 09:45:30',NULL),(2725,11,'Ketik nomor/kode/nama layanan informasi ADMINDUK :\n\nA. Cara mengurus Pengajuan Permohonan melalui Online Mandiri Klampid \nB. Aduan permasalahan masyarakat terkait ADMINDUK \nC. Cara Mengetahui (Tracking) Proses Pengajuan Dokumen Permohonan Administrasi kependudukan \nD. Warga yang berumur 17 tahun atau yang belum pernah perekaman KTP-EL (?) \nE. Proses Pengajuan Permohonan Dokumen Administrasi Kependudukan \nF. Pengambilan Dokumen Administrasi Kependudukan \nG. Lokasi dan Waktu Layanan Administrasi Kependudukan Dispendukcapil Kabupaten Nganjuk ( Mall Pelayanan Publik Dispendukcapil Kabupaten Nganjuk ) \nH. Tata Cara legalisir dokumen yang belum menggunakan QR-Code \nI. Tata Cara mencetak Dokumen Administrasi Kependudukan jika sudah diterbitkan melalui situs Online Mandiri KLAMPID \nSelesai. Selesai','2022-09-27 09:45:30','Sys'),(2726,8,'','2022-10-02 16:01:12',NULL),(2727,30,'test','2022-10-10 13:49:21',NULL),(2728,6,'Tes','2022-10-10 14:29:10',NULL);
/*!40000 ALTER TABLE `log_user_chat` ENABLE KEYS */;
UNLOCK TABLES;

--
-- Table structure for table `masking_data`
--

DROP TABLE IF EXISTS `masking_data`;
/*!40101 SET @saved_cs_client     = @@character_set_client */;
/*!50503 SET character_set_client = utf8mb4 */;
CREATE TABLE `masking_data` (
  `id` int NOT NULL AUTO_INCREMENT,
  `nama` text CHARACTER SET utf8mb4 COLLATE utf8mb4_0900_ai_ci,
  `slug` text CHARACTER SET utf8mb4 COLLATE utf8mb4_0900_ai_ci,
  `wa_number` text CHARACTER SET utf8mb4 COLLATE utf8mb4_0900_ai_ci,
  `status` varchar(50) CHARACTER SET utf8mb4 COLLATE utf8mb4_0900_ai_ci DEFAULT NULL,
  `template_text` text CHARACTER SET utf8mb4 COLLATE utf8mb4_0900_ai_ci,
  PRIMARY KEY (`id`) USING BTREE
) ENGINE=InnoDB AUTO_INCREMENT=6 DEFAULT CHARSET=utf8mb4 COLLATE=utf8mb4_0900_ai_ci ROW_FORMAT=DYNAMIC;
/*!40101 SET character_set_client = @saved_cs_client */;

--
-- Dumping data for table `masking_data`
--

LOCK TABLES `masking_data` WRITE;
/*!40000 ALTER TABLE `masking_data` DISABLE KEYS */;
INSERT INTO `masking_data` VALUES (3,'Dinas Kependudukan dan Pencatatan Sipil','layananwa','6285964159225','aktif','Saya Ingin Bertanya');
/*!40000 ALTER TABLE `masking_data` ENABLE KEYS */;
UNLOCK TABLES;

--
-- Table structure for table `pelapor`
--

DROP TABLE IF EXISTS `pelapor`;
/*!40101 SET @saved_cs_client     = @@character_set_client */;
/*!50503 SET character_set_client = utf8mb4 */;
CREATE TABLE `pelapor` (
  `id` int NOT NULL AUTO_INCREMENT,
  `nama` varchar(50) CHARACTER SET utf8 COLLATE utf8_unicode_ci DEFAULT NULL,
  `nik` varchar(50) CHARACTER SET utf8 COLLATE utf8_unicode_ci DEFAULT NULL,
  `phone` varchar(50) CHARACTER SET utf8 COLLATE utf8_unicode_ci DEFAULT NULL,
  `status` varchar(50) CHARACTER SET utf8 COLLATE utf8_unicode_ci DEFAULT 'bot',
  `handle_status` varchar(50) CHARACTER SET utf8 COLLATE utf8_unicode_ci DEFAULT 'belum',
  PRIMARY KEY (`id`) USING BTREE
) ENGINE=InnoDB AUTO_INCREMENT=167 DEFAULT CHARSET=utf8 COLLATE=utf8_unicode_ci ROW_FORMAT=DYNAMIC;
/*!40101 SET character_set_client = @saved_cs_client */;

--
-- Dumping data for table `pelapor`
--

LOCK TABLES `pelapor` WRITE;
/*!40000 ALTER TABLE `pelapor` DISABLE KEYS */;
INSERT INTO `pelapor` VALUES (5,'slamet subur','123456789012','6281216845757','bot','belum'),(6,NULL,NULL,'6282227000987','bot','belum'),(7,NULL,NULL,'6281331854136','bot','belum'),(8,NULL,NULL,'status@broadcast','bot','belum'),(9,NULL,NULL,'6283830561212','bot','belum'),(10,NULL,NULL,'6287712121993','bot','belum'),(11,NULL,NULL,'6282131016390','bot','belum'),(12,NULL,NULL,'6283108763291','bot','belum'),(13,NULL,NULL,'6289677424611','bot','belum'),(14,NULL,NULL,'628980156871','bot','belum'),(15,NULL,NULL,'6281233792074','bot','belum'),(16,NULL,NULL,'6285648005483','bot','belum'),(17,NULL,NULL,'6281216013642','bot','belum'),(18,NULL,NULL,'6282139692544','bot','belum'),(19,NULL,NULL,'6285161546933','bot','belum'),(20,NULL,NULL,'6283856727433','bot','belum'),(21,NULL,NULL,'6282121211386','bot','belum'),(22,NULL,NULL,'6285979561814','bot','belum'),(23,NULL,NULL,'62895378184678','bot','belum'),(24,NULL,NULL,'6281359642095','bot','belum'),(30,'DANI CAHYA SURYANDA','3571012908950001','6285536928693','bot','belum'),(31,'Mariati','3578234507730002','6285648005483','bot','belum'),(32,'DANI CAHYA SURYANDA','3578193103020001','6285536928693','bot','belum'),(33,'Bayu Al','3578041504950005','6283856727433','bot','belum'),(34,'Bernathan Adiyatma','','6282143663299','bot','belum'),(36,'l','','6283856727433','bot','belum'),(37,'Nabil','0','6285979561814','bot','belum'),(38,'david hermansyah','282727272','6287703243069','bot','belum'),(39,NULL,NULL,'6289687503772','bot','belum'),(40,' ','1233333333333333','6289687503772','bot','belum'),(41,NULL,NULL,'120363041660011233@g.us','bot','belum'),(42,'Asd','12345678','6285648005483','bot','belum'),(43,'Bayu Al','3578041504950005','6283856727433','bot','belum'),(44,'Aa','2344','6289687503772','bot','belum'),(45,'Nurul Hidayah','3525156911830002','6281216013642','bot','belum'),(46,'B','5','6287851878999','bot','belum'),(47,'david hermansyah','8339929293','6282131016390','bot','belum'),(49,NULL,NULL,'628123278291','bot','belum'),(50,'Asd','12345678','6285648005483','bot','belum'),(51,'Nurul Hidayah','3525156911830002','6281216013642','bot','belum'),(52,'Nurul Hidayah','3578153009990001','6281216013642','bot','belum'),(53,'david hermansyah','8339929293','6282131016390','bot','belum'),(54,'Aska Aulia Haydarrahman','3578234507730002','6285648005483','bot','belum'),(55,'Ardis imam mulhaq','9171014511830002','6285648005483','bot','belum'),(56,'Mariati','3578234507730002','6285648005483','bot','belum'),(57,'Ardis imam mulhaq','3578234507730002','6285648005483','bot','belum'),(58,'Mariati','9171014511830002','6285648005483','bot','belum'),(59,NULL,NULL,'628563388960','bot','belum'),(60,'rossi','3578100811840004','628563388960','bot','belum'),(61,'Ardis imam mulhaq','12345678','6285648005483','bot','belum'),(62,'Zakiyatul Aghniyah','3525165910890121','6285731100380','bot','belum'),(63,NULL,NULL,'6281327424548','bot','belum'),(64,'david hermansyah','172728484','6287703243069','bot','belum'),(65,'Mariati','12345678','6285648005483','bot','belum'),(66,'Nurul Hidayah','3525156911830002','6281216013642','bot','belum'),(67,NULL,NULL,'628128021337','bot','belum'),(68,NULL,NULL,'6285230016273','bot','belum'),(69,'Mariati','12345678','6285648005483','bot','belum'),(70,NULL,NULL,'6281330891715','bot','belum'),(71,NULL,NULL,'6289675939852','bot','belum'),(72,'AINUL','3578112208970003','6289675939852','bot','belum'),(73,NULL,NULL,'6281703857854','bot','belum'),(74,NULL,NULL,'6285733226200','bot','belum'),(75,NULL,NULL,'6282226562932','bot','belum'),(76,NULL,NULL,'6282233013348','bot','belum'),(77,NULL,NULL,'6281358813061','bot','belum'),(78,NULL,NULL,'6282244870678','bot','belum'),(79,'Vivid','357...','6287853239879','bot','belum'),(80,NULL,NULL,'6282230562127','bot','belum'),(81,NULL,NULL,'6287864921874','bot','belum'),(82,'AGIL DYAH MELATI SUKMA','3573036002000004','6287864921874','bot','belum'),(83,'AINUL','3578112208970003','6289675939852','bot','belum'),(84,'SITI MUSLIKHAH','3525127108970001','6285608372939','bot','belum'),(85,'Nurul Hidayah','3525156911830002','6281216013642','bot','belum'),(86,'RAHMAD ISTIAWAN','3515071009830001','6285648402440','bot','belum'),(87,NULL,NULL,'6285865645209','bot','belum'),(88,'Sembarang','3578123456789911','6281703857854','bot','belum'),(89,NULL,NULL,'628113399048','bot','belum'),(90,'Indra Hardika','3578271709890001','628113399048','bot','belum'),(91,NULL,NULL,'6281335843388','bot','belum'),(92,'izzar','3578290407950002','6281335843388','bot','belum'),(93,'RAHMAD ISTIAWAN','3515071009830003','6285648402440','bot','belum'),(94,NULL,NULL,'6287852770240','bot','belum'),(95,'GERRY RENDRAGRAHA','3578061007930005','6287852770240','bot','belum'),(96,'Agung Wahyu Pribadi','3526012205910007','6287806854122','bot','belum'),(97,'Guntur rangga kurniawan','3578119403930002','6285708341841','bot','belum'),(98,'RAHMAD ISTIAWAN','351507','6285648402440','bot','belum'),(99,'QURROTUL AINI','3578094306870001','6282226562932','bot','belum'),(100,NULL,NULL,'6281233555654','bot','belum'),(101,'Novarina Kartikawati sahrub','3578166411850003','6281358813061','bot','belum'),(102,NULL,NULL,'6281232273148','bot','belum'),(103,'DZIKKY PUTRA PRADANA','3578221805950002','6281515715340','bot','belum'),(104,NULL,NULL,'628563269096','bot','belum'),(105,NULL,NULL,'6282132937626','bot','belum'),(106,'Septrian Adi Wibowo','3578172109950001','6285865645209','bot','belum'),(107,NULL,NULL,'6285749548180','bot','belum'),(108,NULL,NULL,'6283849431290','bot','belum'),(109,'Dafa','3578040409990001','6283849431290','bot','belum'),(110,'Moch ricky hidayat','3578070909920001','6281335720772','bot','belum'),(111,'Firman ainun bahri','3578111310910001','6289501298738','bot','belum'),(112,NULL,NULL,'6283852033200','bot','belum'),(113,'Muhibatus tsaniyah','3578275410920002','6289501298738','bot','belum'),(114,'ITA PUSPITA SARI','3578174209800002','6281398000322','bot','belum'),(115,NULL,NULL,'6287890161266','bot','belum'),(116,'navy safira putri','3578036205980002','6287890161266','bot','belum'),(117,NULL,NULL,'6285963173307','bot','belum'),(118,NULL,NULL,'6282232061976','bot','belum'),(119,'Bayu Al','3578041504950005','6283856727433','bot','belum'),(120,'Muhibatus tsaniyah','3578275410920002','6289501298738','bot','belum'),(121,'nita wahyu wulandari','3578264306710004','6281230836070','bot','belum'),(122,'Meilynda Pramita Insiyah','3578266005950003','6281554965605','bot','belum'),(123,'TYAS HUSNA APRILIYANI','3308215804940002','6283854754027','bot','belum'),(124,'ADAM MAULANA HAKIM','3515090208940001','6285777677899','bot','belum'),(125,NULL,NULL,'628978883133','bot','belum'),(126,NULL,NULL,'6287852389337','bot','belum'),(127,NULL,NULL,'6281335533761','bot','belum'),(128,'IRMA APRIANTI','3578045704920001','6285648401884','bot','belum'),(129,NULL,NULL,'6281334180281','bot','belum'),(130,NULL,NULL,'6281333658580','bot','belum'),(131,'Fajar Yulyanto Hermawan','3578110707860002','6281327424548','bot','belum'),(132,'Nathan','42992','6282143663299','bot','belum'),(133,NULL,NULL,'6281326101982','bot','belum'),(134,'Elfa Masita','3578085206900001','6285655211182','bot','belum'),(135,'Fiqih Kartika Murti','3578041009930005','6282192332126','bot','belum'),(136,NULL,NULL,'6282299968735','bot','belum'),(137,NULL,NULL,'6285732065510','bot','belum'),(138,'Imam kusyadi jaya','3578242102850001','6287851444242','bot','belum'),(139,'Aulia Rahman','3578082110880002','6287854637454','bot','belum'),(140,NULL,NULL,'6287854444224','bot','belum'),(141,NULL,NULL,'6283831304884','bot','belum'),(142,'Siti sundari','3578266006860003','6282141217347','bot','belum'),(143,NULL,NULL,'6285707766675','bot','belum'),(145,'Bayu Al','3578041504950005','6283856727433','bot','belum'),(146,'ZAENAL ARIFIN','3506133105820001','6281326101982','bot','belum'),(147,'Dimas febriansyah','3578140402900001','6281331086602','bot','belum'),(148,NULL,NULL,'6289653945198','bot','belum'),(149,'Rizaful Narurohman','3578271907960001','6281231165354','bot','belum'),(150,'Bayu Al','3578041504950005','6283856727433','bot','belum'),(151,NULL,NULL,'6285735541741','bot','belum'),(152,'ANTON WAYUDI','3578140607780005','6282242588335','bot','belum'),(153,'ROY ARISTIANDO PISESSA','3578042003860005','628984102334','bot','belum'),(154,NULL,NULL,'6287780889055','bot','belum'),(155,'Yank','3578032102970003','6287780889055','bot','belum'),(156,'Hermawan Ismawanto','3578204505480001','6283856727433','bot','belum'),(157,'Bayu Al','3578041504950005','6283856727433','bot','belum'),(158,'Agus Sonhaji','3578222310700001','6282139692544','bot','belum'),(159,NULL,NULL,'6285258587695','bot','belum'),(160,'Bayu Al','3578041504950005','6283856727433','bot','belum'),(161,'Tora','1234512345123451','6282227000987','bot','belum'),(162,NULL,NULL,'62881081960129','bot','belum'),(163,'wandha framudia','3523162005840004','62881081960129','bot','belum'),(164,NULL,NULL,'628164292077','bot','belum'),(165,'Tora Agasra','123456789123456','6282227000987','bot','belum'),(166,NULL,NULL,'6281259838888','bot','belum');
/*!40000 ALTER TABLE `pelapor` ENABLE KEYS */;
UNLOCK TABLES;

--
-- Table structure for table `pengaduan`
--

DROP TABLE IF EXISTS `pengaduan`;
/*!40101 SET @saved_cs_client     = @@character_set_client */;
/*!50503 SET character_set_client = utf8mb4 */;
CREATE TABLE `pengaduan` (
  `id` int NOT NULL AUTO_INCREMENT,
  `pelapor_id` int DEFAULT NULL,
  `jalan_id` int DEFAULT NULL,
  `foto` text CHARACTER SET utf8 COLLATE utf8_unicode_ci,
  `kordinat` text CHARACTER SET utf8 COLLATE utf8_unicode_ci,
  `keterangan` text CHARACTER SET utf8 COLLATE utf8_unicode_ci,
  `token` text CHARACTER SET utf8 COLLATE utf8_unicode_ci,
  `status` varchar(50) CHARACTER SET utf8 COLLATE utf8_unicode_ci DEFAULT NULL,
  `waktu` datetime DEFAULT NULL,
  PRIMARY KEY (`id`) USING BTREE
) ENGINE=InnoDB AUTO_INCREMENT=54 DEFAULT CHARSET=utf8 COLLATE=utf8_unicode_ci ROW_FORMAT=DYNAMIC;
/*!40101 SET character_set_client = @saved_cs_client */;

--
-- Dumping data for table `pengaduan`
--

LOCK TABLES `pengaduan` WRITE;
/*!40000 ALTER TABLE `pengaduan` DISABLE KEYS */;
INSERT INTO `pengaduan` VALUES (2,1,NULL,'','{\"lat\":null,\"long\":null}','','PUP#2022-3-29znLu7','diajukan','0000-00-00 00:00:00'),(3,1,NULL,'','{\"lat\":null,\"long\":null}','','PUP#2022-3-296OANS','diajukan','0000-00-00 00:00:00'),(4,1,NULL,'data:image/jpeg;base64,/9j/4AAQSkZJRgABAQAAAQABAAD/2wBDAAMCAgICAgMCAgIDAwMDBAYEBAQEBAgGBgUGCQgKCgkICQkKDA8MCgsOCwkJDRENDg8QEBEQCgwSExIQEw8QEBD/2wBDAQMDAwQDBAgEBAgQCwkLEBAQEBAQEBAQEBAQEBAQEBAQEBAQEBAQEBAQEBAQEBAQEBAQEBAQEBAQEBAQEBAQEBD/wAARCADwAUADAREAAhEBAxEB/8QAHwAAAQUBAQEBAQEAAAAAAAAAAAECAwQFBgcICQoL/8QAtRAAAgEDAwIEAwUFBAQAAAF9AQIDAAQRBRIhMUEGE1FhByJxFDKBkaEII0KxwRVS0fAkM2JyggkKFhcYGRolJicoKSo0NTY3ODk6Q0RFRkdISUpTVFVWV1hZWmNkZWZnaGlqc3R1dnd4eXqDhIWGh4iJipKTlJWWl5iZmqKjpKWmp6ipqrKztLW2t7i5usLDxMXGx8jJytLT1NXW19jZ2uHi4+Tl5ufo6erx8vP09fb3+Pn6/8QAHwEAAwEBAQEBAQEBAQAAAAAAAAECAwQFBgcICQoL/8QAtREAAgECBAQDBAcFBAQAAQJ3AAECAxEEBSExBhJBUQdhcRMiMoEIFEKRobHBCSMzUvAVYnLRChYkNOEl8RcYGRomJygpKjU2Nzg5OkNERUZHSElKU1RVVldYWVpjZGVmZ2hpanN0dXZ3eHl6goOEhYaHiImKkpOUlZaXmJmaoqOkpaanqKmqsrO0tba3uLm6wsPExcbHyMnK0tPU1dbX2Nna4uPk5ebn6Onq8vP09fb3+Pn6/9oADAMBAAIRAxEAPwD42drdpVCO6O+QS+eSfesafMvgd7Lp2OKu8PiWnRTjYjt45I2eISv9mkIZwTncaqNSnNpW1OOGDqRj7SEkoS0fyJozEZ28vajIQoLDA6fr0pzdaOifzOqEITk6iaUo6JsmZpJo2UupXPIPrjGfX0ojUTalvYzqU5Y5SpymmrWs0SRzrFGTIQQgwgD9DjB+X3zS55VYOcdVfUijGOBozpVNUlok9b+g3EyxpHudAQW29B1PbvxVUalGUnzpNM4cK6zpKMXyqXQkwIli2ABGwSACPf8ASsajlGTp0XodLoVcMoyi0ubR6bBIkshQ7dynnlcc+tXBupG8ndo9KVGpJx5pXj/WpCxmgfa8m8N82RxwOh+nJrSlQp1JJ21XU4cbQxMG6kmpQlvYS8coFniZUcMM54A9Tms/YRqzdOpqjadOjQgvYyu9HYptqemwNI02qqgBLFkOSD6e/epnCrKn7ClHT8zyqML1nNNqN9bdLkc2uaXOPLilllH3iwz1x79qHh5Qapy0SOyrCNWLVON7O9/Mjn1qaZWvbazmCRLghmBJxgk47H9a6J0HS9+6NWsVKqqjnZ2+1rfQ5zUviXdQMTBbEBsbWY/eFaxy9Yt8lSWnp16Dp0VVlzrVruZj/ELWbtwqzLGATtwANoNQqFKk9rpfmayoewiq0JWlfZbXM2bxZqXmHF65AO4HJ612Uo8655ay7io0Xze0qN3buY9xd3F7JvuLiRj98F2yeue/41dWUoJLT0XQ6Kjad73X3kTkN86vwOMY71i379krFU3GFnezHIQGVznBXp705Qly8kVs9BxqudRc2rJEkccuXH04FOai4qDV/UvEVHKb5nq1b5CyP8ow7FCeAKvDVqja7oxbnG13qtiaEkKYtmeMYPsK1xCqR9+DSv1Jq06tTST1JIy2QhcK57f41pyQnHnmrpb+vkY1KahJK1yyhLFir7qxp0ozp2ktES4unFThdMsQq7sRk+hJ7VpL2cY8yvr0X9bnLJQ3b1LUAWNlVjgnngZz+FdVZyrxbl8K0uzrhVSpxlUenT/MtRyS7WEbhFU7uh6jvWEJUadTnszlgp6xjLV6l+B3SPeJcscZBBHOBnFOrOGltV0OaeJrOq6k3fzNzS9SntnRop2jB5A6DOc/4flSqUpR2fvdjely1tJzsnunse2fCT40a74a1W1g1a48+w83bMzAmSNcjJB5J6HjnrWf1eM4O7tJmrniJr2jqJ2emmy7H6ffCr4U/Dvx94T07xlYeJ7nVLa+iWQi3CxhJMDcjbgWypyD0ry6+CdCfJWWv6HrQcKkE46no9r8GPANv/rdNmucdBLcMAP++SKiMIw2NXa1raGvB8O/BFuAE8M2LYGP3ieZ/wChZzVxfLrEE7bGrb6Jotpj7LpFlDtGB5dui4H4CnzS7gXQABgDApAFABQAUAFABQB/O1GylCsEm9m5JcZ2+pHasI0fq0VNqy9dzilglhqd6Ert/Ffou6LNscspZfmkBwCMBcj/AD+dTUjJRdWL07E5XRowVpxb5m0SLtjiSFrgfNITyOp9vesqdf28/adEhLD/AFSHKmtXqnqLCpBYvLuCcgBfvL/+s11e1VNqrF+71MKNGft06s7KOtlvJEqMQpZJAkhcAMcjJ7/zqly0Yure8W72FUwsVUdZvlb2THLO5lUM4DcA7gST2HX61yzhT5vf06pIcaNb20JwktdCczNNN9nwpEY5PU5x/L2rpockouX6HTiKsKtR0GruO78x0kXkxhztOwE4weR7VjaNWTjAulGs4KTSaW1yrcyIYY51bAb72TyRnGK54xr+0dHm8wqVKksIqlO1m9bgY/tELIxVlI+4Vxx3rsdNRdznUJ13an22PNvGNmukXriIkJJ8y7gfyr06FpUbw6fqQ8PTcuWm7LquxzEOr6milRM4X7pHt6VbbnWUp2TXU7m6MfdtbS2gHUtQI3JdyhW6gsQP0rKo5qMoSe/43MeWPMoMjk3SAh5G+U+vFZxiqaVt2VTtCfuL7tyFmcoFjULGT19TWk1CDsnex0NKqlGSs0JuIj8s4yeelZUZKN3Fk+44WT17DMbCOVxWs26s9VqhulGCvJpgMNk4XrnjpTlyrlaZjs7Eoy2M9uw45/wrGTVN6R3Nr01ZT/AlQghWVSxPWtbcy5b2MZxi4Wtr0/4I5h8oB3EY/u9K0w86VN8j6kNK6RJEHBUjJGBx/Ws21OElLRlQi6kZRV/+CToMFRtIwfvYNXShVowXOvd9SXHku5Np9GThchJcZCnI45+lVSrOpJx2vpb9SJVItxur9y75HmsGCr8p5zxk1NP923Fu66ddv8zWnhpVU1FLlX3v0uWo4pNxk3A44Cg4Pt+FOyS1vf8AAwnRk4+0lLXa36FqBFkUZxvP3x1x9M1rLERoQtFX9SMVQpqmpx0vui/DGWHmKoYL+XpmlTs6SknZnNhoc9N15rRaf8OjRtAfnCksQTnkenFapOykzOlGOsJ2a7rodJpmGaHzyV2thdp+6B/ePb/9VZy5IS54ascI6RjWa3tp27n13+yD+0XP8HfFa6XqMk1x4b1TbHdwKWIhJ6Tqo43DBzxyCeaqnF4qi6dR2a2b/I9WFJ4abpUVeOjXW9z9S7K9tNRs4NQsbhJ7e5jWWKVDlXRhkEH0INeTKLg3GW6O2zW5NSAKACgAoAKACgAoAKAP51Ynz8oDlMkBuwXPAH6/lXDOvUqNc2it+J43ta0kprZ6LzLUzhXJhaXaCDnoM+lXSjPlburs6cTg3ye0hNpx1Y0TLFcoxJZy3JHTntWlKi/8zk5qkqkKid5L7vmTHeJcuegJwo4H+earlhDX8BVcNUr4tYhz95a6dCaQqSjyRsqD+8xJ3fj71hP2c9ftLZHTUcK0VUmmmu/fyJbaaN5SHVihYYzwCemKLTmueKSf4m+GlBYjkV9epFPOguHVFWNBjnqzE/hVUqk4wcai1fQ6MfQl7XljG0Hu+o5tQggUwFBICCBySRjoMd6zpSnGTUWcdTFRyx+wXvRYxHE0Ugg+XbkMhGfp9Kytaom18y5UJYiEo09F5kMbhJA211fOAzMef15qpSqqXLHUmm54T3FrJdTM8X6ONV0eWN9xlj/exE9c556e1dihLCe5eyM3VrUVKpPW/ZHlH2aQfuypzu4BPvXoyjyqN2mzXmur9GOkRYgQFySffrmq5FJJXCydnBiSiNio2gN95mzUvnUVLc66Lcqba3RXd0ZsKM44FEoq3vsUq3M7kef4iCRnnB5qVCLVomLbluOjA3btmO3Wm5TkuW4mraMX5Wdi4xVwpvkV7NFzSit2SoV2YWPnHf8AlWDhUvyStoaWnKKgnq/IeichhkkcFa1nFKXL9xFanyJR5veJolMpI5JHtU14W95aEqc8QuSo9idIpHcBEIYjGfTinFwoyUnquooUpOfs4b+RftraSP5ZV4HU9ORUVqntNU7dl0N6kJxqe9K9v6ehaihVplljQEg/d2nGfr61mqrV+b7zKpGVRppXs9FbUvfZ4Q6sxYSHgk//AFqzo1ZUZu2qOepy4aTbb5nv5E4jLESYAD9mHeu6VRzhruc0q9RR547PyLDWMQURsXBU5LgZzx0p0dXzN3R6OIlhnFQk2+t7FmCxlkjG0J82PlbOcetdE4RhrE86FCpKDjG1nuXIIFSQvIG8s/ebBBA9h1FdFGpGVLlf4mWIXLeCsore/U3tOW3WRidyqdp4BGfTI/GsasXCPPFGFONKlUa1t+B2WgXc0TqkJZNo3byPp+PSlKpzRTlZWPQw+IlOLo0m15n6c/sM/GOHxN4N/wCFba3fFtV0cNJY7z/rbPj5V90Y9D/CR6GubFR9rFVo69H+h6ip1Irmqa3PqauAYUAFABQAUAFABQAUAfznh/OO/EaqG245I9s1x1FCL96z/wAzzYqhXqRSfux2WtvK5MbkzObdtgycjaTkAVsqMVKMr76m0qk8TXeFjJWfby8yXcCFeZVbadignJ9wCPcCp5+ao4XKlFKzrL3U7NDwoQny7gLnnaR1PtnmtpOMHZq6MJYSFOrKVGpZP7LW4qB8FBHlSA3zHoO5FczpQk+aCszso4ZtOE4+6+jGxzDCGTOd3AJ+6QeK55QxDupfec9OE6rdTV20s+liWW8aRSxl2hQcsFAP6d62VWjRSTjdnfUVT2XPKpZ/eVnZHINxgDrycY9OKzbtKVnZtao8SrTozqp4qeojajDEQ8cqjIw3zAEe+P8APWijQdSVpbM9v2lKkuak9WturGzX0FyBIsiCQc4xw3tXRSoyoT93Y5pv6zHnrLlt+PkWYn83CSSjDDBBHGf5nOaVevNPnnHQ5nh51oc8pWijg9c0WGG9lDSKCz71wMZU8jFb0cT7W01rHszuoRoTw7pwSbT/AA9Sm2nQKrOsrHHIJOc/rXZOUadrJu+hjRqw0VSK06u+xz11IPMePAwpwMU5KUWpyRsp04cyXXb0K+4YBKmm+Z6JGclf3VsJnPylDzxzVqPInLqZW7ind5fBHXn3pU5uF+daG6hFQVQf0QMw5HHBrFaO1zR8t/3r6E8Ku33QFHWpadO7lqyJOpKzhG6XY0rS0AwXkUkDJ7/rWdRyetOJvh6TjNOSSS3ej/A0LS2ZZQy4GQeSMrn8KKtlSScrPT/gmqoQq1Oei7f12HyQOzNJI4BXJBAzn1+grOjVjFOTT1OathZurKpJ3X4j/Ik3ecyDjGdxHPvWixNKouVaWCnTqVKnOtl3ZZXZCSFYKccBPYf/AF6caVSUubdFVGleVSenRLctMWXDOGYnBbnkVoq0Yy5VCxz4uFOjTikm29f+HLzuGQuCrPgYAIH069OPWs3NzdrG9SVPEQSm9dLLYsKXRdkpUnGPl4H44ropxUpcsTOLadsRFNFiINId/AYfLtLAjr1roSVOLj3OWrSpTjzpWfZlsQPJHlox8mQOPl56HjrUKpGnK0jjnRqYhfBdLvsalhJIcR+Rh168Hbj8q7eRJXjomdXtKND93UXvdUjpdIljhcYZgZPvAgDI6fyFY1nCUeSNrmmFrQjFuMNX0PcfgP8AEi++H/j7R/Eunq7rYXKNLAoA82I5WRePVSQPfFYUYu3s5e6nubKblvpHsfrV4f17TPE+iWPiHRrkT2OoQJcQSDjKMMjI7H1HY1x1KcqU3CW6NWmtGaFQAUAFABQAUAFABQB/N6t9DGpBmjI3YO854+g9ar2NWnay/A8KjDGUdUvd8xTrVrbqJElBbsmPlraFOpXlbl26m/1XEc8a1Narov0BvEEccSKgYseWK8fl7VzuhKM3OUloLEqpyRu3zbsQ+JUkcCFN6qSck1lWwtWpFzndWO9SpVHGKu4r7/Uh/wCEimMruBnCnHIPPFKVGUIxSe5x4+rVp1U6c3y9iBtf1F0CswAAzkKOPbnrWzwfKrrVfcK1WcF7KTbIm1C5njWEzttJyQOnXmtnhXBe0avYuMoSpqnO6fX1IlupwxAZ3U/LnHbNTOhOtG6SRz1cFzbap9Q2hnyCzbcck9RiqdVyoODtf0KVKtByUppKPd/kPZ1jb5ZCxXJ3jjb6Gsowrys0rfqdn1eVVqUXzL8LGpZa5Ijx/anZlLfK+M8YodKUk4yirhOp7ecISdop/eS67Db6jbi/tGjLxL/dxuHUr9azoV1RvRqRsmbyTgnVpaRW9upyl1cbImuJBt+TOCc16XPKhFQtf06HLVpyrR0T113OVd9zHoSeaJQ9q+aRsou3oNBIIJ+mKmNTz6Gql17i/eJYEHnmpdT2krNEtJy0WgqDewCcHPPHSnyycPe2KUe/3FyC3V3ySWHGcDgVz88k7RX3k1pxnJq9n0NNI9i7YjxkHkcDjmphOztUXqehKMoxSprdL0LcEarHhm3OowB6YPasliailemtEYzdKNPlk/e30/ItGQovkxsfm4DdcjP61yOnUqyvU2OKXtovkk7X2f5ifIIjuLDHOTySeO1bJ1mlFbMvncY8ru9dH5jo5DKQxHIHA6fjWzXsLqS1HPncOXqtiZY0x5zjb3K5zj+vIop1asY8lJ/P9DSeFUqV5b9vP/gjrZlGAYQwYHGeM59a6ZU6i+KyOf2tWlFc8XdfczQWIFS5VVX1POD6UQrSoyS39CcVQrQmqlP8TQRQkRI4TCruzkA+vuOayjVcq+qsdygqEOZ2atv5lqAwuqxshclur9OvbFdsIyjLmb07Hn+xjUndtu/dlq4habAjkZQMNtCkbveurCctSXNJfecGOo879hBtPcvRJIzLubEnBU9QB9fUVU3GnUvT26mlOlKMuWcl6+XY3rGZUXepfa/Gc85/pQoOXvJJnTKDw6lKm9O52fhDXzo2rWOqQD5rWZXXdn58dQQOxHBzWc46+8rpnLRkq9oOWl935H6WfsR/EaPxd4W13Qgixiwu0vII1GFSOZfmUDsA6Mf+BVyYmny04Svfp92x6tCr9YpKr8vuPpauM0CgAoAKACgBkkgiXcVYjIHyjPX+lC1Dc5rx5rHiHRrK2uNBtIpczKJGkfHGfu4759c1UOXmSl1Jm2lofzeZdwgikbawySq11UsVyQaqLW21/wCvuPOcoxi1qySYICqpIGOc8jpToYhu/tY2RVSSp01TWj7ji29yrEO23twceh4rKdGmqd2n3/pmNWhVo2dSV/08mTIqhlUKqFm5OOR7U1KUopRldHdhqTqYd03JXbvtZ6ba/mPkWSP5FVGBz8wHG6op03KTqV3ouhjUoToybmr3JBHlWJfOAMDGMGueVeLlaF9Aim4Sk/hXYbmRMHKqNuV3DkiuyVXmg07yfkc0PbTaqQVra/8AD9xzCW2KSscq5/DH1rOE/byVO1rnoVJVKLjVd3B9uhLIZQ3BXZ1HA+YfhUfu+ZwlugxeJpylyq35gGctnA3KM4I+77Y/rWU5NJJv59jOVRX7eRG4cjeDsRlJAHOa3jP2UFrd/jY5qlOs5ub07DEnuICXgxuAwVU4yKbdLELlnsXQ9s781uVb/wCRh63c74SoXGWx/wDWrRtppdDppu7undv7kYALdM8fTpVtxjZ33OhPkTihXcfdUcDj61zxkottrcwgmndgxG4YOAMYIFa0JLld1qXTVnebtcljLMTuxnb27ms5qPL5scnJy0dzQsvmQ7wh4GNw7/WscRUdK0YPTclRnOLhTtq9b/5mmj/xRtgcZIPfPpXFFzm7S6HpTm2pQpJrbbbRdi24cgMi428nJHrUt1E7N6Psa16M3QVRPVLtfUYwlEoaRkYHH3VPf3roU1KCS2Wj9Tjk6mI5XUV7LX1JpUxHuQIIl+oIPqR07etTGpU513/Q1nCnOMZQivyBXJcGIEr06mt3CNWXNLSxy8jrVPdm+V7dv68yzGhKcPgAbRz1Y/zrGVaUJWS0OrERp2c4vyt0uPiEhcAnbsOQR/8AXrpnWcld6s86pzYlpNWtv6FyMPsMIkJGcsScEV080I8vPoelKEK9P2VO7S6MswIB5mLgMhIABIOOO1PmhNJbWOGHI4ONSaS7GjEXtkCh+BtIOc/TBpVKynfmJngoUKScZXgy8izluZAc5wWXv2+neilUp0bTWplUwElFVoMt28THZCj/AHTg49MZ5Ndn1hTXPy2RjPD0+VUZ3UvIu2hdxw2cPuyW6c9u3bpXRBuDUmrIUcAmmptteZ0mlXaeZ5rOIgDnrjJ9qitD2a0eg1h1h1d6RPtf/gnr46s9K8cat4fvUYf2vYr5UgOVVo2Lc/UE/kKwqUlUoPleqdzrnWpwslqfoRFLHNGJYmDK3IIryjS47cv94ce9MLgGDDKkHtQMGJAJAzgdKAKE89/LbgwW0iOVGQcAg1cVFfEwkmthpn1drJk+wobkhgCXAT2J71VoXvfQinKTfvqxR8ZjUz4Yn+wWLXF0EDeWjAYIGScn6Vk7cyb2ubQUXOz2P5tIl3AlydvTAGCR2Oa6eZU4ykopvu+n+Z4imo1Fyq78wMUbv8zMoBHU8jsabnKgk3FNvr011saSdVO1RLm7f5EjwB2DKWwv3s9TWkMTFRvNK/TsXP23K3WTu/07k6sAreYw+98qgdRWcab5U4q1+vqKjWbhaauiRCEQxqgAByQBxms8dCdNXm73NsQ6tCXs6KTv0HSb3Uy5OSQTmrw0qXKlNWMadGvCk6lTTW1r6fcPRlkI2S7cNkDaSScVfsoYZ3Wt9zRTc78qslt/wUSEBt6Mzsn8OOmTWUKnK1JRQUp1aknFSdh4DMFKo6pjbg+o61nVUnJtu5n79+V30fkMmCJnduQsfmIP6VCUntG9ycRXr1E4xjv1FdAESR3J3DAGRn/61TNWlaMbv8i62KquMeZeX3EfklIg4ZlGMnB5/Gtrcvxo5XVrL3oqyOX18AMEUggfxZ6etaQlywstEdGHlNtqbfoY43A7VPJx1qpR5rX1O6M+XVCqSSGcgjPApVVTt7qCVWfR6jiRjIUcetFKNnqyHfZk0Ib+I4GM5xVVkuVShqaRSk9Wa1rH5ChXOFYhzx1FedibTf7u/obQi4RSlopau/Utr90lB83PPWsvaVIuy0Wg4ynP97CbST7EiSyHy0cklRn7v8qt01zc/md6lWptQaunrcuxRthpFmcZ4YlccelOtCN+SVkvJlzhLkdRaIZJbhlRBIQGOOP5YqPbOnKyV7dTx63NWkoU3ddf+GEyVmPz71Bxn0/xroVXmgm3q+hcOZS9jSWi3ZLHL+/UoCSpyCAc49a1hCTu+jNMVKtSq+zpq5ZicZ3M20sfwK/5NWoxXuaMxjGV1WqO19ra/eWchEwGbBOQV68kdutRGD5uZ6+o6sqkLzT+exMI5JGALlVXGB3OBzXRHkjK/U5qtCeYSi21y9jQgcfdQ+Y0YGCPT2/Km4WlzW0LcHyPDpXtskXYLgTsIxOVMLYQHqc+tXCnFK7je4fWU19VT5bM3bEbleJmGQfm2jr9TSlCCldLYylGpQq8y1f59iOVVtr1olZlXd85Bwf/ANVepGqp09UZqM1JxlPV7mnbShZVjEZOzB3k9fTNTTqSlFylZDSniYui1dI+mP2KvEngfw78Un1r4g682n2VrZSLFs3YlmLLgHbzgDJ/AVs17WhKNG13bf8AEinUjKTg1fofeD/td/s/6YhhtfEU0qjACxWcnzcZ43AV5X9n1n8TS+aPRqT9mrSexkX/AO3B8HrVC1naaxdcFuII0BH4vS+oNO0qi/H/ACEndXaMG+/b48FQl10/wdqE+3O0vcogPGewPemsHSteVT8DJ4iF7IwL39v9mX/iW+BLZSGxma9ZvXsFH580Qw+Fb1m7eg1Wjbmk7Iw779u7xpdF1sdG0i06hcI7Y4Pdic9R27e9N0sLCVtX2N4JVW1Bnt/wh+Ot74u+HA8T6zMk+oS300GFjCIgQJgADH97NY4ylClKLirJq+5z1KqjWlRi9kn6HS/8LN1Bx8htxkZBK989K4nKN7JGt4qmpNn88aOACSSp45C8DrXRTjHni3q30Z59Kr70pyjd33/WxKEjc7X+Zm75zQ6s3HSKUd7HfNKtT2Sv28ur8yYlnj2qxJVuvt/nvUuhTg+drcxf1ejT/eye/wAxqDLF9gJzgE9Kun8Ki20YxoQr3nQd1+KJYwVw+1VUcMNxwD9KdeUaqUN+xyQlKVZ21trd/mSR53Flyc/N7dOtZyq+zVnEHiJ1MQ4rVdiU7iQu5cspyBnJP9Kyk5TjzRLjKUrzuo30s3/ViUxK8QQsnocHpipqOrTSk/VHZZVafNzK63sNQjy2JBzjJP8AeqKcZzjzT0MFCl8Sd2ySVYzGpEahh05x/XrXY6kl8L0R1VZR9nyx0YhhkcqHRFCA/KrZJ/EU/aRUm73uTiMFOrSTUkvLsAVAm1kAc5B5/h/Gs69eekYRuiY+xpqNGqcr4mVRMjLHwuRweDWtSN48y+40c6VSTcZN+vYwHO51IH5mocHCF7as0XL0DJyCFB/CoWt+g21JaiqDnIWtFTcVZa3+8htxujUgtt23OVPXP9BWXPGMWrNsuleUOa3Xc0jEWQFWyd3K47VhStTei+Z21ObFUbxWt7EuMygbCeuCOg/xrGmo1L82jHQrKslTjFKzta+xcRODtcb1HXsB/WjllH3HsddKbu4z0t2F3SMfJGSG/vN/Ks5Rb3VkiKlSdSo6FRX+Y5QrMuOCueT3ohNxjeOzMsNGEVLlWq72vf8AyF3RrB8xChTwNvODW9Ony/xHY6pRpql7arK3XTUT7Qi7R5vzIONucdf04rWKqSfOo2Xnv8jy6mJ9tyyvpG+yLKMQ+UbeCckkfr71dOEqjcY6WOeH71KVFtrrfuSwuVcu3zqMkf8A6q0qwlSX69DSlVnCo4S96Pr1JxLIPnUbHIyAB0Gf/wBdb03T5OSerZpK1OKlGOvYtRXCxYjIYM3JPr7VcI1ILTVGFWvChFRhH3pdS61+qjy4oQuAQMqOue5/SuarCeImk3ZdjkrzWGg4VNJL7zb0aYi5RGjTZgAELzu+v4ivUlTpz91SszSnUtHnbNHxHp8thfICf9bHuGR8r9D1/Gpo1bPlS0TIliaS2V2yrbXMj+VDgmTdgKc4Hr06/SuqcfZrmtozzqleUaapw0uz2n4efDe/udJTVtT1OKxe8HmKifM/l9mx0XPbqcYrmxFenB+zhutTswlFUv3suvY6G68MaJYELe+JHcnBUKmFzjv/AJzXMlPEatW+ZtUca755arsyOSx8Kxs0cuqTSHI4AAA4/Spj7aF1Ylwhf2bvZ/cQNeeH1DJ9nklh+4VeTaQQeDkdfT/PN+zqyjzyaQQo3hJwei6dzQTxH4XRYwumRu8WUYbyM9sHmp9jKWlxRlTrK97W02Kd/wCKtC18Jp9vpltYyjcivCpAboOfxxW0cNNe8ndl+3gl7NOzezPrL9mp0uvgv9nklH/Ev1Kb5R94K3r+IyPY/m82gp0qc7WdrHPQpSWKn7aV7pW+R6HG0bLuhnOPyxXjcrgrWPRUlLofhayBOGAO37pxz79K63KMLSg99+p41JOdowjab0+4lMM7BWiBK45xz9KJez526sn+R00aU1TlKk990OjQtASWQjJ5H3h/jT9mlUjOV/62CMH7O7s79CaFgEKuNuD1I9vasqsvZ+8nc3pc8ouENF/kSBDLEFaMAA9OuT61DqTc7J2kcPtIwbhNa9x0atHj5l6HPB/St3PmspahQ9rhXGpTtr95IkboyvI4CYxn0+tKpKEptw0XY6o0Y1pc9W1mvmOkiKMrFS5ySVD4JqXO8eVsKmHo4fWG/wCfyJWjEYQiLL8YHXj/AArKNWUtIq3mZ1p0YKKgrSfSw8xbgPlCjn5ickD6d6XK6dlIWIi1FRkiWK2kcKQwaPAwrdu1EaidTlelzenCacYS2JEsZTceY8QCocYzzxnjFa8/sHq7swqYScq6qdyh4h0W1ksJpJItssalwAQP5DkmojiWqiitb6dz060KVKmubSR5w64JGc49etdqqRSaa1M4tOA3kjgHFZSdlzRfqCtsS28StLtPJxSqYhtc0Y2LopTmovT1NyF5PJCmVhnpx0HpXI3duXLqdsKdRU5Jx16f8AJblkBYE9M4BIzSp000uZ2T3ONScE6c21f7/QrfaZZyI1+XHQ5xW9VQpz5kTdwtCkuo6K6nikR0kztbCgjrT51Vun1RbxE6TvGd2TQ380UxmclipyAO1KpTjGKppaPqzSjJqPtHrJvV/wBdCRb9ozvIJD9QWrNYaKheDs+xDU6Em5P4u2xK11cYHlq4BODk8e9JxhJ2mXiFP2KSdn5dfUtq0JxgDITJOOvqc1rGSb576IUJKcYqcbPuSPcyRp8iqUIIUAYwO9XClGbctmx1Z1Lc8UuR9h0F2TGzAtxgqMglfWs6sZOXs5PQ4oSVTVwbetiZbqabcBklRjqMn+ldkMJCiuWb3/A0nCVSfs5/FboyWFriWVfMIAAIwR0GK6Yyo4fuzzqkGsRGVW7SNS2VDlmDEDPUkEnp29KJ4iNaL6Gs50cTN8yd33NzTRcWzJJvLgkE888cAYrBTpxem51YTASjQ55t2R7Brujp4s+Hj6lbiOK70pQ74GWVAMEEdun6U6VSNKopLXmLoc9WGyj2/wCCcb4P0W3julvtSJwMbd6kFvTOeldU68pxcYnlyoKjOU5vW29j0pfFNygaNZBuUZUAnoPT0/OuHWO6NsJVmv3VONtDA1jW5pJYpX+ZR8qqTzwR09PT6VunKErXVx1FKjFW/wCD8igutOoZw0g3c7VPI9c/Wt05VIX0sVLETxVNxirfmI2syNIY0cIGHJJyDx0/KhqXJrqcyqtTUVG0erIDqEwJUSHC/d68d63g6qstCa+HrYSXLT1i9R9pqNxDcI7spYNuCkE5PB/nVurGT5YIiSqUP3lZbn3R+yNqkeo+Dtd05nP78/aEXBwMqDx75U/rXPj6Ufq1/wCVm6qSniadZ9Uegy3Iif8AdzYA6jPX614TqKSuepNwk+VbH4kv5jAkbMDjgdTiumioubSum/wRwTqVeeUpbvrt/VycGTapCEZ+9hiKy5ozclV6eRzxlVre5HoSRq+5XDDDE4Gen4flSp4inVg4WskaKMozT5rRJ44pXAMa5LHlt360nVTjy9EautUa5ovfYXlJGBAYrz8p6DHXFEuVxvfUzrR9nKMoNN9SWEqzrgFzjknios6tktLFUqvtW5dULGqNlMMeu4DPyn05r0OVwp87SfYzpKeLle3r5EoKbtkKsWyeWPINYRn7Ru8behUK8IXp4eD5n33LMZywdkJYEKFAyAf8msKUOaTjTlobRg7qpK7a2VtSWeIqPnQ7sA/jVVKEr+4zXFQlhlepFvQkgDNLvCFVwTuJxn2wBWM4ulfW7MPr8akNFZd2XI5TLMrBwoVc8jdk56YrL4Iu61KVeUKkW3aK8tRt3DbGCYMQRMhOWAbpn169PSooSbtG4nVpNqM9ebbyPIr238u8kjTLLu4PrXsLkUrxdmdtWMofGrECjYeTjqPeiU4ODTV2uxn7RRV47lm0LST7lUHjO0Y5xXNJR5bO92XTqSUudas3Y0VFxLANu3K5OTXLNTUuaDvY7vb/ALp1J312SfXvt+Ww2TbLiMEheBkjmrhKVZ8trvcKOJVaMYNX0ENnEWU4UKBjPr9feonWlGcrR+XYdSlVw84yhaUW9mvzHnToWiO3YDnPXJ/+tUxqSpzUkYTnyKbcVr1/y8/QrPZII8hQozwR7VusS72ldtke0lh6N2tGxscKgllbjHDe/biqpYhxXJKOvQxjCdOLqxV4vYeHkZgBIVIzkkZBrSTc48zW/Q6auLslfR23tdMu7p2YKqjOcE7uv/1qy9lRSkt/8/1M6spzTlHd/d8uwFnDFTsQ9MZ61pSahBQi2/yMKn1rlVNy1XTYmiG8Fp0AyMc5+b8KJOnFe62n/XU0p8zd5O3kiZWjimwuMAjbu7H0rrpVZuKUleXc461eVKpekte5pQ3CxSHjIAAYHg9M1jz875WrGsmpOM5aPzLVrqkUmSY8Meu48AVE6VSm+W+gRx1CLcOXV9exsWGsRgqnlABhy+cnPcYrX6o2k2/kaUcwxEmowjaL6/8AAPU/hb4k8y6utDkk/dalCbY46jPfv7fr+I8Ip0ZRl0O5yafImnLuZ+q621lE+nygeZa3DwElMAgHjoPTvWGFjKXJPp2POxOM+qxdKf2uplDXLgKJYi5O0dWGB6167VJNuqePTqu7nSfvdWI+rTvEWWFSzHIwc/XiuZSpVJKCdkb/AFnFSpSly3l0Y+S7SNYniVt7HaQX+70/h9664X2T93uaUZwcVLms1o/+GIpheHK2sgyW3EDOQf6VanCclzXsjjx0a0peypz3fRDGF1IhieU+YxGNxAAP9eKblThJODujoqwrey9lUnb8l8y3Z5klSRVZwI8hsYy3481pGrKW6sjzantKkoxUrpLR92fZf7FGrzCS7guCuAwjdd2QoxkDrk53E/hWeJUXQcd7ndQhWdVOpa1umx7JqdylpqV1byj7kjDGOwPavm4X5VdHuOSn772PxgSNASV2bs88mulTnypz/pGOHcVG9Xp6/wBfcTcM3kkfITu3A8A08K+edo6Oxn7eFRunNfPuhRBJ5rAkMQByMEClTqRqRcWrfgyHCMWoPt6lxIZ5FPmJhd+3dnGw9+B+FEoxjy+z/pHTRws6mmnL+KBoY4kACkFjjucj6ms6lSVSpeCXoY1KFOMHGo+ujJo4k3GJWTBGSQOKr2jlD20lr2OKdWGFrKMknF9UCQxu7skgjV8bADyfwrr9rKnQTmtC3UpTlzwfLFaepZhiKLsT5SFyD1J56n3rilUcp6aHTCrioSvpzJaMnCsPLKspwMjjgmqU4KDlbXyN/bV9JSspPui3ArTLknlG5UdzWdSpF+9T1Q6NavWXK9ovXzJ3giJjVnbcGyV65/GlS5U+fTmKxMqEqkaLST7C3VmZIikaKflyWPGT/ntXLzTdT3tiMdCpyRlCK03bM5vCJv1CyXchjHVASBXVGs8O3ZXvpseXgoOtOU6iS9f0ILvwLp5tXjgPl8/M7cjHsaTrTdRKaudk8RVST0fqedz6aPOdI2yFOFwe1dlSuoR91XPQw2ElUhKUlrbSxLZWc8Nz0AIGB71gqkXFyQlSryVtFb8TZSMqdsbHD4VsjgH0rmqVnidV0PWjThToqinrpf1ZUnuo4GePG4ngErwB7U6NOpStVjoZ4mEKHMlv/XzK39pBExtK85x610exk/flLc4KdeWHg4q93vr0/Mje8d0wEKqepqo0vZu8df0Ff2ybpRWn9XI/tErMEDnaTzzVxpwq2uctWu5Q5GiaOTJ+4GJO0FqirpUSbsaU8bUbUbL7i+tusgUNGFwSeWIGPSiVV0aik5aHqTpQrxjUkko+em5b06AuGZo0I7E/0rjnVvG8ZXM6UYUqU4uOjfXsLLbqrBmKnopHQ49q6cPVUE272OZ0XCu6jTd99dbAEAXbgAscAA8/WrlGD+HVb6ihF87TWqFgAbfA78EYGR3HpW8+SUeaF00Y1YqCdH79LMliikVgqjc2MAEAnA/Ks4zqyp8r0iThcNUc7JrrbqWBApcI4HA52tzj8K61VcI3M8VhqjmnXgtN7GrahY18pVZWwTllw3XvSc5zjzXOmFShH3OXfZHV+DdX/sbW7W4jjOIZVD7eCRnJHPBJFctGVWV3fQxpzhh58rWn+Z3vinR/tGtao67fKlZJYgAPvFeee2cD864sFovZS1ab/M7K8Y1acYNKxyaaG0S7ZQSDneykZBHoOv49K9mFeHNpsfKQoKnLlTSvuzSg05xEEKMzjjdwQRjqfx7U6j5ZKXQ92j/s6Sjq11EOkgyI7pt3ZDELkj/DPFb0mteV2v0OaXLKXNLRvyNQaGiyK7SjBIXPQjJ4wP0rOV3G1tSnCXOpWV13M+S1s5DIpIVojjcOfQZz+FGHpVZe9HYnFRp4q8El7vU1dIi03GzMREbE84J55z+PNbS517sv+GObD04Vl7JJe7+fkfRP7Kuq2th4uuNPQBWliDoDn7wOTge+f0pyjL2XKnexq1GHKnDl/M+iPiD+61zPKi6jWQMO5xjj8q+f+GUlHuegoqpCOtlsfjUq+agUwAbuWBPQ9eK6pTp06vuyvY6oVHVcXy2tv2ZKVU4Hyy4POTxj0/Q0TbnHmSs/I5MXgad3KDbfYFV0J3YGORk7ueuPalGpBwjGa1OaUZ0ZxUlpbqTxqjqFKE4fcQOcHjinyqnacNfXYJLnleDJWiaUqhGOcBVOCR60U48r6XFipTnUUJrb+tCWOBmlYRhHRRgjdzn0rOoox1mxqlQnUSW23zLCWTkAcD1XrisJVabdpJmlTC060fZx0sPjtpGXibjOSeTj2puKj8O5SyyVOCcai5uq7Fhd+0oYd6rjacEZPalSUpy1dmctaWK5+W3NbZl1I3XLhYwzANgDn/8AXVTpqnZJtnoVZTVpyVpPoluXI7Y+TGkO0kY+ZdwIP49etS1Gcua1jT2NTEUuTDr3vy9CaS2ky8HkqCGBHOcn3rCcXKXNz2+Rni4YlYd0sQmttW/wLdqszRuqrGQzFcoCOOMAk9Oh9q7K8Y80VTVr9X1Oepiq3snTVmJqFgkulztGhifymwVznODnOO3Fclac1J2V2dVKnFU41K0LW1PHBZSBzJtOCxXpn8aFd7uzPoqlGpTj7SEW47bkhRmlMboCUHXHP4Vm6fIuaLueV7OMlL2z16d/vHzb8bXC84wAecZ5/pVRgldU7tmklKcGkrz6b/iRtYliEMaA43AnnoKVOcrOUr2X3GtClXxC99JSS0S/rQrixUBiU+/8xz/StqtV2jHaxzRw8neM9G+6v+JFJYEHa0LAYzkf19K6qVe1op+p0TwsKDdlay1ZGluPO2rH9QaqPvPn27HmzjCvVTpr5frqWobNmlbcBgdDjoa5+ZK7OiKjSqNzg7JaNLYuPFJGVIwxK78sMfhzWbUavup6nRzOjRu31bWn677GraQySgvIFUEHGPXHT865Zunh20tzSpGrWip0dUivc26yHYHJUDG709OfWtFiNfap2Z53JUxte6dktH8ys0UkMjHcPlwM8cjtXXTr+31W7FiPbYGtzdCZIHYeaiAllz0PT6VqqsFam9ja1SUvaJXv3LHlFMeYytz2zn+VaVZqCUacjmxFGScJSdmn2LUaoIwfL5JyMc4/D86cqj5feZvLntKSeqL0KxnKmNcgZMhY5B/lWVOUuS6lY5qsXVXNb3u5saBOi30PmMdwkUM2ex6f0ranTm76iVKydWer7s9guoJ7i0ge2dMShVZgmSWAwOnbFefQXs67k9GROKVH94/uKT6FcifybgBlC+nXj9Pxr1Y8tRHn4iFSnany+53LCaDJFhQT3+YE5IH6UStbluaRoTp7K6HCFo4xEseedrHuR6fzojJtWkzV+2pRVSj+JGkEQVnmiyGAI/iANdEnJRUE/vMZ4n7U7p+nUz5I4Cr7beIuHG75Rkk98fnitIOMWlKVjOVbnUuRa+n9XOu03w1ZXLwXkYRU2bzuXpx6fj3xzSlNtuKNFQlWUakHqvK1j1D4Rz2ugeOrVoI9kczCMsQc8qVH+f8A69axhJQamwrS5lfqup9MfEASXOmafqKBS0RMTZ46jP8ASvn8VTftLx6nZhozcXytPqfjNFIjYdmBHqDgCq5JU6nPCJhTxbpzTetkSbShIQn5uCf/AK9dck7XltuZPH1nX2trv/wScsZYxGVZyeAFXv8AWilSU93ou5vWxTxS5Z79C2iMgMksZY4xwvQ8dK55pPROyOLB05c8pVVdbLpZklu52ZjIbAIIwe3Spk4up7Nqy7ndXnOLtGOiXmSoAwWRTlvQDGPetnGMLxqOy6CniYyoKMI2be/YnDM87uznenKbFIHH8/61goKEebddznWIj7dqc9Yu68y1ZJJPceW0DIN2QV4GB6imo04QdRu77HTiqsoVYtrR7P8AzNBbZJZAAqY3bzlQCD/kCuWahS/fN2OmMqdarHVPzLUdqWAky2WOF+YY6961p1WoKdrpmM6kqcnO/MaFvZFvL2hs4yXxzk/yFbQqRcm1sb0a8k1KKs+pcg0otiL5iSByTyeOSayn7zVnbuKriXi24uRrWmhyYP7nClcNjPHTn/PrUSiqsWpSd+/Y1jhORKdtTSXw5CUIbKttO3BPAIA7nH6d6mMbe6nfzMqtGmn+9vdHgnxG0u58N61cWUijLuWRkzgqTnI/TtRHkdT+7b8T0K2IdOhTk5XT2V9n/wAA560vFuGIgBdlGWyDxV4jlcbx0OOWKkpSlTV3+BaEsTMS6KpACgnr9MVzQpygm1LU6qON9quesraadxkfAkdMtJjqATmhznUtTlK0TfD2u3y6Pr1fqaAjETRlzuJGCM9DXLWUW2ovQ9aPNHllCPMn06ogmLbt3yxgvydp5IopJJau5yYqrhpVXThv19UQ/ZWnxIIjx97g4zXRGr7O8b6HJVowqS56EVe/XqXTbLGCxjJIUcr65xTm7RvFnbXw9anBVHZvsiNpTllSJWzwpFYezk5XhKxz4uvKUfdirW2LkETlkCMdq5PqR9Kl1lCbUtWzOnXmrKjstyW4t0CjBK56jbx7Vzxn71pbm0VCLbp6PqZcqrAeJPnYngdR/k161JSqPl5P8iJqMYN1I819O6sSWr/LueQqUXAz0A/Cta1B3Sp2d+p5dJKblUc3boWxK0yEBlwB94LyB/8AXpuCoK0zeOJ+s+4veXXuTQjaMowCZ3HPQn09a1jP2suR3uVg6UIS5Yt263LXmKw3Kg6ZBXkFTSpuVPmVQ3tFR56K0+8mt51hniLR4OQMKMhf0q6cnVap038zzqld0mlUWr6I9u0LWZG0i2ljTgja24Dr6j/I71nWoxUmpO6OPG4ipCXtqcPd7HRpcRXltvYpnaOAcj+ddCounbkY3VdWjeVtVsg3FySditjBI+6Mnr+QFbKMakbt6mMcX7yhJNMzbi3ijkkfzidx4XqPy6/5NS6lSlaMYpnVzckZNS6FUvhxbQIPkAYrjjHanUpc69pex51OSc+RadTPuDBNcLvyrngfKRxxkfp61VOLptNbG86lFv2N7Namxp2uxWdp9n8xv3ZO0Feegzz1PauulOEv3l7Fyk8PD2VB/wBep1mi+J7V7myu9OJ823lDO2CRkEEjjqKFUqKopfZMYVVy+zbTl19ex9k6jMuseCJbmJi2ESePjBI4PP4V5uOg6cvcWqOnL6jlVs9HsrH40xR5T5XB2nDY5INRXqKpJSSa/I46uGw1OLnGWiLEaAqq5LoG5+XrwaVNxm3C7QUYwTSqO8XsWLWFEInLuoCnYpXp61LhZ+wludVDCwnNzg2rXtctJHF5QDSEHkM+OeT/AJFZ14NtWVkhywlJRtN280SxxygsjHjJ3FTz9a6ac1NpzWiKw8KPPfnbtp5FmBWVWiaMblxt+XoKVb95qvuOZp0nNVIvX8C3HZF2ZkYuMArlc4JxjHOfWs1V9noqehg8FTotVIyT67lxUw6l2kGOAGXhu2D6d6yq4P6zUU43S7F1XGU4ym2uya0NWCy8yFEEaqzrwoHGPWs5wlGfJq0dMcQpWVOOiNW104GQ74lXC52ge+OPWtqkvd5EXUpUas/f08jUt7AzSDcCIyRxuwpH1rGMPYS11KlJc1teW1vI2INLV8llCODjJ4APb6/hQqkbNPqb4enTlzTS1RqWmnMSwbqvTrVwva8UVCpOrFqo9V+JuW2nsSqKqt0zkeo9aJx5pXKg3TfMup4H+0toEun6pYatCoSO8g8vBAGHTj88YOPx708Nh3U5k+n9P9DHFWdJQS2fT+up4xoUjh549w3YBHp71pXpRjDl6HTg5clNxtr/AFc2NiGPdKwYE4yB2rzqkm5KnBfedNOkq02ubT5CRyBHKqy56hu1OdGUo8z27G8b06ijLbq+y7l6MuQd75Lc8jIX8q54RhB8tj1KVZwp+zfva6ehJGCRnyhs5YYYYA9P61nKmqs7JnJy06k5ckEuu5KFYuro4YkEL14Hv+Vayaox5WtTlc6dRxntJEE9zK0m15BGC23OcA49aiNP2q5kgq1qqkqlWXu7aEMRuJmLAkoO4Pcd/pWnso04qVTS4pr2jtB6fiaNmsYy8z5YDnB4x659aUoqo+WC08zooUKdOfxa2HT+WzAROSpwd/auSrzU3e1mDjOLlyKye7KF4sSnLBTgD733c5zXZQrVqkbRucNScYxc5XtsUrdljdWPYElh15r0oRnT0qXXQyeIp2jDp934GlGdzHywRtwdwPX6j8aiPLdylt5kxVWm5Rw6snrzFjZ8+8SYUgq2T1PpilCaScr6G9OCxEva+0sl0YMzKGhjJTYPlxwpHf3ojWjP3pM4lUcJuEXZLbzJ7R5BMAQGP8XI6fn/AJ4rWdWNrw2Fi6sJtSjHX1PavBGmS6h4Zt5pJWQ7iNmNxwMcfzrqSUoe8um/cUHVUFGMrde/yZoyD+y7prKRFjaVQUQHkY4/oKhc1WHKr6GM3ShWTk0pMG3PHE8xbCtliex78+5q1Q9nPfQyr06lSnztbO5c08wCSeONxvk6YAOV+vbt7UqnM7xepE5ctVc/XsWGt7iG3aVJMkHlM9RnpUy5YzjzK9zX6vWpJyWqfQzrq1R2hgmlcLJMqE+cDyR15+nb/wCtWzScysPRdOEnUMjWb3yfMgjdFaPCfQ5wT75x3q4qnViko3scv1ivGvzfZXTzNLwZfxmbYYzuxuV8nqO2B04zzXcnanyx2uc6jTnzz2e59zfCrUv7e+HlpbvIHkNsbV8cYKgr/ICuPHQcpSa2aNcJXnF2i7tM/I23i+YwqigN1Bbvn+dZ1MQqkbS6HXz04R9mqdyUqGJwgAUdCMfh71nTTpJz2OLFtYhck4csltYnj8trdjsw33U5IJP49azcXJqaeplRw8OZzm2rdu5oxws8agkRlVPB/nU1FJS5pO51Ko8TSu3tp6+pJBGzSBZj5Y+8doOGH+PSpVX2kfZ01scqhWqLln7t+hoWyAndEgY5+bnsf51Mqz0jzI7KFemo3a5mujL8kMUKR7FX5QMsQeR3INP4pXbuiMRKFRRlyLRaGnaJZyIrtDwpzuA/Cub65WitNNTWnjKFWnHmWi/A09MtUtvLbKq4yWwOCMdR6Vcq1Ss7WsThI+zk5xjb01TRs2unnBkLB9zB1Ht6g+uPSiSnB6y27nTapVbk5b7XXQ3ba2VVQPyTlzg5Ge2f1/Os5c9TqdKXuJNu/Y1bGzCRx7naREAU8DP6fWpjyU5WsThlKEbN3NeysY2UkAZJPt6VupVHpLY6YcrbbbdzWt7AooAB7Y4zj6VlNyS91mc6cY6NadDN8e/Da18d+HJNHm2pMpDQuVyQ2Dz+prpo1ZQV6bepavR+B3vufGeveAtY8F6/NpmtWLwlSdrA5WRfVT/jz6gVriK3PD3Xc0hg41IyVC6t+PkZrRkqUZjnr8vPNecp8lRVEbxSnFU01GXbT/hyS1ZNu2RgTnpg/d9qvEVJyjeLbT1+ZpCnCTkpXT872+61ywmHfyipUMM7R0zx/hXCnJS1eh1cri3STVrGhGFCN9xM4Ax0zx3orVVB80bt9zVwpUqTjSs20AZJVIChsDgknj04rndRxtUkjKFCCXu2S6mXeFB+5bBLNksF4z6V6dObupRWnqTiOV0owlFNp2uiy88MEY3YUoDwTxXJWc5y0MKro0ZpxVkQDWCsioshULypDHP6/Wu2MeSOq1Kq1JKellHuOk1GLZlcYPBXdgZ9c/rUqnKu9v8AgG0qsJ0edJ6fK5Vn1GAFcOpHUAda3pxrXkorX7jzqtSjJLkldN9uw23dJFGHVu/sK6JSkmuZbbnM6WHnNznK9tDVt3m8lTGDjbx8x6fTtXmVZwhPkkzpftrxmldLYd57MA6kgnjbu4x/kmt5yjb2exlOq3LlmrN9BjyyKka4b2HXp3+lTRfK7WMuWFODg1aV9CW2Ejh2d+dwCqDnGa7E4Sait2c/snOo5yd+unQ+mPAtjJ/wi1jukJCwgl8YDEjqB3GK1qyjD3F0OV1aWIrcid33RW14wRXEDyxqSDgNjJJ/z/OiEnzXvY7q0adNJ1beTM27vwSw3fJw2OmR2/HIroko1Y+69UY1ISxV4U9VbQzYL1ba5V4iobeCEOQN3PT3961oSlrBswjUdJJ1bc17WaOki1yaO1KkK5AwCTyOP15rim5OfP0R6SrQprV3Me91DzYgFyxBMg2rzu4/z+Fayl7OSW5hVqWStO6l+BnS2t3f3BkMYQNyzuc7vr0/GuqMYKLd/kjjlX5ovS6/A2fDthd6fMbtNzQqwBaPkZJGT+XHSrpSatDYVH2aqSnJ2jbXsfXX7O+vG50K4sSrqInEih+uGXp7AFT+Z/AxlNVYrU4I432lX3I2R+YkSzFC8aBUQ4RTyx/H615TjT5nKpK/pod1epUor2lJ6X0XUtqwz5tyrFioxg47/rW06kpx5aauvM6aEpynKdeS26EphS5JU4OGwCF7isIudNuUXZHn16Lq1OV3a7l+FAWELIdm7AAJAH+c1UpNxTT3PTcJUKkYNWhLa+hcihQvukBk2PgZGNo6D6k1hTTpK99WDw1Rv33zJbGjCG851ClgAE+ZicL7546f0rOFL2/uwe/U8xy5Kr0T7Xepet/3ieWIcwkjYSQAMZz0q40JwVlozooVZVKvvQ9wuwRmNWPy7f7oHsAetXGKWk1c61T9pdRhZI37G2RkSbG0BdpXHYdD9a5alVWtHcnD4eFN+1d7LoaljE8hiJHyDPIbOOf/AK1E4+0ipXsy4YWUZ897pnQWsaqmNrEgEA46en6Vo6jcbTtob1aTpJyd7mjZLHlhGCS5PLNz06Crjrq2VScajUIy1ZqWEpAK+UepyG9K35tLMKeJVKTVtV9xv2ojCrnewYYOegJrn9m5O8d0bKMZy9ortGlasyMFVRggEnnmqu1G82jKpJ83LFHK/HL4Yy+PvB0culW1ump2b+bEz8FlOMrnHQjJ/AVpT9k4yW9/zJhNUWpSWv69z4WvI3Sd0C7NrHngmsPYyhC+7NoU61SSlJ21GK5xsJY+h7GueMebWx0e3nFqD1ZJHcEOqxjJ6n0xSfI1yy0O6iouXIuo8XrNJuiwP4TtPGPWnCEJwtIVeyXNBare2ja8u5ZS7xbtGHJc8MQMGuKpQcnboKo4L3XK77W/MgeCaWRyU+TGODnmrXJRSv0NI4fnadtPzZhahNcZEb9GzyWzivUw8ozfvP00PHxlR3d9/wAkRLbOSGkuHxgEVcnzaRjqZ1VK6jU+FpEwMhBjdmbuuRnnt+FbxpySVTR9xUsNJz5Y6rbrZfJ9BnkqGDsSzD7yjIpfWHFvlVrmc6MY3s7cu/zJbfLMFClfTH9a0jJRupu6CnGnJr6p6P0/I3ILhlgKybhuHQ8cH+defUdKUv3ep7NOu+RuUHdbCTTkR53ZI+Xk846VpCpCo3fr5HFXk5xdRR957eQjSneGRmGcg4/x96nSDStdnm46PsuW93Lqi3p6+fcR2qEqZDy5PCZxg8fjW6vK00rW/E7ZKEJpW0lbXoe4289zZWyWy31ykUEahAjbV2qAAccnpx1q1KpUfMkte/Q4K1DCwlKNKNtejGCAtEZmmeUOchsnKZHoeldVSNPSEtGRV9vXha149O5NNFAluoYMS67dxIJ/+vWUKUua0HYeGhXwukNzNhhaGcbYuEJYEgZ4PXv/AI1pJuHvdSJKbkqlWWj8jbtbmMRBTbgFiQZcnI98d6wg41bq9rnTh489Lmpb66swL+4mtXYJNjcfkkyM4z1HFdtHDxVkzmp4efJKnNq5Ol8J5I/MeZgG2ybBwAcen+ea2w8FSk/Pa5y1KzqQlhamy3a2Rrrff2TMbeMTRmcrIQwJRlycYH07jjiqfPVdr6IpQg17mt11/DQ+g/2dvECLrZ01p2jNzC8iJ3cAggkEZOAfwzRNydLVbEVYwfKno79Op8DxoQygxkhnweuN2On+fWvLdqlVW21IlTqSXNSlt0LaxudrLg8ghWcnnp+VaKo6fW4q0pznGpHRroXLaOSN22hG3Hr06DjrWXtVWdqmiNLYqM/aQ1b6FtUiMe5rc/MxHJzx7VlKmnLlhsdNerVxetaF2tNy+kRLqkS528Ek4wPfj6VCqQb97ZfiWq1RRVOGjRoQWo+zgRQozg7iFbnP4dq3pVead9l6GdKlTqQbnFOd976mhDCUiQXCAZBYlTkYxx+P+FZ1ayqVeSDtY6Wq0HGOJtd9uxbtY5C2TGVD4IIGfy9a5edudjf6xySV0ku5vWMDqh2gk7s46j6Vpe9ubcFTacqsJXZr6YBhWkgdWPUMQOaqpTitmc2EqLmlOqrX7mxbCVE3cFic7QetZctNOyep6LVT4k1Z7eZsWqBlAkQA4yMdfxqZ1uV8trkrkqS22LduiwurqPr7HP8AhW9KpUd7pGis1aP5G1BKQixoBnIyTzmpVWSlYuK5U0tTWtJFTAjAz09qhTVd76I55023ywZ1FpNHLalWj+8MkDjFNQ5rpMwmpRtFu58B/Hbwh/wi3xG1Wwji8u0eQT2qDCgo4yABnjByPoK3eIcPcjG9zoTWLV1Lla8zzzHyfu4jktjJ7e1YKpJO3Tr/AF0N1Tq14ynRXLJaPs0COkUxZcnrz/8AWrm0cGpb9DtwlWNO8E3b739/+Q8yIzsBwxAJB7806U5QalN2sOc4Yir70vJab/MVnAOGGD0Yg8c/560m5VG5QKqzjSkqNSSs++9noWraIwqwzvJHy5OR/nisXVU9Ow6WH+r/AO7O8V53RFeWVvJudkXqeB0bilGcoSUk7nNW1cqkttl29SkvlRukQTAyME8969CdWcNY6+aLVVKEYvZbg1tHLI4jwH3HvxU+3qUoxmtmP3KqjGn7r790VbhDbMSYcdOhz9a2jN1p8/TscLTpVG5JaXV979tBtuyeYHAyMcKeBn39q2lK9P2dte5hCCprmfzvsXorxgfMfawTjcXx1PauSnTai6cVa/3nVCpiZQVSTjbpruhc7gSqkAHgk9jVU1KhK0na5nVbhSc6e/6jRPJE2JHYAndg55rqjFTlqeY6td1ryfu9ep0PhGNJtWt3cnYZUZuMAqO/FXe79nK1kdVerh+T20JXSex7ZG6xAukKgYBZ+T0zxg4xTp04NXuc08O4r3bJvVa3+RVjmjiLSQSZYsdxzuA/Ot0uWPK3dFYKVKpNxpvV6vsVo7trq7REcRspLMTxgf59KmEtOZFYpzcUoNqT69C9LcWdtZyB50EhBIO8YH4k/Snzub5ZrQxipOCdS0n0Rk3c4mVGjKhlIA5KnBPWiE4ptRWnoZ1F7Sk6ULxlcz7ye4uZwyRkgHaWxn/6x5rSlPRrozllRlhZc1mmTaebmGb7RFEcuNrq2cmreITajKWgqFVRc8QlrJ2t+pvXmpBtsaCLMDb0BKllGBnnHQdOamnOrG7audNdVaEXUqu70sl/XQ7f4T+MP7I8cafe3SjyXlWH7QWwqB/3eM+nIP45r06DjUg4Xs/zIm8NKnOekeVJ3b6nzNG3lT7Vc49+P/118+o1KkHC1n3PPeIlGrGbbbLvmrEA5AO84YDnB7D9aKMFJcttT18Viad1eKUpbl2OJd3mIjELyVBJwe38qj3qjaa2KpUYpupzc2m3VehatFfauYSArsMknGR0x7Uc0pQSiLDOc1JLRX6l62DKVD5wAMgHIP0/KkqcKnuPQ2hSj7VSteK36I0YULwyJCjfK33+4/rWfNGM+V6RJrKWIv8AV4pNPcvRxQCNTIC5I272JAyRg8DseaKkbpuDtYmn7J0/36vJdWaFtERhB82w7uuMEdBnHSsnCE49/QqTTiqb95P8DeskVn8mbERPI49Mfrmr5rJ26FUasad4zW5r28casNwGRyvy55rJ4iNtFubqpyrT8UWxjYyhhlto2hSQOf15qqbjGNkjKdaqpXdrPojasZERCFAWRiGbjG4/5FU7cyT2OilUUPeUXdmrFGpfzMHK5A4wc49PpxWrcFpc2qRf8ST+RoW8SEHA5kGSMdv84rKclYzpRVVN2sbtvFEFBVcHAAKjrzWMZa8y1NoU409Eb1g6eWqmPPGCOmf8K1aabexnOKukfOn7YPhCGe003xpBErEMLK4xxxyUJ78fMPxpwhdtq911OSceaolbQ+Ubl4I5mYZA6AL+tYuNRzu9z0uemqns4LRL7yCWUb8lSQeVJ4NJq6953Y7xkmorb5CK3mlXUKOOc8VE6fs1Zu/6FSXPQ5dXZ38/l/mTRSqZFLKGCj5l/vVjOKhdJk4XDqU1OeqW3/BEmuxACiqNjAA8/mDSjTc48zeoqsXhpSrRW/TW3z/yKwuA+/kBGHckCupRtTSihxUpUJPdrboiNbuCLaHYuB0B5BH1rVU5cl0Y0PYUqau3Z9/xsTW95bvJuEZJQ7jk1klV+07Ho0IxknTTVo6p/luVbrUVmn3sp4OAoPB/CumlBwhda369jz67pyqJPVp6dPwIS4BziRAW6Z/PNbO+nLa5nivrDXs6kbJ+YjSSbljHA9TzRCKacm9jz+WWFupa/oW47xnKxlm245+XvUqjLmlJv5nQsRKrQk5t2b1/r/hiYleW8xs/jTozkppct0YYmjFRXJGy6nbfDmw+16iJY8gBRHkZyMkcj3rN0G5uSd1voc+Ki6NJUX6pHqlz4V1LdJeLcztFIRt8thjpjBwP84rWlXUIpWszuw2Hp0715O/N08v+CZc3h6a0jN3dJMyoCmS5AI6856t1rSniZyTcmvuMYUacI88I2cdVbt5nY+E/h5p2oWNvqohMryREku7HJYcj2Pp3/nW1TELkaX4GVCniZv2rk5aPTokXG8G2unzSH7HCu1yp3Ly6joR1rmjiKrTTZ1eyelbaPUw7yziF7Mi2i/uwGaQL2Pqfwp0qk3ScmVz007z+TKlxLb2sRMsUczdVHO0+maVKHtne9n+RyNyqRlUrzTXTzOV1i9MMsJSIASThMNzjIPI/lgetbqh7OVr3Xc5W74WU4R0XckhiihmFxKvJDK2RwVJ6V1wm5QtGVzs+rQly2b5vPY3/AAzMZLjfbuIXtZFuEGOm3B7j6etdNJ+xUXLVnk4mjHFy5YxScXt3+R5QsCsWyxRkRVByMnArxYV5ytGfV6nWpKVNyat6l1LQ+YFBLK/zEjuB3q5yUE1bXoN4Ss58stYtXTXQtW6XWBJjduA3BuCPw/rVxlhqtL2c7qXkbQwU6c/aULt2tqacZaNQpiMmwbQCO5xzkdev+cV5fLytWumzamng4uOra3RqEBCYggVum0iul+2t3idTqTtyK2vTsTwgwKRukOCcgAnJI9aVWN4WirXPMqzng5OEG7vol+poQx5j2kKBtxlTnn+lRTa53Tm9jsoONSnKNRbFqKJ0JIiwF2oTwSwPt7cHrW8JUedU4O1zKXMo+zUHZdbm3agySLK7liqhWOevTrj6VFXDxu+UcP3rs94/ibcUpVAhGS3Q/wD6q5Z0ozi0tDsp0pNOL2LNszRsVbcu3oQeOa6E/dOZ4d0Z8ru/yNe1XLqQwPfryRU1PhujupSiocvU0YN4jKKQoAxz6cVHL7RJyRNapzq0dDUtJGQqS28fhVJKGlzNNw63RsQ3UUbgBcbBkgc81Ci3qndGtWcfs3sbEcpkTGQBkH7x455qouN9WTTqQv727MvxroEPi/wpqfhm+HlrdQbQ4ySrDBVvwIFaJKlJShdvqVFJO70kj88/EOi3Wk6xd6ZcwbJrWUxuueVYHmlVhCDu9LmDjVdVzpa/10Mv5ZJ/LHygfL8xB+v61y8rknb1PVw0Iqf7129e5GTtkwzHC8EZBBp0+Vpu1rnPVm6c3O7eugsnlxLuZ1zjdjPQfWnzxtorvuaVKzSiu7vtt6mbLP5jtlDuB6N3FbQpe4mjL6450pKT9780QC4mkyBlYwegOM10uCpWilr5nJS55STjdJO9r9Rs0lwdpKnK8bQOMVNOML2maYuc6kOWorLokKjMAVCtnsPQ/nTjTV1Z6k4aEuR0k2/Ia7FXLAFc4GD3NOEW9L3iKSjBOWqBzIWVguN2MgetbU+RKze35G9eE5RjUktWum45hKg6EjPX+lClSTu9EeVNy+23r1LkL+WisM5IxyePrxXNWfvctPY7XUgkoaxSV35k4YzbVX5SMYOP61nGEaDunf5k169OEUmnbpfqei+BPE//AAi12IjxBINkuxuTnHP1GKn3G7p9dDOcqVRqFr22Og1vxV4h8OltPg1WaRmO+CUSko8RUYx24AwcdDXfQhTlFcq9Sq01GUbR91bFLTfil4igLQX9xHfwMQpiukVg3vn73pyD71jUwsZS0dvRnJTlJ1JKT0f4Ho2l/Gzwlo+nRwRafqInCk/Z/NDRYz2YjI9cEH60pxcdIu501ZxozUXo7HIeKvjD4h8R3X2OxJsLcEYRSA3I5y/U8/Qe1Vh46+0muZbaGspyo2te35+gWN++jxme316GISqWmZ2LMzAc8YIHJzjPcmtKuLpwXIots82v7SM3NK6sb2maroOuLiXUUjkhjJkmWPbGFJ44z7gADr2opt396IU6ca7SbUdL7rfsbcvw6sLy3MdtrUSXUQ83ZdRmOMZ255GSMc88nPapnirO6WiOmGFVClKM29TmJfC2vfaGtre/0+4dflAjuo5MH0ODwc8YrJY9RfLNb9l+py11i6Sc4SvHpoaMfw98aWYSY6YTz+9dZ0bco/2QckYxXoRxdOlOPtJJJnP9VqznGc12bf8AwDyyKMTltkeJM/Pjkjnn2rx6VVKygr+p21qs8T+7aXMt9C356QrtK9h95csD/jXXTqyXxQSG8YlH6vSW25ZiW5VhIJIyzY4IwenXNTPkv7q1Il7eU24Ss+zL8RuZf3n3duSQvr9fwq6dOpUV6treRjhZ1cVK8Zbbtal23JuJNi/vGVR98duuaUoqD8iJxnOv7SMttNTXheOR96/MrDkBeuAMn+VYV1yaX1PS0crqXvP8SVMzRh4Ac9dwOO/1+tTCTvrv6ApTppuOrZciRsnzNrE4JPOST29q3tCK54qxwznW96V99zVtllTy49pDYznOM/4U5yjVh+7dj0I0J0+WVN2bNMvKjiOKRF+YE5HXPpzXDQUY3dS9lsViIVqfwtJl+32ux8whzuAJx90Ct4y1vFWubUKE+W7d5LzNG3lRldo2ZflBwcjP50Kpz6WsZSi6k3CLtI0rWVgioQD04IzkUOqk7dTqpSqOKhLRrQ2YJV8tQHGOetS1KortGc6TptczNGFjJGpK7gpPUc/jUU4x1SNZWnpHY2bdwkICxlS3IHYVolaxlFqErQRZDFw0megO7jg1r7RU1ZbmtlFc0lqfNP7Tnw0Uwj4gaPBgqFivUAxkZwr+57Hv09CRTtOPK0tNTKWLq8qhRe58ueWYd7bg3J69RWNedOpaFKLXdsxjUxSa5tfXUjVnP7xiDjtjH506rjy+a+46YKVVOo6nysFy0c0ThEyc9c9PWsIRaalJ2XY9CpGM6DmndpbbepCImhkA3FUPIwvWtvaKScpNX7HFVp18KoucrKVtdxbgFyWCfdxkgYIPuehrKnUUWveIqVa8tIuy790RPKqELtGM9v61qptu6V9Bxryw6Seq76fiNYxTMzs6jHIJPJNEFKHwGtGEcV7STkoyWvqRtJErgAdeoznHvW8ZydOzVjnk5Rkvx6iMfnLrtPrj9cdqGoyjab09BYyT5k4S08hx3PC7r/CB0HJolJSqLm2Jk5YijOblaKt8/Qfbh0cZY5bkZOQamU6bi0lexlTgqdufWXQuWRC3QeTARcEqP6e9TSp05Xcb6f1YxlWk5ezS0T/M0FnSKUlCz7m6H7wrWlH2luW2hEZKhO1N+95nZ2MkXiDQjp7tuurDMtuufvDuv9fr+Nc9StUp/vKe/W3Y3wkJqb5nrZtnLPNIkhM6kMh528/niu5eylrF3bR5znLnkql7/miVLt57VppEAxwpycj681zOmqbSi9zou8RRkpJJrZj7SYvIwWU7Y+Rx1OP8mtoPkp+5HQt1lGapt2jbQt/blJU7Ny7clixx05FVTlJx5paGE6sJLlik2zV0vWmsbdb+AbJIpQ1uobADDo+MZ45/GknJ1Y8y0fV9DglCOLnOnTfL2XZdyjqOtarqdy815f3EgIAk3sSefXJ9+v1q7wjzTptNNmmKVarTjKU7tLXTp59C5o3iTU9BWee0vnVwpjj2Dacnqd3UYGenJNZVK0ZK7SNMFXUIOnU96PT1F0rxnrqXj6jPe3M5Vg+x52yzAnvknGTWlONGMLvU3jQq11JTqWitUu46KNpC6xvwFG4gdT6fT3rn5IUvetqjhjUh7ebpz1t9/kXY/IeXlRuKfKznGGz/APro9opQbi/kbxcKGvLzcyV3fqWIYyY5HumyrN8qk5H6d61m+ZLl0OqHK6UpVFrL8C/awptKxtIiscHAJyPXnvWUasoSstUZYfDQwt/YyaT7Gha25t50uFmBCqQxdRkrjmlWc5Jwtr07HZHAzk+eD5tFe/Y0LdvN2zxKEUOcKU5QdMjviud4ec0vasl0ZqXtKbsr7W28zRgW0EpbewycZVeD+A4FbqjVUb03oVGhCDlV5rN9i5BsZjJDK7LjbuA7A9KU4qUeWS1NKK9q70ZXXexOjYljUSnAwxYcd8miU3BKKRdWc+flqSfqjTjGfvlT0x/CT/8AWzRLnatItRmotSacS3D5ZRHGFYncyg4UfX3pc3LrYuE7rmhv2NeGIOjSnA4xz1yKzk1BWtuY14cy5krNl+CHCxhc4I5yf61EL31E6TsrGlaMp5fbhc4A5olKSXM9jamm3eTWhaguZYk25698DIHFTCPM7rcmD5E4T6nQ2l2jwornnHOT/WteZKWq1HGXIlGG5ciMbZLPIF7gD+ZqmknzG823FXZz/jrTLfV/B+r2Eyq0c1szKpXP3fm/pU884vlSMfZQjK+3mj5a+MXwNm0WFfGXg6Az6RdqsskIHMBOOnsSScdv0G7qwb9nU0a/FioRo0ZynOTVtr+X+Z4PJJEu0R7hk4yB1NZSoNNqfxb7l4h0ZU3G7u9d/wCtBqO2WVGAJ5KnnH0qI0nK0pK6RmqcuWNnbuu3yJSF3EuudpH4Gs2vZy0W56LowTSn7y8ujAnziSSeAAB7VKjCMbsmcMPUpu93YiFi7kuEZM+vp2rV4iMY73Jo4WMpOLTTe6aWi6etyOS1lUhpFO3ru601zW9xmdXByhS03XXoRC1LOV34x95u1dE6ko02pGdGnT53Rm3drUURqq7FyWU8dhWane0p7Eyowox913d+uwsfKtGVwMDGO5olyqSTd0a0IxlzwesfwuOTckgUgls5HrVS0j7qsc0aKpVb1JXv2/IfJdvG4ijZCiNk/wC9VU6blHmWj/MlU539pRasnt/mmXmkZ1GwkZOQSOvtW1GcoxTcdu35nPi6cq3LVjo/T9TW0bUHguw/mOuD1XK846Z9K2hT503G2xjGm9FUTV+rG6umbp5ISwRju49+38q46cXJO/8AwSJ0Ie0jGpLVrZb+RSmkZFjjcNvYnIz8uK7HTlUgoRaaX3kvCulSfPdT2+X6F7Yos1VIwWBAOD345rONGanyzlYVKnLl54RV157FlDGyFQgGzGVJPP51yy9pWg3TlqmVBTqqUoQtJbiXdwvmxqjM3AAXtnuPSujCxnCo3F37kSwqdSM4VPektrfhcVQxyZSu8Egc88+nrU16kKUuWPz7Gk6zowlTmtvLcYCJ5iQRgDCjf1PrWVKndPlV0zjw0ablJ1m4vfyLEURRwWIUjOW6/WkuZrlT07Gqw0lNSc9DpbayJcTFFA59sL6/Wm6qrJqpoy4YKEpObWi2Lu3zMSJANoAwGA6ev86xpUXFauzN1Vq1qvO4qMV08u5LBHvyZZBtfnbnnHrROylrrYKMXKc5T1i/wNG2t42nYmQhVYZPJAOAen5f5FaQqqpTvFL0O6pgqVCqsRKTcbL0NOGOOVzGHJ2k8scEemR/SoqTqqPMkdVGvTqq1LbqWCPs8wdiV3AK3PIH5dqlzbvCGo8RGVWPJH4bdS7Yyk3DLGy4T5cKCCMd+TzRKLVO0rps83DPkquEfhRdhZHk2NnC9Mfy/nWlOD9neLubr3Zy9m3ysWKOV3EiyrwTuU9T/nFa3bV5rU8xUsTb2nPpe2vU1/N8hCy/ekABK8nrURcqr9nJaHpuvKmtd2WbaS3lmaBQzY6MAAKmVJ7JnJh68Ktf2UGbdgz7GRmUk5ySetc8qLetzsXtZXjvYvRyKAsm4qGJzx1/GqvOL7mtOrKrC7di7AqxgrGOO/HX/OKtz+tWTWxnKl7Cd4osqkrDzBgEYIHYcev1qHFx17G06bmuaWhrxy/uUE7AHpgt1GBTjaSvAalGC13L0M6IFIZSCCFxRy333CC9oryenYo6/wCI9L8OafLf6vcBINv3W+859Md6JNqPvaCVP2nuxe/T0Pna5+OOqXOjz6Dp4WCzs99qMEM8iDO0EgDAC7enp+FQ6DtHn2fUtVIVlzpJw6nz14lWFdS3w7VDZbaCMA59hWtKhJp2exnUqU5VUqb1MuCRJA53BGAyQM4NFTmi1fa+50UMRL2jjVd7rdEizNkKijHXnkZ9aiVP2j52/wDgG6jypKF7LXceisrgiMHJ+bmsnNKNmzGnGcpKclZ322+9WJckAYdVI5bP8qySTfNyux2z50k7rm7v9PkOkmimyrsPYLxx/KqUajvOIQqNvmnPmRTkKgbARwMHnk1TvJc0jkr0Ixi5UN152v1a6ld5VJxgEHnmt6cWldowjiqlSLUlrfruCjZgOyqp6hRz+NXz3dkjnrVp4VRu9+hDPP5BO3AftnnNa4d80mqmxFlTk2tJLVEFizmd+hHUk1tVS0knoc8Kk6Xv9TZiLMVfnapAUNwD61UZWjorvX/hjmqVpOzl0exoWk6eYQx34GcYyc/nV1YNwTi7M7aU6c5Pmtt5l2WaKRMFXJZQRkd/aso0pU20Y1E377hd9GZMsrfawGQvs469D61vhqcZNyk7BKrOhTUqlnNt9b/eXre5ZSD8o3c4xisMVJuXsuvcn216lqsdlpZblppJjI11MpK4O3P88VmnClDlhKzInOtz80k7EVvKR+9lhJbOQMnr6/Wt5YimkuR3KpRUJKVe/lbYtRyPDGzrw+0jLDk1Diq0WktGTDE1U+RLzu92SWsMaRIY0TIAyO4OemPrRNTTbnJ6GUYVISdSja+zT2H3Ej702ooQNgjPTPauTCrnneJtKo6D5a6tft0OpMSzx+Ysz7lOGVWyR/8AW5q5Thh4WSu7k+x9vS1n7yevL2L0EKpleTuAI3dSP8/zquZqNnG78jslg8NRqJRkpSa7liEEJ5ZVuGwFxjGaUqU+ZTi9XuFCbUU7Wd7Jdi2sUpKkS52H7jLz26Hp7/nWcYc0kmzHE06kpcjn8P4+hqWkTgupwy5zuHb0xRTqq7Vtu5rRTtKnCOu9x87mSXy5SXOwt8w9P/110csZRcqas2ViMUp2w8o3ur39Ca3heORSChR1Xkj7o9P8+9YRk1+7qSdyMNFKUeV/8A1UAIZlOFIJwRznPYf0pqKiuWKsgr4qV7xasttOpPFHvRGID5GB8vQYz+dW6sYXg9+43iHVoRcrN32NK08qSQxupHyjcR174FRGrOUbRkaRxUKslTlHUu26cpKJCXI2jJ4ApV6c5JdB1fZ0Xek9zUgjePgoVJx9RSUfd5GzSd3G6evkWVk3RgSOuBxtA5zUycE+WC1MsOpOm5J6IvWbbFDZ4I5BrWL5Y2aG61beGxaUKqjZIQdwJHZqztLZ7GlVSnBOT3eqLsc4VfnUkqTz7fWps1HmWxpOVNNanL678WNJ8P8AmRWipcygbiyjMYPHG4dT9PSodVP3VuKg170+nlqeDeMvHGq+MNWa7vLnKKB5UeegyMqOcEcA/gaFapHkabMMTXhJqz0eyej8zhLieWz1KW3gjYpc/NgA4zwDXZ7FVIcvNt3IlKlQUo623svM5rxQHLBQxAjAAJBB6c/U81OHW6i9TKjWVSL0s91d2f3HN2tywYwFxkng4q6qnKGq23NVXmoWnpbqWZJ2Ul0cMPulc8YqYUuWTWt2bxxcoVmqa06egpuCE4XaWU44z9KzlSSn5Lc6FinTg6jVk19xGZyzhSc56k9qtSqatPRHFPEyury36+Xox5uFMbYkJGcD1qKNNxab+Z6MatGNFOMvuIXmJTg4I55HWnyRlNuPwo4r1Z3lFpLYh3CPkgtubniumMfaq60sYQW1Set/vFNwzsGZicYAGP1qZ0+Vc0F8wrVqmJUYye3foVpZCST0bg5P+NdFFKcLvcyvKbcpPUltMvMVKk5HODWad1ydA5oVI2lubtq4mJjKsQOAgH86uMakYc17fcaPEOco0oq6ehYhTypQhABJ988VLqSqrV3scFeEvaSjJfC/uNZoyQDgg4xnGVx6D1qfaKSsnoaRxUqr5KmyM643JMJWbDOwDMR39c1gpulUVtUQvq85q0rX/MdHJu3KznrkHHBNdGIoVopSjbXp1KUZ4ib552Sv6fIsXF1MkCwFlkLHOQOwqHQTlduxn7epQl8aa7WFghZly247z8qA8D86dSFNNUpNXOijJ16XNKVrPYuLHKrxxbMbV8wgdM1LrOm99EZKhiVLmdnbWw97mXy3UgNk5DNSf+0O7vG34mNN1MM5uvHR6q4okHkpvbcwBycALnHrUp8s3KmtF3NsPKFRRnOWvn+R2MED7JZLhoSikg5xnA6HPelaDhGSvdm8aFalTlFpJdb9izHtkijYgSK2BGB94DqT/LH9KhSjKTTdmaOjTxX75tXWiSWvqy6LdZHSXcqsvOM5JPvW0MQneNPVCdNQ5Iy06rumXLdyeFIVgSoB+8O/GevWsHHkqXWqZM1UjUaS16M0bdTHEC7YB+9uGO3B/OolVSkotb9jaPNCnFz92T39B7xkRqzn5jxnOWBrojyR9yUvMc4qnDne3dkkcMBTe0yuY1Ckq+D71yS5qcrw2M6kadVcrd7LpoaFtMvmIAnDZznnv/hWtO8ruZzUakKlT20Yuy/q5eQiKcbyMex7e9a0ox5W1udaozWIUp/ItJAQrbJFTd6vwv8A9es1NJ3a2HTwzc5zhK36ehoWojji+br055/Gqq1qkmko6EuiqMLtXf5mhGyFix2dBkgfpSTTTbNpqEvelr6D4f3rq5wE29PesuaPNfuZ+yc2nTtaxsW8yoozGT6H3rOp7873tYfPKKtJDby/hsLNrqVgEjyWLGt3yte8y0uWD5VdnlPjH4s3V95ml6RLLBbnhpQMOx9j2Hal7Nrd3XYUrwcZTW/5nmt9q5nUwwXJ3xj+6cHucHp/n2ptQhdctjshUjO0I+7bdGJPdcsi480KQeOhI4J/OhTnF81PY82vGlUqc0NZoqXaPbxw3pP71WC5OT8hGDn155p1K6crW1ZtOhVUbxSu/MyNbt83APmbsoCMk4x0pyv7NSlG6OH2UqcU2+b9PmcZdqbW6YNkE9CDXRrKN47LodPPNxUmSBt6orMNoXOe9ZzqucuZbo6KVP2jSi7JbjQ7DAAU56A0pTc22y4z5ny736MjciNiCWAPQVvCU60eRdDCapqa54g82xAEGMjmsINu7lqaYjSlFxsvIbukkxtJYnkgVacKaaSsc8YyqLlihgJ6Nz7CrUuSTVgi5wk6aV2TLIQu58HJxu9KzqRk472XY6oTnGlKcldvT0IJFTIZW4PcitqcrQ5Yow9nHl527eRY08BrjO7BAz0zUTcuTbY5ppOKUVqbSTeay7zlgfl2j0/pRUUqCtHVdblVPau1Kk9b32sa2nqXXzpxsYZ+p965nRcZev3GbvGUo4i/5XZqShXhPmqwB54HTA6469eM+9c7puMlKmylUdam0ocq7/oZOpQR7N5lBPbnqK7aK9tJ6JNbjhhoxiqrenQhhDKiqJSAx+6O9b1W/aqVPVrvsafU6lODlz6LYluCj3SIsgIVRubHQnr9a56fP8VV7nmx5feWl3uWrcqx2wxlmPOemePf6UU4ycrVLWN8NLmi6EKfNfVMne68mRvLJ+cYVjzzxzRTUZTfLqdEKjpVvdjt1YwI0skqiYsUO5uD0+ma6W5KCnZcv4kV6X9pzd9GtW/IQ3cbN5jByGwOmMVxSoSqRbbt8znio8i5lt8jvE/eqzTuwQn+EdD9K6VOmnHZyNsPXcqcq9a6T09PVGlZxFo1WQHYpwrLwSRnt+VRWarTapNX+86qFRUXed2u6X6EximEYcORHkkd/wDOKjkVF+yvqFRKqr05NNde5aEqlN0aMWzgMQcjjnjt9KIykmotWX5mSxVRv3Vr3LsYZoVn3BkYgAliSOOhHY9PasKdP2UnFqzZxzqVajU7ptd39+g+5uEWERO5BJG0ngketdUKLkrS3NsRifZUFQfxyel9NCzFAVVDuGcbiSOSalckKmrNJ4RU43bXNuTwo4IYzhdw3EZPp0A6ZzVVGo+aCNCcYxqOSUWaNswmjBVhlTzjqe5/rUc9OjZvRM66LrYylJp6Re639C4t1DJGq7gXYn5WOMFazjPlndLQX12nVpJQj73a+1vIvxMuxJDkP2+Y424/x7VrKtGo+ViVSKpc81dl+NkYq42HOOB36dK5bWfLB2CH7yPNFoltbgBm2AcMTnv7itOTl1vY0puKVlLUj1XxRpugWbS6lcojHOFAJduM9OprOcY1JJR3Lq1IuWtjxXxl8TNQ1yVDsENuQQsefujGCQe+fStqtONF817M5IYmnUoe0nHR/wBaHEvdrKHmWaQt1+fp/wDX4p0J+0TdrWFTngcTTck2rdwjmlRQULEYHBHOP61q0qr5pvY7lXUUuQjt4BPKLkh3Q4GWPPToeOnvVuDi+VrQyoPn5ny3bJrtCbWa2Kj5UAXHJJ9feuapeWstDkXtaE+Sdmkc7Lm5jilYjAUBwx4JHWuiUpWtf0LUYzk1GVlvbpcwvEViUZLhFX5fT0NYU52XJUk2+hj7erGS9qlpt+hhoSr8gnuMnAreEeaDa3NqcpQkpSJWkTZnZ34J54rDR2sdM60J0+Rbp9hkm0y4I6/gK2UHSbVN3FiZPmcnYQGPBU4OTwe1KFObSkt+3UiNWna89xN2CQpwCeCKGna8hwqpOzVkGDkdGY04TWqexnKcpN8vURtyjYRuyaULu8exMKl4uC1bGSEHjGABz61rRipx55PqQpyj7rRd03O2R1GTxg/jWraTSCTqVqsVDfc1rVN+0TnG3gnpxnpWU2oTbppu4fXJzq80tVHr5du5dbVorSNYCWY55Oc5GOntWV4t3elwnVlUUpTTT+/T5kT+K/lRGhfy1OTg4P41p9UpQl0d9jjhRkm3GbsvuuON9a6gfLiO0FcqDnik6XLGSW6NedycaFrp/wBaC6fIJ5h5iqZEb7vA596tU+WNkzSpP2sFOF2107ruPQ5uJpUbbhtvsTXHOs3FLld/09Diq4uVFKUEt36/8MW4UkZQyc4OcA9DW0atL2q1/wCGNXjFWcXRjaZHK0lw43S5Cnhhzx1rZewo3mlp5dTpxdeVZWVuZqz/AELSOZFdhhnwAQvqOh+lcLXKr628zDC13Sg5Reu3r6DHfMg3Mdv3sFRjn0xV09YOLW5jUxFOzdXV/wBdD0pDI5EcykxHIGTnn6g+tZtKC576ntV8RKvGNKUbxlvZdh0bOH2b2yTkrg4z6/r2rswyo+y56a+ZxSpVr3pxfKu5pBI2h2nKrGeSoxyfX8ayxc7VlK+5pj5fWYqFZWiv5dNfMsbAkSCR2fOACOu44/PjNZ08S6tVp7IurSdGipq76EkdskJOyLJ3hsgZyevU/Sqr1o1JWjo0cEKdOjJzjDVO9/8AMuLFJGzSKFfIxznIz/nNYOrtCUreZ3U6NarJYmqld9HuTRpG4CCT5hgkc9PxroiqkYWiro0eHhTb1V2WUjRthn/dspwpPQntRBKPvLfsQ6LrTXtHZLbsXYFKt5TkbQcYzjJz1JrCdn71jOmnRcuaVvJdSUAC4zsCytg7q0ptrW2gVaVH6wtLSfU0IfMZ2Im4UBSuOp68H6VlB05qzRu6bm+WL2LQchhuABXkZ/Lir0fwidCa3KHiLxTZeHdOd50Ms4XCRqfmbPHf8+3Ss6kJRs0OnyU9GuZniWv69f8AiC7Mly58zqN2QAMdfyqVUlSkl+RvWVKq1B317o56WRnhVAXZgeMAjHHp0xXVWqyqNSgvUzlhLQUIN2EgSMgIQ55ByTxj2qKkqkHF016nNTwcKNTlqbbtrYkPmtMkURYN2XZnvVqrpzLVPdBCTlUcqSfKtPI0IYngQqGyoXJX+vXrTVedW72sRh8HiIylKnJ+jIlcIhlMmHQgjHcd6ipOckkmRTm6tRa/M5sOFlnsXyyIS+wEdG7HH1ratCLjGpFO+wRnGTbTbd+v5kN1BBcQlXQbSTgFsk/5/lXNUnJSUrXsdU6V5NSdv67nJ3sJtZWG047Zr0VGUocydv68i6qVKXu6ohLxhlxkZHzH39q51ScVZke7OStvbUc0uR5YBPGOvWlyzou9xznN2px2IyuGCsuCPXtQ6jfvxZnUjKLUZKw5Vw209Bzz0/WiKc6d073OinBO0HLzGMRHkDIweOetaxhJNNpGdfmp1Pd0Aljg7sjtmlUsneGpmoNu7dvMb94gAYLHqDQ0312J5nGbdzUtkWNBCQPVvw/pR7NpXZhVpSlUslqzQj3GzkDbemRgZx+NKdOVL3o79fR+RTpQoQUnK8k9uhitkk+YfmznNNuWluhtVbnZzkJIqlxGX7fNj2qnJ8t2tP1Ob7TlugR3hlEqEZHI54PtmtuZONpI6ORRjzRevkb+lTKZpp2yMJu4PUnmuarP2dJqJzrkVPRO67d/MIGeWJtiK5YEuOfWuelGM5pTlZdGdCo/W5NUElZXZozBILE5ZDn5QF4P/wBepdWLrK69Ow6mDp0Icz1f4ha7I2VpItwIAALZ5qK+Jq1NNmRe1f2kYLVIVZ3Vj8xTIIyRn8K3VnTtP3jgknTk6lO90xjq6Jwc5TIbH+Nd8K1LSCtcnEJx1cLSPUpXQpJGgAxuJfJz+A7V49TD1pvRrQ7JVZVq82laK3d/yQ60kimcFQRsAbIX8K61QdHSMdzvw+KhjKsoxlst+xo2q26QOfMHJ2s3XOe+Kiu60lFct32LweGUISdTr1vuXFOIfLcqzK3J6jPbpWclUqJPltfdF0ZxoRdGTUn07/MjnuplJRgjBD90cZXvXVDCQkrvQ4cRUqUoPkaV+hZS4E8YlZGDnC5J5z7Hv9an2EnPljZo3VZV8KqkFrbW+/y9R0D4IVJjubkhx0PpWtSlOnHmlFfI82EHRqKTd3Lv0Nq2mjG1QpGME5GcnPFTTipStPqepOvRoLkkyy00URM0Y78hhxn2rOVBczi9vxOijVw9aL5dl5b+gitbvL5hXDgkA9QD6VnTVSzjHbzOStXpytVa1T/q5aifd86SgliMHHPXn8OlSqbpz5pk0Yzq+9CW/cXUNQj0uya5u5iVjGTgYI54H9KuVTXlSNVOpTj7GUr3PEte1m81a8lvryf94DjkZ2jtj2Ga6pO0bUndMzp86pSjF8t+r0MSe9GBvJVwGXIX+HnmuOlCqpNp/Iy+vQrSXtZ+8tPVFVrtnhYIQTwik+h701h5ylzS2JhVmpS9nNy6ISC68tWIAIUkZY4PFW5OpHmaskOKmoOpK0orR+po2BCoNrO5b7p/nzUQw7ivdWh00XSpUFTpVN9yx5pClnUgqcKoyT05PFXNS0s7ozpTqxUqUtbbW/NjH2BWaUcKCAMHA98Dv7/lSUWnbuaSw0aS9969uhh3JQX4lwoE6Fdw9j15rfknSjyzei6GnND2TVO1+pSKMCSH3BTnGOp+lZOSmmkY/V6k/fcrR6aLf+upQv7L7aGcxg4PUdhjgU6X7pKDWhMP30ZSk12V/wDgGJLYTRDLAbV598U5zjGb5epvClZK9tRmVZiV2gDkZFZVHZWLqRdf3YWS38yJkyN5fJPX0pw96NkjOzn71R/0h7cEqVBB5yR+tKKW6ZXs3Skox6/11I8jcRuHH8RFatcrsupi6cHNuMhrHA27g23rjtWygoe8hyTmt9EWrKIsBIyZJ9T0pyp+4+V2uZUqarz9io3ffyNO1iQyBGGQVwTtyMZpXm1dfmazhyXSlsvU11jS2hdZokRZE2jcBXnYiNb2rabvuedUr2ha9n/Wpy4VNzb/AJtrEYxjiu1c/K3B3ubypKdHnv736DZ0USIIlyBx0rro8s3yzeqKlCmkm5Xb7dB0iKIyRH19+cVjKHJLR/15ERrqMVTha73v/WhpaZIyWkskSncFKksOg/CscRGda1PZM2hT9nUSh8Wu+3/Dklm7AAoCNoyccZq6lSlSj76u3pruvM4oK8neT039EXJmZ4AjAqxb5V69e5NYqhOlBSg9Ho/I1rQcGvZvfz/Ec7PEoXYoKn+IdapQoOaUXf8AMqVOcKicHa/cIrxMEsE35OSFzt/p0rWpho4dWTvFr5k0506NOXtFfX8R99dyTWaopQMwxwpLYzXNRUPbq0dDN5hVnONKK079beZ6ulza5IklRlILOzYwBj9eaijJYmLdNWHgFRhPkqS36taEcF1Zuz7JoZCfu4ODgn7vX6VdWvVopRY6dSdKpKnFJ367FyK6sEtlne9Q7QQf3gwG98d+P1qJYqUHFwlozojQnXw6lK9+iQqapp0Ubj+0YhuwQm8E7sZPP0A9/SnKv7SSSTb76hh8PUlGU6je23W4Sa1pbRr9o1G3LM20KjDjj696reSi2zKVCVOl7TErd2VhB4g0JRganbBeQp8wEA4z9O3SpdacZ8lOLsdKw8FBKmtOrJl8U6FKylNYtgQPvggjgHJH4UKNelfW67HBVpVKtO9CVmvL8TTtPGnheLEZ1+xRCmWfzQCccYPf/wDVSdVz+KLTPTVKnTcaUFzNrf8AzJJfHvg1ZVE2u2jR8Bf3mevTJ+la04Oo7002xwwynKzemhFH8QfB0SkNr1p97jax5AJPUD68dalxlyu6bRNeKwydKDvcuR/FHwVB+7OuxEvxkZweeO3HX+dJQla7X3lRjKKSnF+92Ob8beNdJ161iTSb5p4CSZHUcFgRgeo6H0qKKqQd2ve6HPChClVlOTd0cHeKbgOsSFcKADu7CuqFezu9PQ4qzqV5+yhG3bUzLl2VEjwWZeCexWpjRc5+0ehrQwtL3YTVpL8fUhQRoSzElnGOBwOelWqcqn7ts2WD56ji5a+Q9Y2EmwhAN2cHIAFSoQjda3QqsZ0F7ktXujVa7tVVfnEZjTczDGDz6Cs6k50I3k7s5nGU37O1nu2RvrdtBu/fKAo+8PmI49PWroKVdrne+ysdOGeLpU7U18zI1LxRbLFi2VnkYfMG4FYzpylN8+lth4mMpRjKtJ8z3Rzmpajezp5zzZ+bgCtqVKUpq5pKFWNO7ejNnRjLJZgTc443Bs/gcVM7QnpqRUoV5RVtmSfZ/KULIGPmHCkduea2jUVWSs9jNYVwhFyur6EMdsC4SaPcnINXJKTU6b1NopRmottxWxVutKTcRb5TaMk44Fc8aVV+9PZ6GdGVSEpLmaTv/wAMZFzZSQMEkRQGH3gOKmXNHSPQ66cqVdJXeuhAUD8KwcdOTjgUfw1zPS45v33SjK62uxDGQuQM84wDmlCXSWqMIU6jTv06jAC/yhTjuD0zXRacmmn6DSlKPJJ2RoRBAdicbvfpUr39GtDk55xndu3oTQXnlSMIwBnn61cIciahqXVU4RShrfViTTzS/N5pDP0APH5VjSp06jcG7PzJhSo1ZNy0a6dCtGpdgHU5Y568VUXUhU5YdNCpUKkIrX3R08J8xhKWB6AA1rh6yV+q89yKVL2f8W6Vh8Vs/lkYIAAPPWtK0YSs5uz+81pSg9ZRuvxLzRi1scKwGSN4xnn6VjKspS5UvTUVTDe4prV77iwRSRkybsngEfWnOUKtVKKdrat912MvYOrFzqXT6v8ArUuXLMyQqw2kZOSMdc+nvRCMVJ2lo/6RpXtOmlD3m9mitPIWGxSHdl+XB5/GqjKLcvZy95eXT1G8Po4Rm+9n5eY+ztgWIbJYYDHp+FRWm6sIyt/X9WMqlGnKlGDb5myQIs1/vdtyQjAHIH/16zftXBt6XOipQo0FCfMnrZ2/HXucwuo3jOP37sOnLGulKjytJaiXs6e0boZ9puc4aaU4yDzWrw8a0V7NIqNpu7EF1dEgiaTJ4yWNYKhFScLamkJzpNSiK1zKxUeYy4z361tH2tKXPa62OePPGTkm7sVZWXJfeSRnKt29KmpB1GoU2aKMakXGV2xDPKwJZmIPHWko2T53qQrqKhfQUTMVAXIIPatIt04c3c05V8CWgheQndyAPXvTSim+VadR1XF2j22FMkr45B244xSo8k5OysjB0+SXL3HbsNuO5Sp7UPmknTRtTjTpTtMVFkJGGYkkZx9axjyupZsHN05Lle56Pplsltp6WhyHVNzADk5PXP5VlKpzSclr28jsk4SU+daole4+0jAk25Oc49KUafs1zW13POpYqhUqez1iu5TkYsjttbry+7kjA4FQuZv95oj0aNKlzczTku5AJhtG6IguByM8j1FbVpSozWuxCo1KDlUcbp7WJHMa4YAFW43e1O7lpJGMqXPKNSKfmU7mBZsxbimeAf8AIqZJ3v2HUnhpVPZyg7PX+mUTZGCYpKSVYnoOCfT3pwc6nvKyt0Cu4052hGysSPpqcsUKjbnLZ9egFSkoSamrvy/G5pTjyyTqrmuvUpPYId0QBJPK+3vW1Kqkttjm5KNOpropbb6X6lvTJ3gAZUQiMYYHnnmuWa5o86lv0RvdKqo0pXSWtr62/wAx0msxBlLxOduFPoPpSjTa96O5Faq3JOK97f5dBbbWrdLgsQx+XbzyP1qfeindGVBRp1PaSbktdOly21/ZyKWWOXbnngnj6dsGmlOmveab7GsZ0auqspPzM+Z7OZMBxzxyMFa3cOSzmuZsxqYJUo+9ZX2fp/n9xkXliiZaM7h/ntSgpzblUWxvaNNRhKLX4/MpJyduPmPb/PSspWlHUpKMPdm9LlqS2ETwoiHczZNdiaUbTWlr/wBeZWMo+wlzktwqpEsSrhm7AdqwU3zeX9aHnQTnFOWt2MVAFBI+ZfStqfteZzgvvOuUE4c8nZDynmKSrDOcjNTPki1Zarf17l0o0nT5EuvUIR/y0OQQeQRW1NJK+9/PoYTxLpz5VtcnjiWRy7Qnd161y15czvFaLSxNWE6jTWt/MlbP7wLG2MAA46ewrmcoVVyXsVQpOMGpJ28iW+kEscaKpUKACevGK2o044e7lqXKHt4xp000l+fmNhYzS7DlhwBnIGPw71opqn+8hF27+f8AkaV6sZLmS12sl95Pfs1vNlBKRGvzA9DjuK46CjKN5PdnL7N4apyQuno/Up2LLNcyzAElvlTcema9Cc26TnS93XXzNK1Wcal1d9rrV+T/AMy+FEMboAd7A8isalvZc627GOHhLEVvejq+nb1I7RmijbDKnJLKMEkDvWlZSoKDkr3FiYe1boyXwvZf59TGOgagiO7WzhUwWOw4BzjH5kV1Qw8pSUbe9/X3lfXITUlTS08/yGDRdQY8W0uW55jPSq9n7SpZPRdjJYi0rdRn9i3aN/qyQvWk6VVNumvw/U0VRSirdRZtMmRVVy6q3qKuMZXlGpozb2nJFxk7eQR2AdgkbHAIBwO3vXJUU+a8Xe5nCrNLmgvUmj0RzGQWGcjB9q6VRqNJVF/mTKty20+LZk6aHIzlAz78c8d/aspxS+G9r/gVTqVOWc01o7b6j4/DqyPJGZmUqvAC5yc9K0jH2UE1qzF13U1Vr9vMnfwuI8K0zgHGOOadFvm95WTuZ4rESw8k7fIll8J2zMEhvZNqrncwB5/pWEGoSc5rToc88dGKulc6nRPh9otx4fm1v7fc+fZyBfKKjaWyMfmAf0oq1qcZpRh70j0MPQr1FCUre90/Ihmdk3sUfpgHdz9Mdf8A9Vc0Ypvs+xUlLCwaqXk5aa9P8xYpYoQN8LZZcEgdPWpnzVLxvYcKdPDRTqw1e5A6HezO58oqdhB7VpP91S5be8+5vhKqhDmb92+n9XKj3B3cPvKcLg9vXFYUaNWrL3ka1cbLlcZSv2SZMJVlBA3bThsbscd67HCrTs01dHH9Yap/pcdLJMzrHG4AYg4Y4A965oxcpNt6oMRVq0ZRnz6fgiPyw7MGGQ2cljgYz1FXRfKnUmzCVaLmoTTu3vsIu0R4BaXPYLnafx7VM6lSU9LWO72sacHh6U+ZNdOj7FORWzvY7Ow/lzVwmppqZxzoSqQXtanTb0KtlILaa6QnYAQVDc9qc4qpyqLv+BeExXsby8rJDwj72dFJ65OMnJFc042a10X3f5mftakqiqXaXXZv+vyGwxRqcqCpPqBXbzqavUehP1h042W99/0LcERileKP5QRk554Nc9X96nNRHDmrVFGlbm79Pn5kc1jCrfaFZd+chfUe1VTxDclG12tDeWE9nZTl719fP0IZbSIneJSp9hg10vFJRdNR1R0ytD3aWj6soWVijXDXDxklD+Z/xrz/AHld3SCnVjyyrt3lur7X8yOR1S7cq2VQcZ6Enr/hXQnOtScdmjn9tF2c3o9XbuyMM1xIWMnOOh6YrSEY0o69PzKsqsr3uokqptIOQo64zn3p+1nNuk5DVH2srqVriMnVAAG4OSe1cym6UlHdlwrwejtddbkqRD5vvFhyOOo9autGTkpxVltr+JpWpW1mr639USWLSFmjjBO5iWOe3pTlSjJqc3ocr/e+7B2v+Q+dmMwgj4VT1J6AjuazoQSd4vT/AIJc5PDR9mnr/Wt2Jet9yEO4YdT61UpSqTbUNOpz4Z1OZznpF6/iSWUw8/C4+XPbPzH/AAqlCbbad10XkbU1CnUdSm25ff8A1+pU1GRXlwJWx0+vv7VXLBe7Nay28iWpxbqxk7PurP8ApE+lwNHEJxneM8EYz7iqjJ04ujFb9f0MKtV1Jc03ZLr1/MLudnlSEpgbtwBPJ/PtSgpSg11W5lhaTlCUY2cu/wDX4kyNvlCqq/NkEqOOtbwoymlJu3X+vU3jejzOrJSd+/4n/9k=','{\"lat\":\"-7.3309465\",\"long\":\"112.7238842\"}','Jalan Bolong','PUP@2022-3-29YFnCe','Pending','2022-03-30 09:47:34'),(5,1,NULL,'','{\"lat\":null,\"long\":null}','','PUP#2022-3-298KrWG','diajukan','0000-00-00 00:00:00'),(6,1,NULL,'','{\"lat\":null,\"long\":null}','','PUP#2022-3-29P6C0d','diajukan','0000-00-00 00:00:00'),(7,1,NULL,'','{\"lat\":null,\"long\":null}','','PUP#2022-03-29QdSRi','diajukan','0000-00-00 00:00:00'),(8,1,NULL,'','{\"lat\":null,\"long\":null}','','PUP#2022-03-29M1iTE','diajukan','0000-00-00 00:00:00'),(9,1,1,'data:image/jpeg;base64,/9j/4AAQSkZJRgABAQAAAQABAAD/4gIoSUNDX1BST0ZJTEUAAQEAAAIYAAAAAAQwAABtbnRyUkdCIFhZWiAAAAAAAAAAAAAAAABhY3NwAAAAAAAAAAAAAAAAAAAAAAAAAAAAAAAAAAAAAQAA9tYAAQAAAADTLQAAAAAAAAAAAAAAAAAAAAAAAAAAAAAAAAAAAAAAAAAAAAAAAAAAAAAAAAAAAAAAAAAAAAlkZXNjAAAA8AAAAHRyWFlaAAABZAAAABRnWFlaAAABeAAAABRiWFlaAAABjAAAABRyVFJDAAABoAAAAChnVFJDAAABoAAAAChiVFJDAAABoAAAACh3dHB0AAAByAAAABRjcHJ0AAAB3AAAADxtbHVjAAAAAAAAAAEAAAAMZW5VUwAAAFgAAAAcAHMAUgBHAEIAAAAAAAAAAAAAAAAAAAAAAAAAAAAAAAAAAAAAAAAAAAAAAAAAAAAAAAAAAAAAAAAAAAAAAAAAAAAAAAAAAAAAAAAAAAAAAAAAAAAAAAAAAFhZWiAAAAAAAABvogAAOPUAAAOQWFlaIAAAAAAAAGKZAAC3hQAAGNpYWVogAAAAAAAAJKAAAA+EAAC2z3BhcmEAAAAAAAQAAAACZmYAAPKnAAANWQAAE9AAAApbAAAAAAAAAABYWVogAAAAAAAA9tYAAQAAAADTLW1sdWMAAAAAAAAAAQAAAAxlblVTAAAAIAAAABwARwBvAG8AZwBsAGUAIABJAG4AYwAuACAAMgAwADEANv/bAEMAAwICAgICAwICAgMDAwMEBgQEBAQECAYGBQYJCAoKCQgJCQoMDwwKCw4LCQkNEQ0ODxAQERAKDBITEhATDxAQEP/bAEMBAwMDBAMECAQECBALCQsQEBAQEBAQEBAQEBAQEBAQEBAQEBAQEBAQEBAQEBAQEBAQEBAQEBAQEBAQEBAQEBAQEP/AABEIAPABQAMBIgACEQEDEQH/xAAdAAABBQEBAQEAAAAAAAAAAAAFAgMEBgcIAQAJ/8QARBAAAQMDAwIEBAMHAwIFAgcAAQIDEQAEIQUSMQZBEyJRYQdxgZEyofAIFCNCscHRUuHxFTMWJENygheiJTRic5KU0v/EABsBAAIDAQEBAAAAAAAAAAAAAAMEAQIFAAYH/8QANBEAAQMCBAMGBwACAgMAAAAAAQACEQMhBBIxQVFh8BMicYGRoQUyscHR4fEUI0JSFTND/9oADAMBAAIRAxEAPwDZEuElBUDg/M/KpLb0EDInHzqA04oAJBmeSKkJUUgKnKTNagN7FIhg0PoiTMlaRuTAxJxOKeCwiDuBiRERAqCy4CraMU+vcUAZyqQR866RMEqpoMIBaFI3ySdpHqP7UsKWlABAMc4qM2oBeycn8qlZOcgTIPvUGNrq5aRr67pSjAAAx3pYACPJIAwRHNNlP/ukGYGaWZjIEex4oYAJuuaYAA0TSm1NqSpIG3v/AJp0721BUjbPccUoyqQeBxjj1plKXNoDjg/F69u1SYcdYVnARDUp1Kd0HO4fqahvznaJyIqeYV+GCP6iozraQogcDmq5zspDLwN/qmFqJEZgJjnmgNkd/Ul8+Umf4aSZwAEj/Io1cLhJKf5e3FA9IT/+IapcK4U8BH/tSBM/SlMRVLYjij0qbRJbdWF1QU2TkzjArDvg9rqLvq/q60Du4reafH0W4CfX+YVtNytf7u7sO4bT34xXLvwP1Mt/FW5t1vmdQsHGgkGEqWkpcOPWEHmjh4DSR17Ibvnhu9p0XQevKULVQRMqSYPpjtXGHUN4xqPVFwRqDyHHFNgNJkoUPBT5iJiZ3fYzyK7G6rX4GmvuJ8oSwsk+gA9/rXBvTmqNar1K0XwpTseZcYlLcHHp6fICodDqL3cAmaIDHNLnWkbTuomt6BqWr6844l21ZbtWwp565fS02kySBJMExnaPt3pfTDNxprl4zqIbQpQQtH8aQtJCoKVD+XPb/YTOotatbDXnrS/0ZOoW6Sh9Lan9hQtIUOQDAI5SR39YNV7UusmQhZttNTZsNtNsWzCXCvwoUZlR5kqP9hWbSZVr4ENpnvQBtvBEX9bI1N2Fw3xFxfZpOo0Hj9t0S6D1e1tuqNXXqeoONMtJWUbnTsB3yAMgcTB/zT/UvxbsLZbidEtA4V4LrySBujsD29/+ayy/1JTrynYhTqyuIj6kD3qES64hAVAjMxz8qYPw5lZoFUAkDjaeSSrVnUgchIBPVkV1TqjVtYWo6rercQOUDCD7QKErenyhRKQZAB4HoKQpBEqDnJkgn+npXqEuBQ3nykkgD9TT1IilTAItw6CFUc8NIDra9XSUltKlKalSZ4yNp71ItLh23O5h9YIHmjg00WEmUJcgkfiJzPsPSnUBYb2oa2kfQR9Ko5mUlzhbkUu3O052OM7jkppum1bC4+EgiQEYz/avlXQSFHxE7lc7hx6kUwpttbcswkpMKnIHyr1THlkLSJwTx9KPTrPnMCQBtwUsp53F4sDewjqVM0vWrrTLhFxZ3DjLiPwLQP1NaZ038XLdlKWuorUvIKsrYbG/PfbIBPeecVk5Zf8AE8qMJUBzg4p1tx1TiCG1IKcAEgCq4lmGxLj2jNAL2mDzUU6tWi6Kb7E34WK6v6ce0Pqq0N9o2qs3CUJKFJEhTee6TkTHPfMUZPSb6m0qWpKjO4iRj5YyK5X6e1LqHSnl3mi6kqzeCDKg4Unb6e4wOfSt++CnxiutdvUaD1VcouVKWG2nFJ86THlJV/MCcZyCRzwEK/wfCtYTROg4XAPlHuE3T+LVnVDTcJHEcvyrE300pLoStTYkeUbpI+Xtn071Lc6ZckEOoS2BuEHuP8TWpt2tluQpNu2JEzsHHz+tPIt2kq8jKQOIikezaG5TOutpjhpstGri6ziC6/CVjq9LtWFpTc3bTK20eJ5lJSQk43HOASYpw9P3LyNyNqkKMZyIj1781fOo9D0zUNRsU3lghxtwKt1piNyDBg+3lH2otcFix2bEJDaiG07UkgyYHHGaIMHQrZmvmSgGs9rxIka8DKxy+6S1haXEs2JWhSdu5KsKBHOTweKBr+Ety4R4+jkLUMqlOFQPQ/n/AM10GG1J4B2jI9j7RXykAFQKAZBPmAkfemcNhjSYMjrDhCXqOZVqTUb66LAmvg2h9ADmkupWjKfMQnmf7fnT6fgzZlpSf+hlfliC5uiTJ7/7Z+dby24Uto3QpHIr0rLJJIklOM/2+1Mua8gQ6euaSbSb2eQ6cLb+SuqCopylQHOfWvYLkQ6pJSeB/MKabWFyoTtyfrSU7i6BMEntThgCZlMOpHNmN/0iyApAKCZVOTHAqU2tRSComIzURtKlDbu3HGSeakoyQCQB6etBJJ0RAwG/snmQFLLigZPYnj5VNSpUcgiozYJgCAe9SEKBBRAJqHAtddcW2snyBAUM+pNencpMeh/OvkZGVH0pRASIEH61Alyh1tF4gFSZKfzpKWh5UlRICgcUtpQ3FPtB+dLCAIgTPGIrgeCq5oJnimiSDgDnt2rwtpKVREnuRzTqkgGTgT9KRCVDcFSD/Wq66ogaNRog9+l1CkFIiTBoNoS0uovipPnXcujv5vMYqw3UJG0H+YnnigPTQUuwW8oQVOqX3jmhVJbeEem2QZGq8uNUSrRb95KSlNs08ArBwkGT9x+Vcs/Ce2N18Y9LcS54aUeMvcg+YgMHyz6SIPtNdEay+/Y9GdROKtksn90uVNkq/ES0ZVjvuJ59JrEfgCwm5+KLrqkpWq2srlQIEGSpCOP/AJGfnV6Zy5ngTzUvw5cIIt46cCts+I75Y6W1W4QSFNWDxn5INfnc3cqtHDfNS04dyEBOIGQc/L9Yr9BPi8VNdB664Dxp9xuABz/DPpX56Xam37ZLilQWVqIST2Oe/OatTp9rQeG7wEu4OoVWnN1uoz90USXSSoDICvzjmg9zcAqTkEgyVHgkH+tSLt4wpSFxuMEEwP8AehF2oOq3NJCQrHmM/ar0MNkc0U9Puls7C9zcse6+W+pxR2JAzJHc/Kvd6EEqIUEkQCOflSAyQN527lDcJ706lovpDYWAOSNs/n/miYhgklx08lLGh1TM2TZNp2lAScHO/MmK8IiEJVECeY/X0qa3o106seAhSh2gRH6nij9l8OtYumy+pqElUQQQTx+vpQqtWhSIBPuj0cPVrS1rTrr4KqtvNrUWnErxgKnmpAbU8rb4qlSYzgCKuCfhpe+VanW0bcJQqRvEAmB3qa18ObhstPKSClw+YJTkY5ihvxNBhLnEH1VmfD8VlzimfCyp7GnPDaQPxcQcmmksqLyQlzy7/MsnAFagOklpQlsW4ykKJ4H071Fc6BvbhKnGrSCsyQEnyntwPeppYlrzJcNOEBSPh9c03VSTm4Wv77KgObCgkr8NpJJUScqEwP60q0S0oQoFIUoGR/KOxzVhuOgdfbltyxGCSIOY9TOPpQy50LVdPJVcae6lpGCtSFbSftT1OqwMJBnrbdKnD1aEvyEcRc+aF3to5tU4lZhM+VK4n3NfaTqt1pzzTls8pLgOFpVMg8iiDara7Mk7QITsIx3qPcWCEKU54YSlAxA/FAowGZrqrhaNtfMpItO4m9+N+P8AF2P8FvitbdZ6U1ZajdJGrMNjxkHBcIwpQxxwe8TBOJOopJUokE/6hJrgDo3q286W1q21vTXVpcaWPESFQFp7oMDj713F0b1DbdS6QxqDKwvxG0yAZAJAkY9iD9axsRRaCDS0N44FaWExbT3XiCJi8qXr4Uj93umnSCy8hRB4UCYPyoncIUprckx9BiomuW4d058DB27h6mO09qm2hFxaNuEgbkAil2mHmEy490NF+KQpCNyS4uMDApamEzt3fjEyTFPtNBwZQBAH09K9WyCOYKT+vnTWpBJ2QQ2Pk+qiC2bAJKs8SeSJpamHFQd24EEZPGefyqR4YJKkDBEQBS9m9JMHA8oHerUjIBdqk3NGjtUWC0jhXlA9ZJzT6FEEqTPOKFF8FY2z68/aiFqtKhClZ4M80buNMvCacXNHd/iLsFScjj/V6/P0qW0oqd3QIAk0NZcGEkxH50St3AQorBHFSXNF2rnNkQBBUtuUjfGTnIp9qfEntyO9MJUCoJVlJzzT7WMiZVx61QuJMKS4uFwpDe4qKUnCTTyhA3A94xTTQBJwRTyJKgM45rjC4PN0lI48xBJ5/vTityQRI5kc0opPY8GvAdwkER3PaqzlsArZSYukq8w2nkZia8/CgH1HypbmEQnJH3ppSx+7FeZjE1LjKuA4SCUIvn0ttuOBO0JSpUnPFDum7ZCdJaQkSkjE885r3qN5drp9+FSFJtl7QMySnFI6Ndce0llb0qBHknmIxP3/AKUvUBJATLSckeUqu/EJz9z6D6gcWmEtW7iRH+gxn35/Ksf/AGZ0m66x1y9B3FqyKZPMKdT9sJrduotLOsabq+mLX/8AnWXGVd4CkkT9Jn7VjP7MFmWb/qF1QUgoat2lpJJIO5zHAiNuatT7rHOO33soe4kgzA3V5+OBW38NOoyF7SbFxO4jgEf71+d15LTZZ3kEEEkZifWv0G/aGuP3T4Xa444lZ326UwlMmStKf71+eWqXBDimw4SlPA9hH/NMUx/oIZOspeqGsMyhz7ob3ulMpEjH+KHN73XFeUpKhjzTj9CpLzzaglLapUkebH9Km2Ni24ApSHDjEqxPzooLWXd6aSl2tL392PH9fdRLbT3rx5CGwSpZgeUGfQf8VoGi/Dt5TTbr6w3iYOTkdvSP8VI6N0pIcU54BJJACyYI4kSPtWnt2zLAACE+aJUCJSY5H67VkYvGuph1JhgFbfw74a0wKxn9+iEaT0pp1iw2tlKAqd0ECVelWNmybRDLbMmSZiNvryKRbjYpIz5QAVbiTGPnPzorZBpC/EBgiJn3/wAf2rFdUL6jQXTG/L39IXp6WEpsHdFkyvSytKVuAJSoAbomZPGBg557V8rSWUJQ3AURIAQg5ETHtFG0W4BHlCZB8wwRIzE/X7UpGxtxZLm5JBIV2zzjt2qWU3uu9xKh8OP5QxvRbfxFLdbIgf6vLxx+XapDNklKSiUpCFEyMY5oi0W0qU2CSEniYzHPz5OKW22opIXMqEKIwCYnjnBprK1xhwvyQRTyDNFkNd0tCwUAEhZyTn/NR19O2j7S0lptacjCQBxGPzFG0rS0Etpcjek5ic9vzzRJi2YcTvjjyqOZ9fymiMYXzlJvoeihVC2C5wWD9c/DRtlI1PSmvDcnetIAIyciR6VnDjV1boKVp3pSSCk5Sa6z1HSA9bra2QhU7Qkcn3/XasF606YesLt5OAlSv+2pAG09+MROa3MBi3Nd2T/C/wDF5j4phWVCatO066x9QsqWyG7grbEbsxu/Kumv2Yer/wB6U903cKG0J8VpROcdvc57dvlXOd2yGXsEoIzuIM/ICtM/Z3edtOt7BQStXiqW2YxAKT+v96eydvRc19rbey8y7tGVA55Gax9TBXZL7Qet3W1Y3JzPHFN9MIJ0hlKoCmwW1lPEjECpDQJbCSewmovTwLKr21IIDVwVATyCJrCYezccukL0FSnLA4CTbxRFlJlQSYSRz6U8UJUoZjbMmYn5/evmhtUU5En04FLbbXJiT2iP0aOMr4cD7JeqSQZ+qbU3KgndEnd/SnFoSUgBMjJpSQUiVASPfilBIcSE8Y2kz3ijOc9xAGv0QxNSRUQu3eh8ALlMRtAGfejdssDC1AHgTVat9gWolR5xjIo1bvoDSFcHgjvUFx2Nky2oCIcfNFmlpG3InEe9TrdcLjcdsZ9JoZbuFYAIEzk0SQobUkiRujFdmNlHe+YX4Ikg7oIyPftUxJSluE8Dk1FtxCAUpxPE4mnwpYKQmMmpOkg3Uio6b+ilMzuCZ94POakgYynJzk0wlBCuZGJp9CVbfSftUNBXOYSYKUEZEnjtSkRJHNJQlKpMSffn6UoApBUeT+VSY1V22MbpLypEFMA0w8hQtVKTiO1PvHcxMz86bTKrVaCDkZPFQ2ImFOaXZQqh1z47mkvKZQsuKDSEpSAdxUtI79vX2mpfR5fOlhF0yGXmCG3ECSkGAcHvgj70rXU+I14YUEnxUQJ/F8vtRa2ZcDRS4kAjAgzjsaVeQX2TLGS0yh940CpflCTMmP71nPw06Xc6d6o60At1tsXV0wu3UUkIUjatRCTwYKoPoRWk3TiXCS3kK4MVAtgCQpH84BOfSrE5gW7FczM2eazj9oi4at/hRrztwtISGEbZyN3iJgR84H1r86LpQLkrOZkn1rvn9rZ1bHwmvEiAXH7cTtn/ANVJI/8AtrgK4cUHFFtCMHjOSacoFjKO8pLEPc5xbtr/ABRkp3vqSlIIJIB2xNW/TNObWw0hKYUmAREz+fpVZsWXlXIS2sBMDHGa0zpvRXrttBeZCAgicxJiZ+WaWxtaKYk35ovw/CvdUzlsk7jbyRnpbTXA6D+BBO2CIPyI7Vc2kHfsbO1ISEkFMhRjH9zmodjboZhCQlISCqYylXE+wI96KJadPhqATOUkyYj9GvOYjE/7Ms35aL2eDwzaIAPzHVMm0cQ64FKxPiI2IIwDxM8zOKm2aSX/ABEvp3KEcyR7+5yPbFKaS4lQUlCQn8RJySMY/v8AWpNtbuuDwnxKQConBBSJwPQx6Z4qlN7Q5rqbZn9c1oNaTICINpUkh1SlqgBI8pO33gd+aUht10qfDaEpTwkHJM8ekf49KkNJD7aCMgGYB5+fbBqUhna2ralO2BJOPnHrinG1SRF7oD5cJ3CGFpTbSylopSqFOKBJ3djIGa98cFf8RSU7I4wJmRkZqe7I3FC1JUFCQST2jj3j+tNpZQ8raholzbOQBj9T+VQHtLyC6T9OCVdme4t2+i8CWFKCFAOExGJnP50YtVoS2oGFDufT/egb9pqBvWFNLShoElzcMgGIiD6/Oi7bLiE7Q3JMk9905mPnNMNkiWj0S7qcDKTbx1U1s71JAQDCcndETHbvWb/Efp5TtuLsoClyQQU5iOfSeK0ht9tCUocO0KE9x5oioep6enUbRxClKBWDG0THf1E07cPDmeiRxDe4WEW0XIXVFkmwvP3coPlG6THzwPrWj/s4aIrVOtG3IUli2aXcKkj2SAZ5krH2qp/FOzXpvVCrRaFJ2tA7ZMye/wDitd/ZZ0x4u6zrSm0hCUNWoUBjcZUfnwk/Wt1sUsO6oLAjivGCiKdYA2dwXSDBWMgDygZFQ7BXg67eMQCXW0Og8dyP7UoP7TkZOZ4g+9Qri4aZ1a2dWYCkqQcwO1efm0vGvQWwCYnj5KxF0JcG1X8vyr1KwHS3iSniR+hQt2/bSU7VDnv+VYn8ZQvUOsGmvEO392aIG6M7l8H6CtHC0P8AIeGNdrqlMVV/x6Rq0xMc10EHkx4iXMKzxwOJ/I0tTrfG+CCIBPJrmzpr4Yda9TWjt/0901q2pNBXhuuMW7rqUADIKkgwcjn1rob4c/sU3nxA6U0rX19Yo0199b377aXbSt7J3lKRBMknByBzWzV+D5B2j6kNEaj9rBPxd74ptpy50xexg/XeEHYdb2BZVAJEZgf80WYeJ2KSkETORJ+XyqqWdwHPKNoByk9/WjVrcAFO5ZUomef1isQPzktJXpwztnD79QrParAUCFgkmYNGGChSADAn8/eq1bvnxiCDCRH1qw2hSvaFEx71WOCkNezutRa1US0QcBORNSUK84x6YqHbFK0hSjHzORU1kSN6Bxx71DnBohVYc15lTWiQNw2+v0p4KSEQDJn+tRm1EY+Xen0kLndIjg1Mm4CsXk6iQnW5UJkkcfKlngnJMRTTQHIPfvinUpMqiYJq0HdVa0N+bdNncUbVHnEgV4olDQiYAilqE7QUlIJ4mkPGEz34waCXECEdrdmi6q/ULyG7i0bcKUkvSFE9gk9u9HrQEglZMqyPT7UI1EFy+sU7fxKUSZ4EiKJsLVCCs5j14oRlxBGqNlhs6FMXrIDkoCQAZjihCTCTBwc1YLpCXT6SeaAOtKYeUycgEg/2/rXVQXCykN/7GyzH9pvpl7qj4Q6wxap3PWgbvkgpCt6W1AqT/wDxk/8AxFfnjco2wkoUCSYBABP3r9UdcZF3ot0y4neFtqSUEYOOI9Dmvzl+LPSA6R11xmzQ5cWlwnxbVxKZJQrIBjAImPpTOGxUf6vMc+Pig1qDXDNGnKf4qx0ppyrvUWxvISFDcYnyzk1u+l21uhttptgpSpsRGDHuOc/XtWY/C7S1u3qHvDgtDf8AhnJIHM4yfyrV3nVNIIhAk+VKpIHoft6msv4nULHhouN5Wx8KZNHOeY63KjP3rNiz4jrpKiPKMQY5mPnxQl7rtNutwtWG9vdhZPmAnJ9sTSdZ0xvVVBt1Dg2E5SsJMTxxz9v6VFR0UvUEJQX1kSEgGeT3+fH2pPAsoVD2lU39vr7LUr1KoIFHhqNkesOvdKDSA7va3ASQoZHrzVisNd0y6Z8e2uW1NzAKVJ5EZ+k/0rPbn4aa0wtbbLspJgTCeQZ55MiO1Va80rqDp67LkFsEkJWkncUjiRP1zTLmUGOcJ8NB1xS/aYik3O8zP04rfLbVm0JAU8RMQQIxHf8AL70astTsL5xDf702pQB3tgggdjkcVgdh1TeOCH3FZAC1SeRHp3wP0aunTvU7IAWlbYWQkbhBOff86oaVQgl89fRaLK4rtDm6rSyLYpKC3tQg7wnf3mRkcj/inv4CgVIBWk4ASqIP09qp1zr6bdO5G5SyDt2xx6fKKi3/AFSqzaQptYUVLG0ZClf5/wBqljoOSCUDtCQL3Por6NiMC4Khzk81JbumgkM3C0JCiBMcYmsa1v4h3+ntqRYQhx0jb5Sck8ADmq0xf9fdVXKWPEcLbvoqExMKBznmePWnqOEp1YNmwPCyy8RjCywGba1lu+rdV6FZLDSLxC1EmNvPA/rUjTNY0/UwEtPJUtB3AEie/H5/nWYaR8POowUrfQhxSlBRCiSck5n04M/Ornp/ResaQ+m7lKlojLTImCcglQ+VPdhSaDldeLJB1WtINUWPgsi/aH08/wDjy1WhJQi4tGnJ7HJT/VJroT4NdEq6S6LsUPMpavL1v96udyYVuVlIn2TtGaA9WfDn/wAXdcdIapeNLFnbodcuUJSDuDa0FKTPAJWJ9ga2RKAoAjEJAiuq1RTw4ps1M6cOCzH02mv2xudihdw0pokAEgZGZoPrZIYSsA7goKx+sdqsj6CleOMmfegmtI/8m4qMohQ7mAc4+VZQOWw15lHDu6M/FZ/fdQ6g06A28AUmSqczVV1d5/V9ebcuXFrUWdgjAwSee3NGNe/h3CwlZBAnacRz2oPaq26kHQOBGeeTW38JIGJBA72h9Fj/ABKkKtBwH39hvaV+jP7CTLTPwgvUNJ2gaw6FDtuDLQMevFdCWem2GmB02lu214qi44QMqUSSST9TXP37Cr7Dvwj1BLKNpb1p4LBUSZ8Jr7f4iugdXsjqWm3Wn79n70ytjcP5dwifpNF+LOJxtQaAx9Al/gVNv+BTLhJGbn/yP8X5coVtQTuhSe857cj/ADRa0dIcbUXAAfQD6f3qssrKnfIApZEyrvGaLWdy4SHyrttAnI96zC0t181vsNMWN3RwKuFo4ouFSQMkCAMzVh095JRHI9TVQ0p5SnyFp8pA80zJ9as1mqGzJ27TmTipz6ySogEW1+iPWqjAG2d35R/zRVnyJSVKyfyoNZOhwBRIPtRlgznaciKuCz5iqgFhylSW9p85OeBinknbwTUZhRTukyN1OkkrlABnnMVYuMEohs4Ep9OUpHE8GnQDtBznE022QfKAfaKdO0JhRyM80MMne6q4CE2p6DsUMn24pPKc8AmcV8fOqQnjzexFKV5QqMycVMRqVLC5wuq688Ea/bMXAiGlKBIBEyf96KFO1KTE+Yxmhb6UvdQeOtkfwWBBxMkqo0UgNApI2nMUq35yjkHKAm1En8Sp7ihOpNg3EqEbwB6fWaKuKUFoJGZj5zUDVWSUof3QEyOBIFXJMySuDYMqkfFPqRzpXoPU9VtE7n9gaaAnC1YJx3Akj3ArkDT9audVW/aa5b26w5KCsCMzMEfbPfNdb/FbSTqvQupMqAcLTjT6UEwf+4kH6QSfpXL606O94ukulBffUVJQkwtISD5uMDBHIpQtkzHnwXofhVNvYve833shXTGitabf6sQltDbbqfCLScBJTuKY7RMVJvVubi40pRKkiFE5jHP0jmpenJcVYPPFB/i3Klbt2cRE/anE26nP4ym94V5QlQhIHY/ak8Y/M8OcDzk8PumsDQhmVux+qqa9dZ09Y8d1LaEkbioHHyp1j4lafYpUWio5lYSCBn0n8iftU7U+jdPvC8682pSSN4G4iTjEj6+lVRzoqztbkXHmU2k4bJyrEiJ5711IYcXEN0n9hWrjENtSgK6sfFzTigtNhYIVtVuAk5OZOIyD60P1zrfTNWClXlkESlQU4kCGxHMidxEDHH1xWa630drT2ouO6RpiblkkeZCt0fT7xE1bNM6OCOjP/PWpOoPOrca8LyrAECCRzkE/UZrZ/wATDkteHAg7cVnDG1nPDXUdOah3Wn26ErXar3b8hUEk4EGCcfKp2nPqZRvQhR8yUJU2BMg8xOP60vSOlNZsrZ06nbvW60wsNrgBae5kEzmrNo2nMLummHyFjbIH1Gc+4x8qRxLRSJAcCOHj4J6k6tUMGBdN2qbq83QvcSCFJEEjOBETjIpm/Dtt/CuWXPxYlMCPWPWtX0vQdIct0uXNgP3htJWSBBKT2xn/AIqq9c9LuuW7j9gXCpI3yMyJyR9MY/zQjTa6HiZ6jiqvDT3amnoFnybmxtVlx9wxhQG7v8jEH+5q39Odc6RZFNs1bLQGzIcgAEnn39Pas8X01qarh9y9srhCQ3LcJIIOeZqpt9O9T3GqpbFleJIUUlUL8M5B/EcDgZrRweFa8y5/6lZGMxYw0kNkLqXSeubV9JWm0uHAkgEpZUoT8xgfnn6TetG6w0LVWksWzqVOJgbe/wBqxy2+Hx1FmxPTjj2mm1bBu3EOkha9qRCJInM8+pzgVoXSfT9tpaxcPrfunwoKLy43FXdX69hTwpMw4DWOkIX+yu0OcAAQDG/neytWsXA05dgttkqKrlDO1J/AFmNx/XMVZ9iVNhSTPoaBagyu+UyykpUQ42tIHYhQP0qxBtRSMGAINLVMru8DolK8MAF5UF1GFpSfyoNqTaTbvNgZUhQA9cGrC6yJ475jEUJvmlJHAKTz7UGpoGtNilwS6DFlkfVVq4D4gIg8n0PNVi1Wv95LQO07FEkpnG4T6RzVz6lbWpl5SFTtJwRERI/tVLsFlN6SoEpLZCDMpOUmtf4a1grgC/8AFjfEqJdQeSTF9/2tm+GHxj+Ivw8sntO6S1x2xtrhxL7yAhKwtQRtB84OYAH0rov4PftD6/ZuXWo/FDrq4daaRsasXNO3+JMkrC2kyCmAIPMmqj+wppum3/Wmqov7Fm52aWsp8VCVpEOtjgyJrt3/AMOaBEf9EsP/AOsj/FbPxDGUMO7satPNIF7TyuQToFh/D/h9bEtNXD1cgabaxpeRMXn1vuvyps4PnIVAySTj5UTQg7zvIBUedv5c8TQS2u0F3aVhP8sAdx6evFEmb0FCUlJAQIASI+VeQaHm2bXjay9j3hmLgRMcPbdWjSXElsCVHuqAMVbNPdCkDaMCOfWKpekPhA3CckEwe1Wu0fDbUoUTAJIJ4+dFGUnNsr/OSbyVYrRUAgCYiBRq2VKQqZnJHImqzp7wU6SMkwDJxVgYUAie3c+lEYCNVaABLkQadBBjEetOpO1JGZntUaVHlQAH0qQkiAASSM896493VUiTAUlKlCPLJB+9KnBjITgj0ptlUxujHpTkghWcz9frUZTqdFeCNAvEKUAII47CklRWJIBHvTiTKtqsFfEUypSUFQIkzXF0K0GLKvpX42t6g35keEltIMYyAf19KM2ii9bgqSElQBhXaRQmyaW9eX5LhBFwACO+0JBH5UYLgDkcqEDNJgZiXQmCIaAUyVyopBEp5OK8fhxlSQDIEx70nYW1lQggjAilqKd57HseKLeJF1VVLqlhT3TutM7JLli8O4k7D6Zr889Y6mv7DVrrV0PeI++VoBWJIKue+DEj0Ffo/e7U723EbxtOOxB5H2r8/wD43fDbU+l+rLnT2wkNGXmNxgKbJ8qpJj2PuDQqb6bZbUKZa2rWpZWbXVp6bubh7pPTLq5EuXLSXVpUAlImDznt7dporbKJVgJWUgp2njt6f1oNoTZs+jdNbceaKmmQhQSCTuGDEZjPPzqVZXLm5UMrC1AK3LhIkxI4yYz9s1lVml7nTcTrw5Bek+G02iiCLgeqsNtbIddSotk+pUcYI7SP186+uemrG8XAbTAB3Ejjtj6E/en7V0NhK22wqVAEATH/ADR21bQ/tS4d0hJPz9x9KFQYXOInfoJl9PO0On3VCvehLFtSdry0LEgeEqEjI57jtiY/OlWHT1haEKYZUpYBIWtfm/x6VpDnTtqoKeKVBHMngiB347/nUG/0Zi1ZLbSi0CISd27uO32pwzRLciC05m5SY49aqmXDDiCLnxitW3ahIWTA+c8+81H0m02XZXuUEkJBkztyOZ7yP8zipN/sF3C3AfDUAkJH4hHr6/SpGmMBb6HE7g2sg7YECVSTP1471n5y+s5xNraX1610TtLDti11d9N3+EgIWVbsCTiMT/WfoacvbErQoFkGASCM4x9K+01JQhIZhYUQArtxxgcZ/MfUki0JfBQcRB2yYEfOBmPsa08OTMHTik6zM3dcqF1B03+9J3usLU4kmFocggHP670Ds+jGUulFrqb7baEkbFkHmCOeO30PvWq3Fqhp0IcbSAmSYOCRPahz+iW8haCkH+ZMAfmOfvTheWPDTv1dZrqTYlluvNJ6fsjbsJH7xvTtKVJCeTGcVaEWA8JTjRIx3GJoRp9oLf8A7ylEpPlExM54q46VteYUFgkAYxB9wQfeitd2gI2S9VgpMLoUXR3F/vCN45x6A/n61aUNjaQowr70Hs7cf9UbSBClSQJ4x/tVhUj1MqJ4iuLXN7pusfFAZxJUB1HlIhX+aF37JWlcA7gAfKPSj6mt6Tt3Y5BqBdMqW3CYB9feuByS0bJZ7JaAsf6htH7VFy0pZdhTip2weZAz86z6zX4Oo7TARsXEg7YwZrZtc0Lx7u5SnClp3kQTJiD+QrHdYsL3Sr0Xi0FKQtSACMRt+X6incJWJqtaOIk/tZmNp1KlJ8C0bX8bfjZdS/sQ9YaJofxJuka9qlpp7VxpTzTbly8G0l3e0YlRiSAefT3ruodf9Cq/D1poRn01Jn//AFX41Wev29ksFy4UlS1GAQUkdv70UV1KhThSi6W4kQU5OTEkevb+tehxeDw+LqB73kGI9Fg/Da9bB03MpsBBM8NgOYiysNrcFva6hSdu3ckzgDPp34ovphLzYUraRBBUEAwfr9Kr7IWFbElJSSQkJ8wBz+vpR7TlBjakCCTlQIn5f0rx4yinmbwOuq9w4l82nTxCsung+IgFQhSuKsVtcDwVIStJUomPc+1VnSSptxSlqQraARM5NFtNeHiKJ5TAE8EyM/nUtIBvIXZYO191a9OeKdkAZxj1+tWS3fUQOBEcTVZtHVKcmYHEdjR2zUj8e4xxRiS6Quc0azbmjIUpMZmMAGpLIUpKgfKf6UNSsmVKVIBBFTmVDIlQ+Zq2fMIQAw6jRTWgElJJ4PpxTiidhIOCZmo6SCR7DJp9RjChE/WuDSFcBpOZfCZSqDHt3pl8FW4EH8WIqQgHYUzMGRUV9W1GUxuzVNDyVw4G4Q3RSpSbq4UoEu3Tyj7Dcf7CpzhQE7wSe5+9CtDXu09T3mHiurUAR6nt6USec2NeFmSkH60Cnlu4phwLjHh4rxR3KSuT9aQ6lcgp3cQc9qZ25VueUcEAAfU1IQvckGCApOce3euJDdFEAaXQ29SFOkqSIAg/KqH8UuhNK6x6ZuG721K37NtdxbLQmVpIElIHcKiIPtWjX0hJUgDcQYChNCnHFHylO7Mxn5fSla3zX2TNAkRC4wSW0aUW7VMttrUNo4SkqyDmQIP515Z3KjsUlY3iEpxxERP2+sVpHxx6S0/RtUZutJ09u1bv0LceabTtCnQZUoCYHKcARWX2pPibUgAACJEQMyeIPy5oAphoEaL0WEdLSAb/AGVnZeBdHgKWkJIJUcHaJHI7/bmjVrcMPpS/+8LBIKY9M9x6iKqFo+5btmF8wN6lSFDdxzNWK31I+EpR2upBACATBIjAzJmD35+dKEmi85QTGkdfxaoLcobE81dbK4SLdafL5ePMQVE+s5kiAf0KG9QLSpjxFKDS20lZA83H5n8uahWF+8hxvw1SUJAKTk4ET2OTHNDerb24aZe8NtwFTUlUcxxz2PsYrQku1N/WEB9Mh82lVoNOavfret1rDSFSYI3cxjPeO3pVg0xK1uJQpSUgHyx5hOBBFZ4OsmNK0p29bK1OA7JbIJJwIEff+tVnTPiuG3lJeaumyF7khWQSflPp6fT0RoYao5xc28HbSPDchVdVp0TJMTy6C6m0Fq0caW5d3I3A+VAMH6we00cRZylz93G87f5VZjGT3n5/3rBNB+I7914aS24CSkAKTJgnt2xiflSNf+Od5pF0qw03Sb64cmFrSNiIiIkzmPb0zWlhqRc5waIO/wBUpi6mW7nBa1eLes9QT4zy1JuMIBAwPn/miFshLX/phHorYDn6TmPUVUOnet//ABh0vbvvh5T7biSXCmCDBJHuIMTmY+dWayug62FJV5igT325PHr/AGogBa65k+SEyoHtlngiSrJp5KEvDftBUgoMScEz/j3orpFylhCivaEgxkHA9SDQphy5LSPAQDCxJxJH2jipqbZhFwmIhZykGO2Oe805QYKQtN1mV8obkJVj0RlF3qbjkYbSTIGZwAP61YQ2EwkAge5JmgfSzAZbce/H4hCUqBkmOc/rijoUdxV3GTmah5v3VkVQDpomwwlalbhIgyCO3E0y7bFRMjH9qkeIolXmMn+tJKggmSJGJHaqgS6SgEFw4Kut2LR6i8NxIhy3Vj5Ef3Iry56F0Z5ZW4wCcnnin3lKb6m01fCVqWg5wJHceuKshkKSEg84miUwBYnRCqZndwcFSlfDHp9aPCNmBMHAqMr4YaH2YLaScpnBxGQa0HbI/CVTjnn3pK0gZHzprtjEbJPsSxpXLtoTtKitRdx4hAGB+vbGasNjDikKCog4k+/f0qsILix4be5uCVSTJIz96N6c66gpaOSk57HgZOay21GtLgePWi0w0PENOn2+qtFmtZQrLZAIxHH96MWi1BO8KTvQAYntxQizDglSQkqUAYVxEdvtRO0UouKQUyg4kDmupOMEOVicwkjrmFadNc3IEEmc5PtVitVBKVJBmMT6/Kqtp6ktpSopjYnCRzFWCxWVN71T9/aj5mvEkqRTJF0YYWQkKBwckAcmiDSpB25Ur8v1ihTagEgKBECZNTmjKSBzI4qwB20QyHECUTYVKxBkjNP7pMQAnsBUNCvKkKVnA9KkIUQuJH1zFc48FLoIsnl+RQKTjimH1AoUonKEkzT5UFJ8MpEkc+lM3IP7q8N3/pq7e1UdAUNbB1QrQCXNGt3nAApwlRHpn07fL2qdfAJZLiQJJBJimbRCbezZbSk7UjmM1Nc3OMhB75BoNOXNMo9SQ5DAQ60FE7SpJg9wTXjl6GBapdP/AHnPDkZztJ/qIp1KUpQkAzJURn3+1V/qR5wX+lMIJAVcqWe/CYH5qP2q1g6URneIAFkbvpU0VzyIEf1oSFkkIgLCBlRHfHai16kJtlKCSZIT3xQtQK42kSkQO1J1795qaZlbJKzr45aOm+6PVfgp8SweC/8A4KwRPz2n6CuZkuFl9SSQC2qUg5k+nt9fWu0OodKTq+i32lEpBubdbYnsogxyD3jsa4u120vLPUHUJMBp0pWg5MDkDvzS7mhzYFoT+EeCYcbKa2tCXCUPYSSQNw78/wB+1E7C+bt0eGgqWgf+mRKhMduD6zVWXduuBSEsIRkAAg+ZPEz6VNtL197eyp1UcgJjzkek4B4JoNPtKLS951tA+q3GVMoDXT7K5suON3CVKuVLTu3ABMmD/ID84zRstsXO51y1QBA9SCCAJA7dsR9qp1tqDr/nKTt4IUogpHHAP9PWiyr1aW0NuKS64ogpEghO2CCZ78f71VmTvRa+vP2RHta0A1DcdbKq678N7BLji9NvCyhxUhpKU7Uif8mflPpUC06bsLZ1LGsaaxehtaSfCTCj7nI2496to1F66W7bIWtQTkrcJACgMj27flQp3U9OQ4UuXzIO4LWGwZgARBnMTn6+9MMBgNbMTOl/yqFtOqcrhKKaX0N0/p9/ZqbQ8hl1MhpTpI9xJz3HNWTXuldP1Vi3s7W6KG2lAx5SrHYTPaaGWrjevItdRs9UZVaoUFLTICkAAbgZ9p+dGLLWdJvrjZZaonxRA2Ogo3q3dpHEGfetBr5Ay/hK1MIGEERAPU2RPQun7PTbE2bIkKBT5kiSZwf9vanba1cQtDaFeGtCylULO1Y9cTjv3pY1A6ctLV6wpBI/ERMnkgSakuraeIU1vIifKYj9Z7dq4k2vqUo6sGPOUxKKW9q7uJCgnASke2Dj6k1LDvghQWnGIBz5j7euagtXqWWpWVzEbp57/wBqf0MO6lqSG1HcHFAiOQMU9Th1gVmVCcxcbrQNEtRbaY22TtURuJHcnPzqYpPn8oJJFeoCAgJhUp7UoLKiXD88dgKGGkS4FZBAmSmQyW0xwZmkOpgEwBOY9qWVbyVc8SO9IcUSsLSISMVDSIykoAaWvQbWtrN7YXBSCW7lszBwZgH86sziZcC1Jkg8/Sqt1Qsp08Oj/wBFSVyMkEEGrKFKUy2s5KkhXzkVdrZkHiq1aYc0Ec0tKiBBUJ7ilKG5JURn6U2lRVxk+nc0kELRCVbM5xM00GtJGZCyRborlq3SBCQ4fKADu9IFFrHal1KVEcQCT2z/AHigrz7du2VFQSpxUZEgiimmLS+UoSAtJEqmRGOxPNZYDsxadOvdaLAJiDA3Vw0oNusFnZ5mTMk8ieZ9KKWaylQJPmWRABwBEyc0B07yEKSYKvKUyII/Qo3bEN7FbuTAkgp7Z/XrRGsmKgudvDmoIM5dCFYrJx1zaPDSNsEwM1YrSRJ2TOckcVWdNUskKSRCsQc/7VabJO5ucCBNWyFpupeQ3vAIqwkQFknaTjtUlhKpzGCCJ4qMzAb27wSSIqU2oRAABx9aI2XnvSh9odXBTkHzSrMYJmpCVSqAIOaitOgJyRUjhMjOamHKGgBpTm44mk3Kh+6uyU/hpKVwCkiAcZpN662izX4hwopQDE5KgBVHkRZXY0yIXiRKWyoyUgY7VIBBTAkE4NM4TA7BIEU4olCIUJ9RQKYAaCEWoA0mDKiKhtREGe89/Wq5q6HldRaO8NrgCrje0ogCClIKvmMY96stykOLAXKeM+tUnqu8A6u6dtW39qkOuKKZ/ECkTj6D71c5thFkWi6SAFbr0t/u0A/ijv8AlQ1CTCiFbRxxTl/dhtgQhSjuAMHj3php1SmwsCQr07UlXBIkI9PQhKc3E4I2wBFcm/GzQLnT+rdVvwz/AOTcvPDS6kiA4WWnCk+/8SffNdXOKlJCRIngnNYv8Y+oPh1oz+r6D19rP7m1rlpb3NoGmluupfbU4grSEgiYS0DMAgR71ShmdZgl3hKYpPAmVzq8sbA3uIIBVuSCSII7j58U7bgeMlZACk/jIMEgSUiZyN3rjNVW319kvLZYe8VsrISoTCkgkA5yCR29aJnUWwQURBWMcSYGOf0KrVpuzZnyL2HH7haNKsYGYi6szd2Gm9u8IaXEbj5iYz/tSL7W9RLK2bBhbziUxtBCQQMz7c945oO1qW9SfEejerw1pSqYP04weY9KIsajbIV4rCfEcb8u0HclRiDM+w/MzQK7GucBtZaFeoHNFNsX8+vVVDVte6mU4bNu2dtiElKwlMT7kg5mR9hQ1hvqBsoQqwfUmdpKMlZ7p5n6fKrdrV8ABcJSrdvwY8mM596i6N1nd6fcrdglEeZQTBAyIJE9s5itCgACAxg5zt+VSlSJeXOqadecJGlXnUTG1u30+8bbeSAEraIQoJIMZx+vajDNp1nd2y37LSnUBSNxJWkGQcfeZ+2M0Qd67bvUtBa94Eq3YG3tj057ijnTnVZdhhx9TjRXKpz7xxg5P5U9QJa65geyjEk0we9Pn9vyhj/UnxBa0ZlF9bn9zsnShLjiiVwMbQoZIEEAziAK0XojqFGq2gQ4pPiEAgQQpP3+Xak6hqNpqmn/ALsEhCCmCJBj1GO+aEaG4zYXBQwkpBiQDIGMYHFLuqspvJmB66rJqUpEutK0R2YBTAKvIf19quvRWn7G1Xy0FJPlRJ4A7/r3rINZ6qs+n9Lfv7i4SjYdrRVPnc/lAgTE/aD6VtfTmtaHqunpudBv7W9tEQ2l23dStBAHscH2OaM5xyd1ZuLf2ZyNOqPJVMlKgoxBk06NoyFYOBH9ahNuFcuK57RinUuBBkqPmqGzcws4guEApxeHJPA/KmpKQdpMEzivXAApO2cn+lIU5vX5Y+Z71YNIE6R1uuzGIJsgnVDjKNGuV3KglIaUVSQMAe9GdKu/3vTLR9skhdu3IOI8omoWrMNPWTjb7aVJUkhYPEdx8q86UdQ5odqUABLYUgAegNS05gSLpesCxoANkbKgUgkfhr1e0fiIAHt70hX8REQnB8w9K+BkeX0wOYpg6SEF1jli65Yu2UqQhKklW4kQO/zopojjqStI80pjjgT86jizWoFSvKVAkwOMj6UT04IKyEgJ/lJnvQnsLDIIJ3stFz4sTrwmArFpTRUuASJkjsY7UVbaSpaUKKhtJkSYPag9oFIgrM+XEjtz+VWKwCVbSVFUfzK4BobwT3QqtPZvsZhFtOZ2pgeYqM5OE/qas1mVp2gmDgmfvVetIxGQczFHrVyCkzgiD2qwY5sCVLnl5zwi6FAGSTEZ96lNecEHAjM1AbVt83MGpra87e8z86kSAYQw/MZKmpVjYecQafJUWz6FWKhoV5pVHE805curQjaCdo5E1bQAlXbdfG48xQomfemtSum2dPSoq8viok/WagvPwN0knkACk6stb1pa27e0hx8JUSJ8u1RPy4GaA+A0kppjQag5o+y8l0BSFgoUkH8qWY9fehOm29vYW3gWwPhqJVEnGaneMDnxARBE1Sn3m3uqPEOIBXzxlaR5pAyYxiKA3Oksr1k6k+2hUJSpokf9tQBSYPyqB1R8Vvhz0g45b9Q9Y6ZZvN/jYLwW6IEwUJlX5Vz11/8Ats6e287a9B9PJe2EhF7qCilKh6hpOfur6UwzDuqGWDrxUioG6GPGy6juXEpZKllKUAypSjgD3ntWQ9fftF/DD4fpebVqo1S8QfNa6eQ5sMgeZU7Bz2JPtXGXXnxz6+69h/qHqR8skEItGVFpif8A9sYP1k+9Z0/ePPIK3CYkIhQ7c0P/AMewu/2m4Og/JXHEtu1mvNb511+2T1/ryTbdMN2/T9s75SpgeLcEeu9QIBn0SKw7Xep9Z6h1JWp65qd1f3Ssl64cK1qPqST7/lQYlQO9c5OM5Apy0UnxgvcAlSgCT2E04aTKTR2QE+F+vNImtiKpDajrbwr1bac1a6LbKKD4r48RU4nAMzXpvi5Dbz+1QEJJjmO5jnFE7wuoZQhTiCkiAkTwM8j3oEtCVOKJKM55z9KwXOqYh8uJkr1LB2QDtSPPbnCsOn3AuGylqCuAZUMd/lRizsgXJbdG0QtBCcJ4yB6/SqHbX79o+lLElAOUnj5/1q3aZrdo+yHgAlUglIE/nVXTTaQNByRKNUCS+Wz1orRpmhtXBH75cqWFEykiEkdsH51b/wD6adM37aVfuv8AGc8ylpWpBVkGCP1yapmj9RW6XEJuFiEyoA4wBkH2j+9Waz6sWnlY2p4MdjzyZNRSrvymARC0A2kDlbw9Ub0n4O6Ape9xltbiVEQSRn1nv7jirHY/DvRbIzb2raUocwkQJ7Zjn1zVZsOqXkLC2rgOJUMpA49D7Cj9l1XvKEG5OSCowIJ+uZpwVe0InQ7H7oNV7RIsAEZX040hJQuMEwE4A/WarF2wzaPOpZWCogBUcnIM/l+VHLvq1CWy0wStZMQmJmgtlYupIuLhe+4dVgkSUjv+sVLQx5MFZtWX3B8vyqX8RtHVrlnY2yZ/ei9LB8TahPkJVg4PH64rI9B6y6t+H+sKutB1G4sbtlza62FQ2var8K08LRjv9K6H1KyS7rmlWKUbiG33weydgSkT3H4xWIfGrR29N6nXcbwRdtBRARB3AkZPHEf70zg8R2f+sEXmJWb8RwbKtIPYYI35LWelv2wNQSG0dSaAzeJkBblqosqTjJgkg/IRWx9IftA/DTqsttta2nTrh1O7wL8eERnPnyg8/wCrvX5+oUUqLoMOJ5wAfQcU+3euNJwnd4hg5icf0rTbgqdVocyOZvr4fdefbjHUm5XmfJfqAy+l0eIhwKQoSkgyFe/v2pQVBTtx8vWvzw6N+MfXfRAQ1031E8xbtqO61dPiMFJ7BCpA+Yg1uPSf7YCUp8Hq3p0qMBTlxZOGVHAw2r29F0KrgHtAykEeh69UWnimVm8Nfb6rpi5KnErbSDtjdNQukzGkPMlMFm7dSPkSD/eqv0/8Zvhr1aEN6X1Ky1cLISli6lpe49huwT7AmrD0k4gXWsWza0kKeS8VJMgkpzn1wPpSz8MWktfbxRKdVpBDfZWECQCQQJxjtSydo/DOM+1fIQVCBkDsTS0JBASAAasD/wAVDsrSATb3XOlskHyhRMxkjtiaft20pWpRQcEkgj+vpTNqpUlcKEyAD/LzxUou25SSlMz68zUiaYywYVwGlwcCRyOqJ6csNqgySk57+mKsFm7LcqMHIAmZFVGxWQ5+IBSzKf75qz2TyCkFUJCSODA/WaggtOpujuaJzAfe8KyWUFIKtwjtPFGbZQTDJ5JAye1ALF5KlgqgDvNGbValuSkAzmQef8V2Qt1UMquqGQjKX4WEH51M3bwPxT6jmhzSlAbVSY4M1NaXvEkjHrXOgASpHqVObUVKHzn07V7cuAI2k89qQhQ3boORSLoENwCM44qHAlSGtGqEXrsLUUkSrgnimNd6g0jQtIttX1nVrextGVlS37h1KEDyxyeecVD6m1K10qwfv765Q1bMNlx11xQSlCRJJJPFcQ/Hb433vxM1VGn2O5GiaYVIs2SSC6ThTrnaTGB2GPWhswxrAtkho1RTWZSaHdfpdIdafth/DrpyyUx021d9Q3SAQFNp8K3CpxK1ZP0THvXPnXv7V/xQ6tDlnZ6mNHsHUFJRpwLagI4Uskr+xA9uaw164ce8igoGMkKwDSPHC5QEAY2nPf15rRGHo4eQxs2tI99gFmuxjnEwC08oU661W7ugbly4W6s8rKioq+dD13JWM7smMGfn/em1uAtFCCcE5B7RzFJb2K3OnATiPY8mpJefldI4/pCDnOMkGeN+vqE++8pbX8ICBg55FRy4jYfCJmRPOKQ+sGVbcoUIg/rPFIUqDk/iJJg1EOHeJtwtKHNQNzcSnBxDiwTEGR2Pt3pdmku6g001uKt4A2iD7VGJkiFEEGR7mnrN1KL1kKMjekmVHE0EQe61ogo9GrDxn4rU3mHjZtuIbUA62CB3T5RnFB7kmD4m5SsTgx9PervbWCrvRNPvUpAQq1bJjAVgZGO47e/uard7pim3lElKQTCRPfmK80DmqdmDBn6bL2zGwBiDpCBu27Smw6sbCOYHJ9xUZJeS4VyolGIPy7USctXUNQpB3EyBnB7Zn2pl2zuwg7ExAAUDkqPt9qdpkE5WmT1xQA0vbNMk8Jt/VEttQu24uG3HAZgiVcTOe1G7TqfUQpCFKUYztGAr6Rz9aCKYeU54agN+0FYBgH0z35qdpenvOOhapUTjPb61FEudNOLc9zPmguqVqbsuaQeeitmn6zrbqSplspCiDK1TEd88nirPpitYuR/31NhcKJKZJ9YB/WaF6Fpjq1IdeaVtBBBgqBBPc1eNHtlpAU4VI8oBSpQPHGBjuftRxWZTMRPsf4mKeaO/fjojGkWKWNjrh3EgGVKgK9ZB9KsduCVhJjtuifp8+fag1tcRCUlRPdRwmjNhKXA4EiCQCQJkcCuDnTpMqauVpgbppptNx1WralxX7rp6IQEiB4ripM8kw3x7etZH+0dp3hOaXdwEgl1O30BCSP7962PRAl/qTXLhCQClNrbiW4kJQV8948U9sVlX7TjgZtNKSsblBxW4R22xg811AOfiWEDT2SGPLW4WoRw3XOxdWHTAU2FGCJyR6V6/cuKQCiQEn/T2qMp9MrJQSf5RMd+9JDiVdokcTO016BxlxDWzcT9l4yoG13AnQG2kKUi6QtZSoE8DAgg44FOJeUhQLajMzME8GhySUEFSRKuTnipLTi1qQAklAI47g1Y5uzc57bk+ys+mMLVbmOl7aTsUZZvVMHxElQkFME4H+9aF8PfjZ1p0EtS9J1Fa217Q5buQ40sAcEHI+aYrL3bhta9gBSgRBr61cAQrPnP4kHj60cMLqMuIIOg4fkJeliqjHGCQXcdxt6Lvb4a/tHdH9aljS9SdGkas6kAodXLLqpiEudvkqOeTWu7yEle6fTHavy4bfBQl1pTiXAT/ADEGfvXSXwM/aeutMTb9Odevqf04lLbF8uVuW5MABZ5Uj3/EPfigVcFnbnpN8Z+34TH+Rl/9mumw+/ura6tpltUypU+VIGcHFLN0xyCUBKfYjB4qE8oAq3SozI3e2aaDiyf+2QTkfQ1kn5Q4mxt0Vp0c7X5SZ68kds1kpJK9gPmBCvX1HP8AzRy0uUgJ8ySF+pOTVXZJLLaChUTuyZFGWnvDhwKASJURPAAohdByiyZe4k5CQRrzHornaPgA+IQkdjRrT30KEbgSThWfvVF0LVFX1m2/cApUoqjmIBgR+VW7TBtQQlZPfmogzDlJpiqJY7T6KwoUoKyYMZ5mp9o4cfzcEQJoYwpCkgjB7mfvUq3cElATJJmBiqvs7kh0mjQbIulREAEGO/evrlZEQqPeJpppZgEyPYetUz4xdf2/w66E1DqRbyP3lLfgWTazHiPqwkD1jKj7JNWyue4Zd1OZg1XN37XPxaN1qK/h/ot2PCsiP+okGPEdkKS3jkJwT/8Aq/8AbXLjtwSSBgkziaf1vVr3Vrpy8vbwvOvOqW68o5KyZJPzoYCCVeGkE8kg4BzTz2Na1tGefj4rMccz3F8W5ynFrcSypBTt/wBPmB5pCjCwpSgFxJEj0pAK1JA2hRSfxTTSy0pRUoLKhwADketQxwZLni/jI6+6oZmSCE8p1QUkEDYD+HikpWg7lhG3sU8zTCdhWFOtgJEjkwK9SpQWsK4T+H6ihdq2m0GJHlpt4ozS7LBImNz/AFeqWskgJSDzOaa3EKlSkkOZIBMiO5mvPGUUzIBIiY5r4EgyNskgwT296rme585bfZDI/wDn6Rv+FIS4EoCyCifwiJx602kpbcWoIAzMiB+sUylwphKgleeeKcWtOCqBGTJ/UVLvlsf4oDTTcc9/touo+gWRq3RWlusqCym1Q25Ke4lMQCIHpmomu9LutKWUAK3gmYkJ9J+sfrkN+z71EhWn3ejXLnnYUH2ZM/w1iFR8iP8A7sVrV3asu7VFnKiSpWBOOffgfavLYpuWscp721/t9l9BwU18KwbcejssTvNPVbOLKySJiCjkfb9TSmNKZcbQvYEqE+sxz9M1p+o9MWl04ncApSZUnGRMgj0mKGL6TuG3FFRbKeQQTJHuD6CKEKr2/JF9SPxzRalJrQBoRuqKjRmEuStsKJMwDEE/Yf2ozZ6VZMqlDDW7E/bH96tLfS0rA8KUgQYGDx+eKdc6fCUFCEKmQQOAAO470ZlR2QtbcnedPwEMsYXZQLndRLNtraA14aSAU+VAED0HfsKIslTpTAVMxM9hGPT9c07Y6K6pCoJUADII+35d6PaZpLTQ3bJ8sgTI5n9GjNkHMeUbqoAovdBJTWnWnkKlwdp/ETwfrVgsLXwW3AdqjAncJBB/2pstMsIUoNAqUdygeOAJ/IVKtAFBIUpQOePUfKrtcWGBMe8qlQOJOcz1wUXpJTLtxrj8ylzUCkBO6AEtNo78ZSZHHfvWFftL6wbrXLGwaUf4DSnFYwZwD78Ed+9bb0vd+BoNxqTm/dqF3dXP8RG0pBdUkJI9gkd65L+K2vf9d601G8bWVIS54CYIiEwknj1Bp+gB2+Uba6rI+KVB2DoHzWtCpyyhaiogDIiZjia8cWraA1OTk8YmkPlSQUbZSDJVzXiHHFQVyUEA7p4rWw74JY8EaXuB+15dtCYOpG35T6dyNqiRBHIOTSGHFkbRHlX885psrUmVoJ2zgDtSbdSi6hKio7SSCnvRx2VN0vE8x90KpRL3c/oiKnUvHwklPfIxA9z96Vbl1tY85IEgq9qiJcQ6+VKVEDj/AFfP7U5bKId8PcnP4iTx9a51bs3FoHr+4SzqZDC2b8/sVObUEhRS5tA53A81I025d3PJ3qAEFJKZkjgj0oY8t1RUoOqgfhURgzUqwuVMtuFBBPt98fSiUjDjmM2IN5UUmvjtWyTtb66SuukXG4LO4KJE7gfxemfQe1NW1wtxZQhJBBkSckVUNE6xbul/u76iy7MKScwPT5cYq1Wt0yohTa5KpiMwIOf7/X6VkQ4mNZAvsvR081Vjjmls+31PqjVo8RtDipgdjjBiiaCFJKSnyztIyJBoI0UlaV7pCvXv7YomwoI2qUJUjIM8n68VIpj5YkqzG7vEAFHbJ7zN2xQEpSRAE9sVbdPukrVIABkAVRrR5tbm7xNp7Eqjge9Wmxf8qVKSiSBUAEkkKc4jKN1bLZ1S1Tx7nM+oolakoMz84+VArJ6Pwzt5BjBoqi6SlIC1pSAeeAag5iLhFuRZFWVKhUA+WJPFcXftlfEc6x1bb9E2Nyk22iJ3PpHBuVpBIP8A7UwPmo11n1B1ho/T2gahrl3fMhFhbuXC0BwAnaMJj1JwPc1+Y3Vuu33Uuvanrt2rddXl25curPG5aycD0zTFGwz+nj/Fm4x4bDXWnr0O6GPbDCwcLBP/AL6jokSAmJAmkreSSkZITO8cQfakB5KjIBE8/r61aswvd3BYX6txVKNRtLMHjz1TqQNwCnklSxkdhXgUkKJzwRFNJJAXjPOePvS1KEBITtUR6z9p4osgOjgPK+sAqrnFzYkkE9BfKSsLB3IiJEivgUhCgQcHzEKj+teIccEEJ/DiT8+K8eUkNu7hgAE5k5NCJY2cwke58lzmik0Am+nW/smUKLm0ymAP6n8zXzyQkZVMHIIAKT8vUV80ls7ilZBUMz396bISkbVGBxMc1cZYyibqza4+UE87dWS1vErQUKKlCMwMCvlqQvKUQoEEZ5r5skLhKTAg54A9TXrxUl1Q3JkkHAgT/ihtNMAk2Hjy8FTP2eUN1/atfQfUr3SvVenaqoLS0SEOpRkuNqwQAOfUe4Fdf2N6xf2TbyChxtxO5Ck/zJxiuFiuG0LS2Tvnj2rc/gV8TlS10vq9yd8xZrVnif4Z/sO/HYVn4zDCsRUYO8Brrb7wvTfCcYKE4Z8ydPHlvfmt3aLKlhCHUkqzG2Igf35qa5YtONlIUjeUwN32xUNl0EheyN0wJ7x7dsVNt1BwBJcSVngpEdzisltIuBbaevFblRzH6TZRFMrQoyEK3cZIxjH/ADS2m2yqHWpIygRMCe/5U9dbEkKPYlKVBMwYmPy5ptSyXEwFJgDeTnM/lXMpuFibozXksGUQltNSoIQylCSnbI5+vp3p9ClIcKUOSo4wDgYmTwaSh4mHNuCMiYr4QkrWVEqUIBPHzx8qk0srracUBpD3EnT1uvXVwpKEYDncwO1E7NCQz4izEiJHY+s8AUPNx/2kBAWVAAZgQO9Q+sdfstD6cvbx24bZ2MLQkLVA3kQE9uSQPrTQDcstdfZUqucDLtAqP1h1sOlPhVYBh5bd/eWjaGkLcG/ctMkn1ETXKzyytalhwlR5jvnvR7rLq+46lumFLUGmLa3RbsMkzsSkR+f+PSqvJAKlIXC8pGIrXo4fsjLpDjrpEcLLxeOxYxrwwHutHDUleXClIbLUAmIPqacSHPCSswTyRiAPeob5CWzsBM88TPrTrayplMrjbyIjNORSaYkkRppdJsDgDO+pjrdPeOAmAEyDwrg02HydiyUAKV+HsPWKSpYITkzkECklKlK8qoQTKwcke9VDG6OJ89PsqtaQ8O0HPnrHUqQnxAvxArb7nkAfevvGWTuSEpUD5RPryK9WsBwNpPkOZgYpt1RKzvABiSRFXaGG4Nh1b9qIYZA0PHgD42Ut9a1tYUCSADAgED+9PIUpDDSHBtChI3D8U/L5VEWyB51ObiQBEgDP96U+tKVILkkbACJ/xRmZHiXQCPpzSwAbDQ4XPBdGax0+wtBdbZUkqJSNkiPr/vQ201/WNCUtL7RdaCjABhRjmOxiritwPbkz/EUYJEQBH9ah3lgxdLCdhIKhlWYMZn2mcVnl7HnW/v4LYwzHsgC49NOuQRDRus9I1JDaUvpbcB4VgAg+lW22uQ+jxgtJngzgjtWV6h0qzcLCm/4a0ZTCgN8Y+dN2z/WegkeAvx2m48rnmJTjsmPT0pQB/aZI00mQb9SjU6jH5hUMXtPX9WyWzgLgIAlJjMic1a9NuA6QFk4gbjwr9f2rDrT4k3m4IvtHuEhJgFDc5IM/nH3q02PW+r3aAjT9Lu1pUQPE8KIk85MDEfeuzPDoIMFEpMbkHH1Wv3fUelaHaKuL+6SyloE7cknmAB9DVTPUXU3X1yq10VX7np7ZhbsFJVnkntjsPrQfT+lNT167Vca5eLS05ENbwpQAwRIwJ9q0zQ7Gy063btrJtLLLYACB/emchsCrh1NoIF3LnP8AaS0m36D6TtbK11N53UNYf8wMJHgtwpcgZMqKIz2rlZ50JUQ4eVZFa7+1H1ynqr4o3tvbvlVnow/6cyCTtJQTvIz/AKyofICscTIWUqwSJHqaZaGFgaRfU+fQWTV79Qg7acv1ukqcG2NqVJJgk96R4srhaJzu9INeKAQzIgEEZnAzTIebOFyckjNdSuDl6+6q8cCT578U+HFLdISkAd4VxXynEJ271ggHj0plpaA4SlJV7HBJp1K0pUQWyVe4yPau7F+b5dBrfxtKrUEXAO3FPIcQPKsBQyRnA+VMuK2lUBKhHP8Ak96WVJkF0wCTjtzTb7gcLhA5B44+VWgv287k+kq7WH/rM662/abDu0FcAYjjv+orxxSlqnYAflzStyYCggExgGmyoApO6FEz8jQeyePk25Wv1urdo0iRPQXqlCAoAAbt3l9K+dUVQ4Sognkd68dCUqAVIPBB9aWpO1MKXE8T/tUikGESJ+9lUdmbEX46pxxWy3QE4MkGR25pVjqFzpt03dsPKQ4hYWlaTBEd/akNK3Wq0QVhtQME+tRXD4e9MncmBzIFDMh0kW060RQ8PIIPjGn5XWPwy69tur9E8d55Kb5g+G82DEKMAKA52k59s+knRbO7QWUhJKdoABmRPtXEvR/WF70nq7WqWKjvSdqm1GEuIPIP5H5gYNdUdHdW6X1TpbWoWDwIWD4je4bkHulXaf61j1KPZFzxcHh/fRevwXxAYhrqTrOB6hX5bzp3HclRWMKGcQB+sUwHnXAUlCkkHgfLv61HauwtoBUHukKVHzHFPNPt7Cto7iTuJPrxH64pcEkBrZk62k+yeDwHEAXHNKUsmRvLilJA2BRAAxz6fqKdTcBoqKggbsjbyonk/wBKhu3TaAotwlceYgd4qv631VaaO1497cttbQZUVCOPeKM0HKTHd4adeao4tByt/aJ6z1Tp+hsvXl64lvwhuUSZ+grnD4lfE296z1JNuxcFnTW1EtNwYKv9SpzJ/L86h/ELr+56oudrDykWqVKhMwVjBk9jxj0qkh1CnEiVgbSYR6Rya1cFgwQKlRnhvwK8z8Wx1TOaAtI1F/K+i+U8dxEgjAISZ+lNF8OSRuCUjZngU26sD+EmYJ54xX3KW4WSVEKMf3p7tWOMNbP266lYgpgDvkX0vy1KQ68pLeEjOQRFOtPJWwUpSgRkyMmmHlFUoSExwJn5U/sKWkrTyOxMCgNa4EujXjw5aQofky3b76dFeuqbWoLbKpXg5z86Q6QUyBlMkEkCR/evFLacUSVBO4wTOR9KbS2tKFODbCRB9TPoKKKIqCdRpcT/AC6tSyls1LEcfSPXzUtDqCEKKFFYwTPPNMvPKUlK0JlQV6xz2ivGVobTC1EqmBGa+cW4AVJb2JBHBx/tRWgsc6ixogDnrHCN7Kr3UxVzNGvHTVTFBxTTavBykknM0y3dblOQFE4EHia+ZuVOJKnXJKOwHOOaSiFO+VSVYmEkE/arMc51MMcSGjjv9/BKyIyvEG6//9k=','{\"lat\":\"-7.2614256\",\"long\":\"112.6556096\"}','test','PUP@2022-04-14s4yx','Diajukan','2022-04-18 09:33:46'),(10,1,NULL,NULL,NULL,NULL,'PBM@2022-04-19[object Promise]','Pending','2022-04-20 02:35:05'),(11,1,NULL,NULL,NULL,NULL,'PBM@2022-04-19[object Promise]','Pending','2022-04-20 02:35:06'),(12,1,NULL,NULL,NULL,NULL,'PBM@2022-04-19[object Promise]','Pending','2022-04-20 02:35:07'),(13,1,3,'hallo','hallo','hallo','hallo','test','2022-04-20 01:58:00'),(14,1,NULL,NULL,NULL,NULL,'PBM@2022-04-20Po0x5','Permintaan Token',NULL),(15,1,NULL,NULL,NULL,NULL,'PBM@2022-04-20vk460','Permintaan Token',NULL),(16,1,NULL,NULL,NULL,NULL,'PBM@2022-04-20SBqY4','Permintaan Token',NULL),(17,5,NULL,NULL,NULL,NULL,'PBM@2022-04-22y31Tu','Permintaan Token',NULL),(18,5,NULL,NULL,NULL,NULL,'PBM@2022-04-2248HfV','Permintaan Token',NULL),(19,5,NULL,NULL,NULL,NULL,'PBM@2022-04-22DmPYc','Permintaan Token',NULL),(20,5,NULL,NULL,NULL,NULL,'PBM@2022-04-22IL9uB','Permintaan Token',NULL),(21,5,NULL,NULL,NULL,NULL,'PBM@2022-04-22qbO04','Permintaan Token',NULL),(22,1,NULL,NULL,NULL,NULL,'PBM@2022-04-225OzDl','Permintaan Token',NULL),(23,1,NULL,NULL,NULL,NULL,'PBM@2022-04-22bOPUx','Permintaan Token',NULL),(24,5,NULL,NULL,NULL,NULL,'PBM@2022-04-22UlVhb','Permintaan Token',NULL),(25,6,NULL,NULL,NULL,NULL,'PBM@2022-04-22NzjQ5','Permintaan Token',NULL),(26,6,NULL,NULL,NULL,NULL,'PBM@2022-04-22P8q9w','Permintaan Token',NULL),(27,6,NULL,NULL,NULL,NULL,'PBM@2022-04-22WeonN','Permintaan Token',NULL),(28,5,NULL,NULL,NULL,NULL,'PBM@2022-04-22B4qEh','Permintaan Token',NULL),(29,5,NULL,NULL,NULL,NULL,'PBM@2022-04-22JCITQ','Permintaan Token',NULL),(30,5,NULL,'data:image/jpeg;base64,/9j/4AAQSkZJRgABAQAAAQABAAD/2wBDAAMCAgICAgMCAgIDAwMDBAYEBAQEBAgGBgUGCQgKCgkICQkKDA8MCgsOCwkJDRENDg8QEBEQCgwSExIQEw8QEBD/2wBDAQMDAwQDBAgEBAgQCwkLEBAQEBAQEBAQEBAQEBAQEBAQEBAQEBAQEBAQEBAQEBAQEBAQEBAQEBAQEBAQEBAQEBD/wAARCADwAUADASIAAhEBAxEB/8QAHgAAAAcBAQEBAAAAAAAAAAAAAgMEBQYHCAkBAAr/xABNEAABAwMCAwUGAgYFCAkFAAABAgMEAAURBiEHEjEIE0FRYRQiMnGBkaGxFSNCUnLBCRaCktEkMzRDYnOishclVGOTo9Lh8TU2RFOz/8QAHAEAAgMBAQEBAAAAAAAAAAAAAgMAAQQFBgcI/8QAKxEAAgIBBAIBBAIBBQAAAAAAAAECEQMEEiExBRNBBhQyUSJCFRYjYXGB/9oADAMBAAIRAxEAPwCgdNpLTqnCQN/PrT0/OHs7xSo1BrXKUiYohZx5ZpwuFz7qCtRPXpXNSPXpjbIl95LWvm+HNOlnwYi3VdVqqKtP8zS3ADlxW1SKM/3URtsEZAyd6NIjYpu9wQxE7oKxt0p/4O27227qmqwEtDbPiari83Euv8ijnFTjh9qtFnh921GSXM7qKsZojn6qVqjQMhKUtH3cnG1VJxFmqZu7DJbbVzJ2UU7j5GlErizPaIjrt8dII2JUSTUIv2ppF9u6Fymk+5skJ22oWzmpOz6ZdFxJiEvkkODGc+FN7MlFvnO294f5LO3QrwyaL1GEKcbWmRzAdUkYIov2B67WlTjacKZ+BQJ61aZ0sE/hjK4PYLhItTu7TwPKaO0dMDE2Ra3tg5nlzXk5KrnahPG0iGeV1ON9qZn5Riyod4YVgKI5qOzfFjzdYx9mlRFJwW1lQ9RUVtkkxrg2RtyrH51OZxbkvtSk4KH2/ePrVeXJC4lxUAcYVtUTotofdakibHfSfjAPyqP3JfdyEOg74BFSDU6hKskKcDkpABNRy7e8004ehSKq7CSJ3f3/AGjSjD3XnaHT5Upsiuayxjno2BTC5KEjRre/wpxT7YiDY43Lv7tQ3Y0OlobAWvlQpSz8IAzvWneHkf2TR9uhLUlLoTzLSc5yazfphqc5eoabe482+p5ISpkkLG++CN605YUBx8lDj7ihgLLxPMT65oGx6RKorJ5R60vbZ2G3Sio4KQANtsUuZSCOmagxHjbYwQDRyWumOtDS2PlRqGseFQsAhujEoJOMUYlBH7NHJRj9n8KqkWEcih47UYhG29Gcp8qGlurKPA360INj7UJLZPhRyGR+1VUQLQMEZpQlaD4b0JMVJGwNfGMfAbUSIj1Kk5oYIPQUR3BT0FennAoixSCBnNfBQ8D+FEBSvEmvQfWpRVBxKetAOOucUAkYwTXhzUoEGVJFehaetELPnRanCnpVNA7TmjHdWh5wp8Ns17dJa/Y+VR6153eELV4qNI7upQQ2geYoOzjVQdCaKyy1j509PEoQcY22FIrcjJSVDOBTitor2IokvkF8IYFxFyZPLjPiTUg01Ac752O0kqVy9MZrRvZk7KU3ie6breFtRYchgqjlzmBV5EbVa1t7GjOlL2/ITfGXU5Ke7U0dvrV7WcjUZ47jES4EhE/3/cKD0V1p/sWhl6hdXOj3dhDrJyplSfex9/5VqDWnZkt0qeiam8JjqRspKY5WFfcjFVTrLgz/AFRmxJ8K9uOF1ZBBZ5OXbrkE/lQuLMqyplM6vhItk/2aY0vOOqFdfXepTwzs9juek5zt4uiovI+UtlTgSAMeJIxTVr6ZcHpqbbJebdSx8Ku6Tzf3sZ/GrH4K6ZXqnR8qC5FbcxIKcrwkHbzOBVJDY5qKX1Lb2bFd1yIUhuTDf9xam1Aj57VFZkRQLsIbtL99o1ue2dkWHxJtcuxaeR7DeEMKdb79WWXcdQCM1jfV2l7xpK7zdL36OuPcrQ+plxCxuCk4IpiTo6eDOp8DdaJffWr2df8AnYysfSo/qhsmQl4bBQzTrCd7i4BwbNyBhQ9aPuERlbCw43z90SQMeFQ3LlDe1mdpBxsblg5+lMk1pb1qYdSM42qY6S9kAkQS2C28g7H5U1x2mkxnmFNg9y4oAeQzUDjELgczulC3v7pIqQ6ez+go43BAxRbAQ5ZVqbbSlCPSlVn5V2xtQGB1qM24kSvTLhjS2XkKUlaTkKHUGtD8MpDk+CZLqytSlEFR61nO0PBppxwt83IgnrjFaC4KKL2no7gz7wzvQM0LhloMtnbFLWUgAUBlojHlS1prmqg12eJbzuKOSgDYdaGhoDw+tGhvyqy2wCU8vWjBtXwQoH/2oYSf/mp2CBAzQwD4eFCSkZxQwghWRUolHiM+u9HJG+xoOCNvChJ61Cw9Cicfzo0nOxIAolBPjR2ds0SfALAlKRnei1BJ8M0MgjJAoCun/vUIBUlHyoPIkeNDJ86AokjahplcgSMdKCVY8K9JwMUWrm86JMuj5ajRK1ePShKPjmiVkdKpsi4OazyyhKG+bcnfBpHcipyS23nYYo1Tbj8wcqTyo8aMaiF2cVYJwapI5Eojza2eVobDerD4YcOLvxK1fbdJWaI489Nd98IG6GxupX2FRC3RSpSW0J6Ct39irgjf7Kz/ANIc+3y2nJzafZVhOMMncEEefX7U2MbMOqyeuBqLhxop3Q9httnYiIbFvjpbSktJSdh6CvL/AA1OS1vqbwVHOKm0BLgeaLjrqlAYPMKadSwGhIKs7qHMN/5U5RPNZJNuymta2xEhvLDaULHXAzms78b7YGbRb3nUlKvaOXP0rU98aPMoEAgfeqC4/Qg/ZIRDZRmUB0pcugYNmLdZtKZvjikhKxjqU5/Or+7M0CFI0TMiy0Osy/alOBHIUEoPQiqe1z3Lc16Cq3NF4HIe9/m+WM4x9KuHsnBT1tvPtclau4UkNtkk4G/SlGno1rwILbOqo7KAoFLS0++MHpVJ/wBId2eBcHDxb0rbVd+hITc0NM7HH+sJAx881fPBRtL2qWJKQRhtYO3pV6X2zW+/2eZZrnFTIizGlNOtkA8wI9dqfGNovHl9c1I/P7KgraUpsAjJyM+ChSpol1pClEe8nkV860D2q+z1d+D+tn0twXxZbitT0B9SMAb/AAEjIyPnWf0IW2pTax8W3yVS5I9Jp8iyKxotJet2oPZnFYSo7euaUyGvZrhNaIBCjzjFA1CwpBj3VtPvNqCV+lKJgDkqPKT0kN4PzoTdFBsCSF2WTHIHMMnNLdOkLsrZHUZphtLq235cRWw5TtmnvTgKbNyeIcV+ZqGvEqHdueIsSQpbxbBbO9ac4Fq73SVuVjcspP4Vk69JP6Ke5R+wfyrVXAB/vtKW4gEDuEj8KAa0XMy0AkZFLGmgMAbUVHbzg0tbbKtsfWoRHqGTijUs5PvY+VGpbIG5owIPlmoWE90B0Fecg8vwpRyhIO2arvivxjsfC+ClT7C51wfyI8No4Klep8BVOVAuW0nfLyncUIFOOorH1+4ndqPW8dc+w2v9BWxeQlTCW2jj+NwlZPqnFMWntK8cLtPbVfeKV2gcyt1G5vulP05gKW80UL9xuAAdc0JKc+FZ5ee4z8OYzUyPryJqqIhIK2JbCW1kei075+ZNWHwv4y2fiI2uIqM5BuTB5Xo698H0PiKuORSDUrLISnxxRwAIzRafeo1I2xTUEzxXTpRCvlSgp8qJcT61ZSCjmgFW2KGtJoop9KpchrkAtWOlFKcPiaMUOhopeATmrophSlnxxiiVEijVYzRLqsVVAs50qdYjvFk4yaV2yMp94rSnIJ2pgjKcnye9UepwKsPT1pSiOlageZXQUSRzJTVFg8DuHkniBr216XYZ5vaHQp8+CWhur79PrXWZq2sabt1ttlnjBhuGyllKEDCQlIxjFZl7JvZ7uvDy1wde6lj91PuqUrQ0pJDjLZ+EEeBIOa1u4A8gcm5A6ctPijzevzeydLoTx5Lr7ray2UZ+IA7GiLxDYkvJ75fICMc2KXx0d3stIBzttRN3QhbIClEY6Yo/g5b5K11XaYSXS01JKvHKVYqnOLaLTG06F3GF7U2h0AY6pPnV23hkIK3VqBSPAbmqb43CM7o5x9s84Q6kqSD60mfQUFyYt17aX27o/f7bOjIbB91pUlCX0j+AnJHyzVvdjScxDl3+ZNYamoeQkrSU/CQfUYqneIraXbwChAbQtIAydqtvsmWqVGl3tSUd8z3Q5nGVc6E7jYkePpSV2aK4Ni8M7hbJermnbVC9lC0LC0jYH3fKrpqlOFMNCL5FkMr9xQWcEf7Jq6614+hMivuOPCCy8a9BS9H3ZLaHT+thyFJyWHgPdV5486488WOF2peF+rrhpvUMBTEiG6UKJB5VjwWk+KSNwa7j1QXa27PFv4z6LdulrhJ/rNaWlKirSn3pLfiyrHXzHkfnUnG+TZo9S8Mtr6OQEyKJMRccjZxJx6GmhvnVbmSoYciucqqm2oNP3HT9zk2e4xXY8mK4ULbdQUqQodQQehqMyo3I6+AkBEhOQPWs7VHqMU1JcDUGyi8qV4Ot5p808kC3OJx0cV+Zpjccw/Ed8vcNSGxBLcR8Db3yaGzfi5BXZHNa38DJDZxWn+zoObSNv5gRllP5VmicOe3vAY3QRWoOz6wWNKW9te6u6Boex7VF3x2xtil6G9qZpt3iWaGufNXystpyogZpVpbUtr1TEMu2LcUhJwQpBSQahQ7JTQw34/nRwQOmK+UnHnUJwElBIJPWslcfrJdXeKMaWUqLQbyhROw3rW5CsHB2rPfGax68bvRuS1JnWjHuAoSC16ZAz+NJmm1wJy8KyuZPEJi1Rhbnbg4kp2KEtqV+Qpr/AK9wS2p9Et5WNzhODUf1G3b5b5EhwQVD4lJWsZ+gpvhy9O2wLZk3DvWljBKWyfzrP9rOXJy5a2EXRJ2OJiJTncJjTVIzy8yljH2zVmcGGbRbtQLvS5seImQAMOuhHMr0z1qiIydLpuCZVtcStwnbnZIq+OFOh16olMXadyliMoKSnHUj0psNPKBr0+ojl6NIx30upSpCgoKGxHQ0rQsY60lispbQlCEgBIwNvClCW8dSCa0xTRu7BFe2xolaz0xR2PpRDnMaNkSC1rpOtwgZxijz5edFOAkEYoEWghTuRvQFK2616UkbEAUEg4q7IFqPjvSd4g7GjlHwNEOEE9OlE+iNI57aSsqpDqXFAlCfIVq7s49nzU/ES5s6nTbCnT1qlID8hwjlWtOFFKQdzgYJ+YqsOCPD9eudV2/TrMhEVqS4ErdPRKfHHma6w6N0ZZ9DcPWtNWCO1HZjxikltIHOvlwVnHUnG5psInltbqHhjS7H26KFttDIbWoJZLaNlYJAwKcGZDLqEKbOyxkUh1EgrtDu2eUpV+New0NojNOIeHwjwxTTzzYukFPuNqOOdWBTXPgqjtlxorcyckE9KcHkJf7pQXjCgcii7qlSo2E7nPj41AWQe6ICicjlJ8DVO8aLclOiri42kgDC1HyxV2XRh5pPvIOTuAds1XPEayS7tpS5wW0cjkhopAUrbNJn0Mh2YL4h2qZOKZsaMVoab98oT0HmRVr9jW5rSnUNnY2KkJedCxkEZABBqveMFnetEmJFlILagnCincH1FWH2P7dHVqi+w7JNM3v7ehThUwWy2Qo7HJPn50n5NL6NhcMlJYuEdKsHJKU+GMg1bRAUCk9DsaqDQzDltuUJmaopV3wAI8T4CrgrVj6MsuwLbaGkJbQMJSMAelekAjBGxr2vqYCZL7W/Y6gcRrdI1vw7ghnUrOXXoyThMweOPJf51zUv1jnW6S/BuMJ2NLiuFDrTiSlSFg4IIPSu79Zd7XHZStvFKA/rfRtvRG1RGbKnktpSlNwSB8Ktx7/kr6UqcPlHW0GucJKEzkpcIfKSsD4VhQHpTpbVJQ04nHxEVe0DssagvkZTLs8w7uSUptzkfmyf3Svm90+nKfnU54b9iBm8d9D1vxAhafurY5lWxTXO8B+ySSpKRn0Kqz3zR6vFkjFbmZelpJiLQhOSpBxj5VcnDrjBp7RunYsZ9qTKlNtgFptGMHyJOB+dQfiTpaHw81Vc9Myri3IVb3lNB1AwHEjocZPhSjh9w/la7kpWJibfbgOZb6h7xHpRQipD82ohhg5y6LctnGnU/EVx7T2n9NwobjmB3z76nC2k+PIEjJ+tXzoWyvWSyR4Up5L0hKR3jgTy8yvPFVpo3S8XSFqMrT0SKmGw8GlK7xKpLq/3yMhfL69KkUrWDcaa1z3VzvHcAJbPvD5gg/nT/QePyfVkfZUYfxLQCceNeKz061A5nE2HYmgm4uNvq5cpS2SHD/ECMCqu1t2j7pGeVHtaGYaT0Pxr+52/CkShR2IeYwzjuRoZ99llBW84lKR1KjgCqv4ncXrFp22PMW1tq6ylpKQ2h4JQn1KsH7Cs8XvijqS/kuSLnJcSf3nTy/aofcrpJkgqdlAk0NGXP5NzVRRHtY6sEme7JnMBpTqyrCOic1EX77AkkIRKAPkTTvfoSLiClWD61D5uj5qipUZor/h3ok6Ocp27ZLbPdBBWmQhKZKgQQ2V8vN6Z8K6B8ITDd0VAlR7cmIXWkqWgK5jnHn41zn0dpKSJCHpzS2wgg4WSK01ozi1qzTMdmKw6mVFaASGnNwAPI9ajdnS0meON8muW1JGMCjgpPnVVaK42WHUshq3XCO5b5q9khZyhZ9D/AI1ZyC0QFYG/jVJndx5YzVoNU4kdTRJUDuPzop4o3yofeig6BtzpH1zU7NHYapQHjRK1p6ZoKnUKOyx96KccQDgHeh2kPC4nOM9KCrcda95sjpXhO3SolyUELHjmilpyetGrIBOaTrVnoTRMtmZuA+uX7Lxt0fbIcPmjyZyWHkjYrSsY6+hIP0rrXdJGdPSzDaWCY5KcDplNcadLyXtKcSNLaiZCkuxLpH3TjIy4kZGds12OhPvyNNc7peW4/DCgtxKUqzy9SASPxp0eDxflIOOSmOEord0+VOqClrjpJPmcCk9oecfiNMhSTyjxoMKQ49pKNIWUrUqOgq8jtSmyx4xjNvNrBJGSB4GmHHYudbPInk6pUDtQZqVKZ93zo87DJpBNfkAKQpkBvwXnrVspkcvbzvOlJJ223qu+JanV6WuQaUsKEdRSU5yDj0qdXVzKsBXzqEatacdtVwYScoVGX1Od8UmYcOzDvEG7yIMFh68WmLclPoKQqUXCpBx1BSsEH50+9kG/rt2urmxHCWfbLerYKI3SoYH4moPxKWU2uOpauYodUjfwxkU8dnnUV0a1OTEhxCqPFcBWiO2hZRkdSACr65rMzb8G5dHTpkvUFvRIcJ/yhJ3q9KzNwqusi43uC4+6o8roUASdq0wrIBKRk42FasPRkyKme19QWytTaS4kJWQOYA5waFThZ9RUhvvWlIKsA9aNoDqlJQVIb51DoPOqfKLTp2jOXGJzS/AhuZxHlaSgyGpjyUqkOzVlwOHb3WuTAHqDWLNYcW9ITL7P1TbNTONOXB0yDBjJ7wpJHTJ6DbxNa0/pE7qmPwZt0JxlxKpd1b3IBSMJUSCfOuYjikJmqSlI3B8KyTx0+D2HiZSy4rkJdf3h7Umpnr4QpJkEA8xydvOr+4bWWHIssBqSnPK2nChsQazzMjl1SCnGQrFah4UwVrtcJkg83IkZqRuJ1Z4lONSLBjWLUaYaYltun6r9nvEhSkjyCiM/cmlETR4s8Z27XruU90kq5ycqWfU4qa2qEmOykHc4qrO0LrcWe1C1RXh3qkEqA/Cme1nndX4nSY/5qPJTOuNdB+8SmoruUt5UpXr4CqYm6hfmznHnnitZUcZPSnIPlaZTzzhU46CST4mqznXBUeSvmdKAFbmhcrOW4qPCLOjXFb8QNB73j1NJpdwjtq7hr31+JztUHhXqZMSEpHJH8wd1U7RpsFJGVLKqEFD22nvVYzuac2GjDRzkfWm6HOiIRzJVv4bUu9rTMZU0D7wqg+ujyLdkonlrnCUqGQRTq5eb3A/XwokS4NAZKAotuY/nVeT1Pxbk2ocyeU71JY01a2Q6hzCgPOoMg2Sa08TrG5KS3LbXbpbagQl04woeRrZfDjV7OqdIw7lGdDh5AhRCs7iuc+spq5TCS6lJWlXxY3P1rYvZEuftPDEQnkFL0Z5QUSeoPT8KjOzoZu6LzccLuCrIIpO47ykHm2r1atutEnfOao7sGGFzO+fxoSXxnff50nV02oIVgVdjGOqFhQoK1GkbMgpwD0o4uc3jtVoCgt1R86IwrqVUevlAz40nUreoy0rMpXG3rFxhrCEl2PNYcSCNshxJH02rq1ZZk6ZoyE8lDqcRgV90cBO35Vzg4gW2wtsab1Nazm235hClZUCELIB6j5/hW2tC8TrXYeH8OMmQh9CYgbWVKJB2x5098HnfOYLe6Jb2mZTbuh2SFJV3aChWDnGDSiyOJbjoc5wR5A1RCeMLVj0HJXbHEtFaVFLiFAkZ9DmmfQvG6SuxBy4zXJDyweVYIBFVvR5iWNmr1uI7kuKOEkU33GUpMYBKPd88iqPicc5r2jZTjNxImsLKQ4tCDhI8CCKYtZ8f7lG4axL7b7itM5S+RalMN8p89ikj8Kt5ED62y2Lw8Tkj8Kid6kIfhSmw8FHuFggHp7pqgdNdqy/XCU5bbymNKCgShzu0tLH1SnH4VBdTdp7Xbc+Wxb58ZLDaiEtqiNqynyJIyaTKaH48EmQnXzrUK3uSpNujzW/aFpDbxWADzH9xST+NI+AbVxj8QI852zSGoMmO+lK+5X3WcbAKV1+9F6s1+zxBsBRdTbrOsErW6hlagVfJIJFRngZrRvTvFe2syJipcBC1hQS4sNLHL5KG32pO6zV62kbc4dz1xbpETHKgtuQD+Na3D6y0lwR1qKkg4SR/MisK3Ti9YFKMiz2pERTbgUFBQI2PXar3tHaODluiKWzbnippJ5mucA7ep2p+KaXZkywZdpmSwoJ/RT+D1PO3t/xUoQ6tfxMOI/iKf5GqZT2m9OtzEW2TbHPaHU5QW3AUfUncfY09WzjnbJ81qI5bEtJdVy84k82Ppy09TQjayz8+hrxK+Y45VD1IqCSeKEUuPoYipKGD1LnxfhThp/iFAvLKlrZDSh0SlwKJ/KpvRai2Y+/pO9XNNWvSWk2JaFLXKdlvNpUCUcqeUZ8virn0Hk+3JJPpWnv6SvXLF6402WyxUcqLbbsuA45udZ8cegFZSTJT7cgCly5Z7Xw2LbhVi4Ky9zDBCVg9K1NwnmJchQlAAEpT+VZVZeShS1KGwOa0dwmmp9hhLQo4wMUs7Uo8Gj25QZiqeO4QkqrC/Gjicm9asn9+VpS06ptI8Ntq2XcZak2GStKwlXcqwfpXP7XdtfXeZzrwC+d5as/M1R5/yMvgZndQQ3gdzuKr+7ykyLuGkKSUE5IJpfdW3oKi4CoJ8RTdarUZ8pU0r5SDsladlVEjgTJbbYjbbCC0ErSRuk0+RbbEkI5UcrTngD0NR6PEcaIDZLKh+70P0paiTLi4U+yXEeKm+v2qdC0Pf6JnxySUIKfMHNCjOlh39Ysg+O9BtV3bkju40tKj+4sYI+hpRJQ8feVHTnzAqEB3CJCnNh5ToCh+1SZi1vhGESEFP7Kkr/lSWQpaUKHQYr20TW0NlCkJWR0BqUNgxFfNNXqROiR4sb2lb6gENh1COZXgMqIFa47NWmtZ6YsMlvU9mVbEPKCmWnHkLWR5kJJx9TmsgJ1sRfBHlEMKZWA2MgjPgdxt961nwr47M3h+3aVuVpkKkKQE+2IWktnHirOMfTNU1Z1tFkipcl9h7ag5x0NJUvoWAQRvX3f4+Kho9BBpig+eaCCD0NFe0Jzkmvkut5ykfOrTobYpb60o3xgYFJmyT73SvXHeUfEBUBfYNRxnJolSgOhGKDzkjdefWiXSkpIJOaIi4MHQeJdyd0XE0pKdWtEB8ORxn4d+g/H71fdh13dJdthtpWpoobSCD8vKsixz3c1CyoBKiCPStC6SL67bGmBRcZ5BlxWyfuaqTZhySjP8i94cyfe7Km2TJzhYVuEpwMfLAp/t+ljGsiY0W4OtoT/rCMqH1qoLXxX0Rp9hTV31jbI5bPvNiSla/wC6nJ/ClEvtZcLbdFLcSbdborHwQ4KwPu5yCl/yZknj0y5lRYjel7szBlW9jV0vlkq5+ZSAeU+mCKUXDTN8uGjkaXk6k7woXzIeLGMfQH+dURcO2C1v+g+H0x0HouZMSzj5pSlX51GJ/aq4s3NRj2qFY4HMfdDMdx50D5qVyn+7V7JsxynoYvtF52/hDf7bOFx/rDEfCRgIXHI/nTdN4N36RLemNTIKVOkk++rB+nL/ADqoNJ8a+LUbVltlau1I9Jtzrobdj9w02gBW2cISOnrWuochqZHbfaUSlxIUPrQSi12bdNiwZ1ePkpf/AKG9SG0LtDirWVlRKXEqVk/PI/lTZbuz5frVLZubSmjJaVk8ixyYPzGa0M1HQVhSlEUuKAlJ5TtQmv7DHJcopB3R2rm0BiJb2CrPvKVI2P0xTu1aOINvhMogR2XTy8qkqdCQn5b1aAjoczkb0Yw0hPulIq1Ji34nDL4KytNq1Yl5UmfZJD0pAyhxqYgJB8ikjJ+9ONs1fxKg3JrvdHPstoOz/fJX+A6VYrSEJBATQnAAj4Rmr3sB+HwP4IUOKmvYrsx6Zpqa62VYT3baipQohPHHVWn0/pI22RFbAyWnkFKh8welS2RjG6QDVScapSY2nJjoOCEHGKJTYUfEYIu6Ml8a+JF04g8Vp2obk6VuvLSOuwSOgpjEoi6NgnHyqM3CSX9Ruukk/rDk/WnNyQEXhtKumE01Ozp4MSxKkSVTqitxGeoq9uEU4m1QyFbowDVCgj2gjPUVbfCqd3ELu1KwG1eNWaJxtGl5szvbOpnmyVo3H0rJvEOEtV3e7tsIAURgJ9a0vZZXtsNKs5Chiqf4o2Nxm5KdRyoS7k5zVHnfIwpWZs1db1COrIyo9KSWGxKeipXPcLacbYxn/Gp5qfS65DClp53V+aEk4+1RCDYmMKanTHELB+EukUVcHmsjDX7YqMkKhXFxY/dcOaL7+WlJSW0Kx60TOhx4iwmLcyT+6V5ogNvrHuPnPoQQfvQgJhq3mlnLrJbUP2uh+9OUC+y4qQ2qQH2umFncfWmVxM5CN3SofIH/AApE489khK9x4BJH86gZKrhcA6wp1jlVtuB1FMtukyG3uchQ38RTM5eZMJRwD9qdLFfETpTLEplXMtYThI8zUNGKG50P937P/EW8xo2sdP2xu7QZI7xTUV9AfbHqhZTn+ySaK0xpy4vzyy9aLrHfhHC0OKW2tCh6A5FbR0BBYtuloLEdspQGgcEelVfx617oHTDqWHJDYv7yCEpaB6f7ePD6ULZ0PQoK7G/QvFS7aImJTd517ucMjlLC3C6EfLvHFEfTFaF03rSz6qgonWt4lKhkoXspPzFctNT3aS9eZMsygtTq+bmQTj6Zqa8M9faqsMdx+y3J6O+gkpW2ojPkD5/WqDxeQ9TpnS0SQaOadTzDc1jDR/au4j2Yj+uNiZu8QbKcbAYdHrkApP2Hzq/+HXHjQfEEoZg3Ew5qhvFl4QvPoc4V9DV0zq4dbjyrhluplt4AyaEZTfTlJ+lI23AE5Scg+ua978df5VaNSnYo7xB6DHzolfIDlJxRK5BG4GaJVJzuRV/9k3GA7Vw1vE9bTT2poqXF/A3HCC4R8geb8KsOzdmld25Ezr/BU6ccouN5ab/4Arn/AOGrf4b9onVVp0ynRkUWd6KAQhb8VTx5D4YUopP92ozrWzyLrJ/SEAQZTrx5liDAMZCT/cQn7V3cPiZZVuTPi+r+q5Yp+ubdll6O/o3UT7fHuVz1vaIyJCQsJgW9UoYP/eOKRj58pq29O/0fvAiyoR+lJV4vL2MKblzUtNE+iWUoUP71PfZF1wdTaBc0he3gbjYFd0UKdBPdfsn3T9PpV8RJVvYJDETvVDbLbe/3NKnpfTLaxf8AkZ6lbrKrsnZW4XafcaVZNHabjNtqCv8A6OzLdPoXZXeq+2Kj3FfTXADgq0vV2pODsG5sz18nPFtkd0tukeSylKB6gVeF7bsK4ipF+eLTOPeS++QjH8IODVccTtP6Y4j8ML1pOxwH20MsKdjOKtzkdnnG4KFKQkK+YzS5QRI5X+zmxxDn6f1DfrncNKWJ22wnni4xHW4kqaT1xhOAPkK0VwE1KdTaJiqfe55MP9Q9k7hSfOst3lmTbZr0F8FtxtamnEqOMEHBp44OaxuGldVP2hq4OMM3BJUORwgc4+VYc0D1vhfI/b8S6Nwfq9gBvR6Tk4JGMVn2frrVjSyY98kpx45B/MUG2cR9cOSUpdvzq056Flv/ANNYXE9bDyuNqzRKW2Uj3VAn0oISArISKhem9TXO4Bv219KicZIQlOfsKs21WqDOaSt9xYV/skCrUbC/zGGPbGlRSkeOT4UJSMjmSARjxqVo0pa3QAH3x65H+FLm9E29xvkTJcyehwKP1spec037K2n+6Oo3qhe0RJVH04pvvMBxW/hWvXuGDD42uZB9W8/zqG6w7PsC/RVMTpsOU1nPI/E5sfckfhVbKHR8vpp9SOSzjKnbk48lQKefb13pXdHFtXRlXmlNbl4ocB9HWq1uMJtcVLzaT3a2mgAD4fKsj6t4c3xF171lTHdJ23UR0+lXuo2Y9Xjn0xOhRcdbWncco3qe6KnqYK2UqxzY+dQxq0zUJS3yJUpIAODUh0rHkR7k2qWnlbT1Oc1PYjS80WuzTejn3HLOgNq97lqp+METUj01Kn7glmH6SlNnP9nB/Gp9o/VmnLfD7qZdWWsdObI/lTTxC1Dom6RFJROtctzqAXUk5+VX7EcXyH+5Dgz+6ylIU21epJWdvdU69/zOH8qi1zsUxqQX0Imu5OStbRRVlPXwRSRb/ZI48OVtJpguupr09lL90K2/3Q00PyTmo8iPMSxS+RntlqefbBEbvD5KUB+dLXNLzXMrbszCsD/tYSr8qOs9yYGStzdXiSKkLMtpwe6sGlvIUoUV/MhTIjncnTkvPmlxCk/fIpiuc+NCc7ubBfYV5HlV+RNaN0Rq+3aVMmQ/FU868APeHMkJHkDtVI8Z9SP6o1g/dnoLLDJSG2UtthACR4kDxJqKZdEHnXOG+AGEuE+qalHCKD+kNfWlD6U90HgcK6GoW48lKuZLYH0pxsmq5WnLpGuiGFkx1cyQlHWmp2MhkUHZqHjf2lmuGkFOm9PQG5V1dQUpWpzCGBjqQNz8tqx7KvV21Fc5F/vEtT0ySsrWtX5DyFJtQS71qy+Sb3dThyQ4Ve8fhT4AUJKQyyG0nOBR0iZtXKfARKY79YKncnPlT3Z5CrY3kEgHypkCglwKJBxTgZPfJS02AVK2AqUYnNsU3TVUmVmMh5QRnfwodtvZjKQ6lxSVpOUqSSCD50tj6CWWUybg3Ij845kkpIBHmCRvTHcrQIkxuLGk85cWEjm23NUPxSlao132ceLfE29uItDrSbpbW8IDkh3DjYHkrG4+daiRIcKAXNlEb4rInZ+lNaHLEKa6suySAkJTkZPqK1HHurbqRlY3HjUPVaVy2Kx3LvrRbizgnNIxIJ6EYoCnlb71EjYjHOiNQSrPPZeI7x+E9yOAeIBrSCLtc7xBafipjMNPJByolz/D86ySrie4NXzNSWRtMVFwJ7xKo6DufIKBx9KszTHECddLMqKueEISSVbBPWvVeI1alHbNn56+o/HTxz9mNF3cINbO8MOM0F6XObch3jESSUFIAKj7pIT67b+db1Mx1a0qjRFvIcAUFlYCcff+Vcko8S7ahuqYumIk65z0KC0twWFvuA52OEAnrWspPHjjbo3Rtvi6w/qhoNLTKWjOvs4PS3gB8SIyDnm8cKqvIThdxZPE48so00bGbecbSXZnsyABk4Hwj1JqutXdoDhLpKUq33DVsOXNVlHsFtCpkhR/d7toKIPzxWBdV9o6Bq6aq2yNQ604mTFkp9kZUu3W1W/gy0Asj5j60XGVx01G2IdjYsvDm1uDlU1bY4RKUk/vEFSyr1KkGuTKdnoMena7Hji3w9XqXVly1k2yxo3T090vNv6mktQl5PXlZClOHPUDH2qsjatAR5qGNGz9T62v7LiS2uzWstRWznxK8rUOu4AFW5ozss225zW7nqRV31TNzlT095XIT8s5I+ajWltEcHkWVhqFGixbZGTj9RDZCB+ApMlZuxP1lL27gRxdu1ri3JOjnSH2wvlVLjhYyOhSXMg+mKG3wN4sQnQXNAXZQB6sM97/AMhNbGtNsZt8dMZBUoIGAVHf70/wVFBHuA/ekPCjdHWSXBk/TnDziHDUgvaE1EjHibW/gfXlqy7TaNQwmk+2WS4R8D/Wxlp/MVoCDzOODKktg9c1Lrc9BYAK5gUr1XUWJIJ5nM5n8dO1pfeGt8e0zadOXBl5nrM9nDgJ9ArCfuapKZ26uIUlBadnXaOrP+kNNpCwPRtLiUffNdsES4y/geQr5GqA7QHa+4BcJkuaev7rGr9Rn3WtPW5lEt8q8A5nKGh/Ec+QNM2pAtL9nM61dtziFa303G3a1vEmSFjLNywthaf3VMhtQTnzSsH1rf8AoPX0/W2gbTqW5xYsaVPioedRFdLjYJGfdJ3x6Gsa8VNZas443Mv3Ow6N4YWgq7yNAs2n40q4K8i88UpV9ikeaTVo8KuJVr0LpJuw6l1dc7ypjZt5cFtoJT5BKST9yfpSJxGY5USviq61Ibd6qO/yrKesGwZDhc2G+1XZrvjDoi4NOJiz3Ek/vsLH8qzzqzWFlkurMeYFZzuQRWWcGdnSZ9vyR96QELIGw/GlMKYgYxUfcucJ1wqXNaA+eKWRLlB5ghiS0tR8OYUhpo7UM9rsky5XM2fCo1c15WTzAeppY7LWG8qUBUduEgOuYSok/lQ8lynuE0uWhsYCipQ8BUeuV4Uk92kErPRA6mlUqRMmSkWmzR1SZb6ghCEDJyas+DwZa0np1dzv7ve3iQjmXtsyP3R6+Zo4pmLLCypbf7eAHHUFGdwPKpBbZcoLADhomW5GZdU33idjigw5LPejDo2PSio58uCawnnFoBcVmoLxH5VcoAHXNTGFJb7rIWOlQfWLzbzpK1bA1cUKqyu33kIVl1KgkeOKBKuXfoS024FgdMA5FS7SukHdd6mg6djICRJcHOoDdLY3Ur6Cp3xU7OUTT0ddy0vImstoTkNqBdQceJPVP5VoiR4JyVpFHmQ4lP6wH60Jlh+Yf1TJKT1xvTY9DmofVFlurbcBxhe1OcGOmLuqQQrzCiKYZZQcXyAnQlRkjIAJNe2mL7VJS2sjA8POipr7neELfUseGTmnTTsaHJUHROQ24DjlJxVMpK2ShUydZraWmbk82yU7t855T9OlR3RzMLUetIke7vuhkuBQ7tI3IPSi9TzJbp9jZCnFE8oCBnm+1W9wF7P19mvs6mv61RGEkKbaLfvH71R0dHhc58I1VpjSWnoVnhuxYLS1JbSQ4pAKunnT2rlRsMfKkkRsQYbcRnPI0kJGTXxeUTnNWj1OOFIcmpRSADuKUd+CNjmmT2nAwfwrwS1JOQr6VbddDTn2XJJAL/upBzyttKJH1IH5Va+juLXCvRjLZXwcmakuKgA29dL1hkL/ANw2yAR6FRqHSFxGmCCBgeAqJzbhLhymptsUGnmHOZslCVYPqCCD9RVY8rR88y6aM+0aka4odojXcRNsst8s/DixSB7kW0MpjKKPQt8zgV/aRTjpjs52a6z/ANIXhd51lclkFx+a4tKFH1AUVn+0us82rjHxSZktzpN3YHcYUgot0f8A5S2Un7Va2ne3XxrsSWotp05Y7mlvZQmW1poK/wDA7unrLZjlptv4o1horgBLjMoY9liWWJ4sxGUoz8+XqfU5NXFpzhRpSyoSoxDJeG/M7v8AhWKbb/SK8amSk3Pg7pVxOMf5KiUhX3L5H4VNbT/STuoaSm99nq7uvH4lwruG0/ZbSj+NMU0xE8U0bRYhRooDbEdCABsAAKcYTSlqH6v5gAf/ABWVdN/0gmhLmc3bhfe7UR+wq5MPL+wSn8TQ7/22NCTpKXrRpvUbgax+qF7biNn5pShz86PcjPTNjRoKlgEqSPTO9ODEUI2GM1h5X9IouAfZofDCLgbDvL6Vq+p7nenOyf0h867yDCTwjjl1Kebm/rGlpJ/vsYH1NA5D4RbNtNtrGOXH3qoOMva64KcDkOwtRaj/AEtfkD3LHaAJEonwC8HlaHqsj0zWDuN/a54+cVLk9pPTt9Z0jaHFFtUS0yEmS6nyXKBOR/u+X61Vtl4CasIFxgapTBlqPeHKAvmWdyVEg5+uaW5muONmgNX9s7j3xenOswbZF0Vo5YUkRmpLolvp8Ct1BSo7eA5R86r2yRbNZVSVWiyRkyZZ5nJjvOXgSckpwrAz65pgHDLj4kgs60ssoDoHYTf8kivl6F7R0fJbOmZOP+6KPycFVvQexkyadixwXXFczitySdzTXd742EkBwY+dRN/TnaLbOZWlrC8keKJHJ+azTHdIfFyPkXDREQ/7u45/DkNC5ouOOTD77dVOKPvEj0qFT3i4s7nrRk+brBskT9Gym/8AdvoV+eKaHpl2cP8A9t3JOfMNf+uglOJrx45gH3Et5yactPWdxx4XGVlCEnLaSd/nRNpskmQ57Zcm1NJScpaVgn64OKkK1hpvLgwkdEiss5J9HWwRcFyHSJSlJIC+VA6qNMZTcb7Mbs2n4rjrryuQBIySacLdaLzrG5s2eyxluuOqCQEjYep9K1Fw74JxeHlrE+QWHrk4jLi/FHoCRQKJpWeC4bI9wq4RWjh5DReL4pt68OpBWtW4a9E/40t4jXrTUy3ONKk8jnKRzA7GlGtbsthlwOHYAj4hWYeIFxTMlLS1PWgg5ISsppiQGXUwrgY9Qqjx7m4liQlxBVkHNAgPMuqHSmBallWVuKX6lWaUR5SGN0nxqNHOlktk4TM7hjlS5vimVnTGrNbXExtP2p+YUkc6kjCG89OZR2H1pFGnOPq5Oarw7PGnrnJkz9RBRRESn2VPhzqyCT64x+NRIdhipypku4H8F0aDbcvl8fTJvEhstgNnLUdBxlKf3lHxP2qxbhDaebWy6gKSoEEEUvhnuBh3wHWks6SyVFWdhTEd3HCEYlIa14b6ZkS1xb3aWnoj5ylxA5VtnzBqm9bcDUWfmlaa1AmXHO6WXk++n0yKu7i5xQ0xaGDasiXNV0baWAW/U9cVUdt15aGgVXJVxWpSvgTGbWnH8XeJ/KiRz9THDJ0VU9w/1gpWW7NIeB6d0grz9gaDH0neIDgN0iSoYBwSUFNaf0pxj4ZQGh7U7LhuAYyqGpWP7nNUD4kcRNL3mUr9HB64NrVnnS0pGPosA1ZjjgxfssLgRw10aqK3d5UJydLCQoOSV84SfQdKv5LbbSAhCAlKdgAMDFUVwU1ppSFACZ2orXAynAakzW21D0woiroh6gsNxH/V94gyc9O4kIXn7E1Ds6Z44qkLFKHrjwoknOaMVykZ5hv6UWSnpzVOTfGaAE0Q4vfejlhA/aBpK4SD1q0i96MJBNwuCeZ1SWEeG2/2oyPZ0trSpxwrp+g2CQrC5bpJHlsKUS47UJI5G8k7ZPWs6Z4loa3Y6iUtpRk7bVKLEzDjJSp5pCFY6qApBbVQGf1i8lw7cyx/jToI7Uj3ydvCisW1wSBMiGUjlQlXrtTVqG9i1xO8QjdWw8BTa/Hcjp540xbah4dRUX1BdJUpKIUsZVzbKSdjTYdmbN+LJpo2yx7xDfudzQ4oPqwMOKTj6g0tNp07bX+aM5MZUk7Fqa6kn7KpVZDFtmnIsbvkJPIDudyaaLgG+8C+9BzvWr4OPHc5cjnetS3u9R2oE/UV5nxI27LEu4vvoR/ClaiB9BUceuem28t3CxzpTwOSr25DaPsWVH8aWsTo8ckkgHGNt6it09rMhx1tJWkknIFLkdDEhzTebQxOYfs1iMKQhYKHFzOcZ9RyDP4Vblt4oX61yGIl40rKciqSP8uhrbLYP+0lSgUj1JrPS5C0LQpWUlKgd9qsewX+6XBLUdLZ7gAAnm8KTJmuMbNFaa1jbrw2VQ3SeU4WlSSkj7/nUoF3jto5lub/ADqkdPPMWoLXFaQ0Xd1BAxk+Z86flXvmRzKeOPU0DkGsdk4uupElJQhQxUCvl9QOYqVk/Omm56iABAc2+dQq63xx5RSlRxmlSka8WIHe7oiS8oqPypnKis82dqArAJdfXt600XG9stqLbKtzt1pfLZuilBWOUmc0yOUEFR/CnrQPDfVXE6/MWOwQHZLzxyeXolPipR6AUm4XcPtQcStQNWq0RVPKKgXFn4GUZ+JRrobwl4X2LhRYkwbZhyY8AZUoj3nFenkPSmxgzHn1VcRGHht2VY3D+1thpXPc3EDv3uRKsHxCd+lA19pi7WiI60mRnA8WyP8AGrIvd/cgRlL785x571RvELiA8yw9zzlJGD1WaZsOc8rbM5cWLzNtwWy+6BzEjr1qgbmpUlxSySSr1qc8U9Um93lQEoOpSTjeo1bbW8plVxfQQ00OYZ6Z8KqqDjNkXcg92CSog/OiAgAc2Sd6cbo82VFKVcxJycU3MrbGy1DrV8h7h109GkzbjGgRmyt2S6llAH7yjgV0O0Lw+tGi9KW6xIaSVstAvqA+J07qP3rNnY24NTeJHEaJe5MRwWOwuJlPv4wlTo3QgE9Tnc/Kuj07R0OQCUNtE/7TYoaIs7h0ygbpFtLCcBABPrWXu1LxLueh4sew6eakR3rklRVLx7oR4hJ/eroHJ4aWSUf+soDCvVA5T9xiqe49dm3QmvLC1Z1wpLCkkqZkJdUssrIxkBRNEo12H97kqrOa3DrhNrrjHdFuW5KxGSvEm4SFEtoPiN91K9Ku4dhzCB3PE15pQGT/ANVhQz/4wqHaZv2ruyhxTl6S1pClP2oPD2lltQQX2SfdfZKgRnHh08PWui3D22cMeJ+lImrtF36ROgy0ZCudBU2rxQtOAUqHiDR2/gTLO3yc1r/2frzYLqu0scQUOuIJALkdbWfoFqp4sPZP4z6ghqnWrUlgU0PhD8h5Klf+UR+NXPrvhvO1H2jlaWs8x0MRkJW8vl2Tk7DGa1VpXhRcrZbERI0yKUt4HvFSSfwNVuYt52jndN7KfaRgbxbRbLj/ALieyP8A+nJTHcOCPaQswKpfDCW8E/8AZy1IJ+QacVmupaeH95aTnvI7h8kr/wAQKTv6KvQG0MbeTif8aJMi1co9M5Xt2Xj3ZMuf9FWsIvLuVs2qY2PuE4pK5xq4iWB/2a6P6hgPJ6tvS3kKH9leK6jyNLXpGc21448k5/KmqRbLi1lDkKQj+wRVpr9Do6/Iv7HOCH2otaRgE/pycU+TjLLv4qBNPkPtZ6ibA9okxniP/wB0PH/IRW3bxoTSt45jfNJ2qeTufbILT2f76TUPu/Abg3dEFqTwz080M/8A40BuMr7tBJq9yHLyeZf2MvgqxgDFEPxWljL5AHrR4nRsBQS5n+BX+FN0m5s9/iQFoQNwVIV/hWMNuz45b/0VCiPNWwoBRMWnPOw3j/ujn75r5V5ij/MIedPge7UB+Ioh6cpxPM62rHqUgD8atAtWIZ/tasoROkOHxwvA/KonJubMS4BM7KOXrzEk/epDMuEyUTGtTHOs7cyE5CfmroKit90nPQPaZKluOK3UQScU2MqFSxWSprX9oQ0lo3AJSkY2STivF68sC/inKUfVJqr3LNL5iEhX1FCRp+4OYAbUfkmnqcf2I+1/4LJ/rzp4HIlf8Jr48QLAncyT9EmoLH0VdHRlSFJ+aaVt6CmrVyYUfqKF5I/sZHTMebvry2z0GLEYUtajssjFWFoma4bc1z7EjNV5beHCmnUrkKBOdsHpVlWaAmBHQ2n4U+NInkX9TTDA12TKJOWBuoAetey74G0FJX06b9ajMi5qbHKhXTrTY5JekKzknzNKtsfHGO0u8OPqKAc5O29IZMtmIjvn3BnHSmufeI1raJ5uZyoHe9UvynFBCySduuwokrG8QRIr3qwuEttKA8AAaknBrhXqrjBqNMC1oLMVtQMqa4PcZT/NXpVRRlBS+/mL90nz3NdPuzGxb4fBuwPQoEeN7RHDi+7bCedR6kkdT606OMx59R8In/DHh1pPhbYGrFp+KkKABfkKH6x5fiVH+VS52ehCSSQMUyqeSrqhJ+YpPLS480oIGNv2TinKNHMnktjVq28IdQv3xyisw8YLp3zTrbTnKdwCDjFXJraU7HQ4gLUAAepzWaOIU5191SO+ycmo0CpFV23h7ebvcu/EhC0KXnCVZUauZng9Nm6Uet6nXWXVJDmW2wskgbJxtn71DtO2W4vSm3mm1IV+yRt9aujTkLW0VhK2LycAZCHPfH4g0toYmYt1EzOt0163yYrrDzKyhxLiClQI8x4UzMry6OZTit+lbt1C9EvP+S640PZL7hPKHVRwl9I9HOo+mKrm98EuC9wZdmRn77pZ4e9spMqOn6KJX9iKq0g4qUuEWz2UO13w40loSFoLV9uFikwiUokRogEeQCfiWU7hfmSMHzrVFj42aI1IkuWG7xrgkYJ9mfbdKfmEqOPrXJW8Wi12S6vQ7Nf03iK2cIlJjqY5v7Kia8jSJKHm3YzqmnmyChxJIUk+YI3FC5pHV0/hNVqVuSpHXw68sri8OB0Z800GRf8ATsxOHHgR1AUk1zTtfHXi9aIDUGPrB5aGhhKn2Wnl49VOJJP1NLUdpXjQwcnU7Dg8lW+P/JsUHuNf+mdUjT3ax4J6T446QUu3yI0bUlrSXLfIUOXvMDdpRx0P4VgHgzx14hdmbXT/ALMl0xkvdxdrQ+o926AcEjwCx4K/lV0p7U/FTATJassrHi5DUCf7i01UfFmSviteEajuFot9tuXJyPOQW1pS/joVJUpW48wRRQyxvkXP6f1cVwrNWdnPiJZOLnaWv+r7Go+wTICX0NODC2+VCQQR5hRIrZNsmNtpWFOJHvHxrjpwzm6y4R6sjau0pc0JkMZQ6ytJ5H2j8SFY3wfMdK2bozteaEkxUI1Mu52iSrdwLYU80D48qkZUR80irc4p8MxZPDaqPcGbKNzj4P8AlLf3r0XBhQyl5J+tZ3s3HjhNehzw+INpR6SnvZT9nuU1ObVqC3XeMJNouceYyf8AWR3UuJ+6SRV70zDPQ5YfkmWYqTzeI+hogrBPwioOLlJRsl4p/tUNN2nJORLV6b0SkmJ+3kiYOMtLB5wMeoptftFneUVPwYqyPFTST/KmT9MzSMKeUr50W5eJQ/1h+lXaLWJ9HOj9HvJHuu5PkUikM2yTpahzOJI/dKcVLzEUg45QR1zQSyQDsM+ArPR0+CGJ0mVD3wE/In+VGI0tbkHMhAdx59KlC0BGc/akT7alEjORVNF2NgaYjI7thtKEjYBIwKRS2A/8SM/OnZUZRySBXjcBSjlacCqKsjotDLmyWU/aj0WplocxSkn5VIFQkNjAFJ1MY6jNC2NVDWiNzbBIAHpR7cdtH7I+dKw2ADzYHyopfKgHPTzoLY2NHgS0ndRG1FPTh8KKRSJanFd1H94nbYUYpuPbGvark6kHGQjNWlYfANDa1guvK5W+uSaY77qpiG2piIR6qpl1JrZb2WY6+RA2AFQeTNflLJUskHz8adGFi5TURxuV8kzXFALOCetNynmo453DlXgM7mkzskR04ABX+VIu8W4srUSo1phj4sxZMtuhZ7W6653ildOg8q09wi7dFz4e6fhaRvWhYtzgQWw009GlKjvBI6lXMFpUfly1llKiRgZ+1E+8DTUjLLk6Y6U7cPA/UOBc59zsC9sidCW4knyCmO829SBVzaR4o8NNcKRH0lrqx3V9aecR481tT4T4ktZ5x9QK42B0pOASKdbJqC6WW5RrnbpjrEmK6l1l1CilTagcggiqa4M8onZe86RtF6ZImMDcfEnY1UOoezVar9JXJjS3Ggk5SCM5pL2c+2JpriwqLpDWDUDT91aaQ2h+TPSRcFjb3coSEqJ/ZySfCtToZioSAhCOXwwKAzttGZbDwKutndSMIebT0yM5FWXZuHEVLQRKils46oqzlttJ+FI+1EOuNsJUtaglKRkk+AoZBQk7pFR614aWG3WeVepk9tliI0p1xT3ugADJ3rn/AMRNfytTXR+Pb3lNWttZS0hJ+MA/EavHte9ob+s85zhzpOcP0bFVyz3mlf55wf6v5DxrLPMnO+KzTdHuPBeP49uRBjauU770429CVuBRHTem1Ks+XWne3p5W87b1nbZ7PEkhxPKdqAUjO9A5znIVXoV4E/hQ0zUqPQ2kb8lfciSemK+5z0GftXnNgbH71OS6QBaE+OBRKmWz4Ch82FHJzXileXhUtlOKYmcjNHqgUFptyM4H4rzjLiTkLbWUqHyIo1ZP0+VFKUM7E0SkxE8GOS5RJLZxS4oWNSV23X18RybJQ7LU82B/A4VJ/CppZe1jxktX+lzbTdvAiXCCT/5RRVSOOZG5pMXinqnbzo1NnOzeM02TuJpu19tm7ISlF54dxnlbcy4lwLY/uqQr/mqVQ+2Tw/koH6Q09f4rniENMuJH17wH8Kx33yQdsUnkrUUkgmjU2czJ4TTPov8AXEIB9PPxpO5FGObrT49HWcjuxg+dJjCJH+bI+lGmeNkxjciZBynFJvYXVHARt8qk6LaT8WDXjkMtjZGKlgbiO/o1CE5Ucn1olbWMgJp/cjlfxD7UmcgBQyfwobKU6GByOSSQDmkzrRT1AFPjrHICMYxTPdH2o7ZW6rCR+NDQ2E7G6StDSSpRA9c0zkv3J4sRU4HQqV0FKxEk3MKkyFezwkdVE4JqOan1tBtDCoNmSE7YUvxNWoj1IcLldrVplopStLsnxOelVrqLVj9xeWpbxPgADTFdb3JnuqUtZ3Pn1pqLhzua1QwfLFz1CXAv71b68qUT6UF+QlkFCCCrz8qSB9SU4T186L5iTT1j55M0s19HqiVHJOTRjKeZXlXrcSQ6OYN7UczDeQrK0EUTargSDQgDwxSV0ALIFOCWyM5IpE+lCVnJ3oYuywkDfalDWUkZNE8yRjAr0Ob0Tti2rN9cFOBPBHjxwEtjAlQoOqre2pt24wOVuS07vgPI27xPTc746GmzhffOI3ZW402zh/xA1qbhpu8pLEdDNxU9HTk4Q4GVnLRzsdh16msvcFOMepuEWrGr1YguQw5+rlwx0kN+WPMHcGrDOg+JHaT17K1rMuECyxpLyQ0qXKT3sdofCEtJJVkbnfG/jS2qEvHZ1WblJeaDrboKVDIOeorP3a440r4d6NXZLPL5LxdgWWyk7toI95VSy2aws+itFRYN11KmUu2REtuynfdLnKnHMfnXPXjVxKk8TNez74t9SojayzFSTsGweo+f+FJnM6HjNF78yvohq33XlqcdWVqWSVKUdyfM+tCA5sGk6VDHT60chwJ6Csrdn0TDWOKihSyP1iRj7Urm3aHbGQXnADjZIO5qP3e6uW9jvGiAo7A4qGS7o++4pbjilKJ3JNHDE5mPXeX+1W2PZMzqiZOkYYUWm8+B3NLE3i4JwBIUfniobZId8nulcBKQkdVL+GpD+i9VMpyWYLv8KyD+NM9UV2cF67X5Xvi2O6L5cEjdSVZ800cm/v8ARyOhR8xtUdU5fmf9IsayP9hxKqLN5LBzKts5kDqS0cfer9SZF5TX4fyk/wD0lX6ebP8AnI6h8lZoQvEVe5C0/MVE0ajsznxSSn+JBFK2LnbX9mpjSvIc1C8A6P1Jqo90ySC5RVDHegZ8wa8L7KhkPJOfDNNCAlzBScg+VeqZI3FD6DTD6on/AHiOhwryP1opfTlFN4QsdFnbwBot+YuIgrW+R6GqWFmhfUuJ/lEcOZABUrbHjTPc78xEBQ17y/XpTNcb5IkFSQopSfEGmZ11S9yc+tMjiMOq+oNyrCqP/9k=','{\"lat\":\"\",\"long\":\"\"}','Selamat datang','PBM@2022-04-22XczTD','Diajukan','2022-04-22 05:50:04'),(31,7,NULL,NULL,NULL,NULL,'PBM@2022-04-22awscw','Permintaan Token',NULL),(32,5,NULL,'data:image/jpeg;base64,/9j/4AAQSkZJRgABAQAAAQABAAD/4gIoSUNDX1BST0ZJTEUAAQEAAAIYAAAAAAQwAABtbnRyUkdCIFhZWiAAAAAAAAAAAAAAAABhY3NwAAAAAAAAAAAAAAAAAAAAAAAAAAAAAAAAAAAAAQAA9tYAAQAAAADTLQAAAAAAAAAAAAAAAAAAAAAAAAAAAAAAAAAAAAAAAAAAAAAAAAAAAAAAAAAAAAAAAAAAAAlkZXNjAAAA8AAAAHRyWFlaAAABZAAAABRnWFlaAAABeAAAABRiWFlaAAABjAAAABRyVFJDAAABoAAAAChnVFJDAAABoAAAAChiVFJDAAABoAAAACh3dHB0AAAByAAAABRjcHJ0AAAB3AAAADxtbHVjAAAAAAAAAAEAAAAMZW5VUwAAAFgAAAAcAHMAUgBHAEIAAAAAAAAAAAAAAAAAAAAAAAAAAAAAAAAAAAAAAAAAAAAAAAAAAAAAAAAAAAAAAAAAAAAAAAAAAAAAAAAAAAAAAAAAAAAAAAAAAAAAAAAAAFhZWiAAAAAAAABvogAAOPUAAAOQWFlaIAAAAAAAAGKZAAC3hQAAGNpYWVogAAAAAAAAJKAAAA+EAAC2z3BhcmEAAAAAAAQAAAACZmYAAPKnAAANWQAAE9AAAApbAAAAAAAAAABYWVogAAAAAAAA9tYAAQAAAADTLW1sdWMAAAAAAAAAAQAAAAxlblVTAAAAIAAAABwARwBvAG8AZwBsAGUAIABJAG4AYwAuACAAMgAwADEANv/bAEMAAwICAgICAwICAgMDAwMEBgQEBAQECAYGBQYJCAoKCQgJCQoMDwwKCw4LCQkNEQ0ODxAQERAKDBITEhATDxAQEP/bAEMBAwMDBAMECAQECBALCQsQEBAQEBAQEBAQEBAQEBAQEBAQEBAQEBAQEBAQEBAQEBAQEBAQEBAQEBAQEBAQEBAQEP/AABEIAPABQAMBIgACEQEDEQH/xAAcAAACAQUBAAAAAAAAAAAAAAACAwEABAUGBwj/xAA/EAABAwMDAgUDAwIDBgYDAQABAgMRAAQhBRIxBkETIlFhcQcygRSRoUKxUsHRCBUWIzPhJGJygpLwNEOi8f/EABoBAAMBAQEBAAAAAAAAAAAAAAABAgMEBQb/xAAtEQACAgICAQIDCAMBAAAAAAAAAQIRAyESMQQTQVFhcQUUIjKBkaGxI8HwQv/aAAwDAQACEQMRAD8A9jJSJJEGaWs5gYAPriqBCcDMih3p4g4qFVaPNimJckykj3weRVqvacgRFXDhTu3AgGOat1LUkEFRGJEmKONmyimW6xMKUmc0haUe9OWSU7YAHMg0okx8CB70UXEtnEpJKiCRSVoAgzk09UEwYHxSlwZnH4mlSKSRarbQnzKgGfSlKaSCfXt71dKzCVCfekrSJAKjz2pU/Y0r3LPwEpzAGZxSVIT2yBmrx0JKFAY7A0goAEoXjuaK0UWq0QrKZj1NLU2AJI2/AzV0oQfOQZHalFIUkzycVFS7QItlMicD+KWtsiYwDzV0sEiAqlqESkyI7Gq7WxlopobpHpPzQFAzVyoARwIzHrSikBUpOTmiqAQpoTMZOKBTSSDATMelXEDJ/iKBY4JGD6c0uwEKaSExsnjilLQAIIP5Aq6IEzMwe3egXgkYj96aVDLZSASJQCDiTQKbjsAR2HNPU3g7cduBBodoIj/FgHMCnxQUW/hmeMmoW1jzCO0inqCzBBCoEUISY2kHcRwaGn7BRbhnEkTHFUpuRMYPeKc4ASQBkVBhIKpnGadMBCm+ccHmhLZgSk/AFP4MEYjiqMJM5g/zTp+4mi3S3vBlNUloYPaPWmkeUFJHsKogA475p06AX4eT5Pg9qDwwR2V8YNOlJIMwagCFScSfWhL4gJKAkeY5NQEJIk+nY07CQQkmDzNVsTwJEjJIpiE7RugCQTwKkNpg+USPSnhuExAHcYxVA8gJEjue9GhCfDB5JB+aW6gBPfjM1dCEqyQaVcCSBKYBjilohnekFQklQxz2FUtZCJ3ewikpd3JJWSCcZHIqFLlR8ok+s0zmj8yPESUglRk8yKQtUxHbvUrIAIC5PpSZyckyMg0UaxXuC4SkRkTjmaSsgY3SJ4FMWoqghUjjiKUtXp/JmguLT6FrUCAEp7Y/70rYkHzKmjUSY4jilKUCD5hj0HFDL4grHAGRHNJcJyZMc80xSlcpnmOOBSonMAnmKVUOhS5yN3OaWrOQQe5pyh5cRz6cUgmTuBODAzRQ0hKzKpIOOZoCDG/gDGDzTFQpSgBH+dKICdyQVRxzFKrGAsxEHNKVMwYB96aokSaBRP3DM8U6oBSo+0wTFLKcgkginLEjIM+1K2pjzTipGLOT9x+TQKSIyII9KYqEmAZHvQgRMyCc0dBQvaROREUtwH2FOAMkmaWuOCn3FMEK2kJ+4zQ7ZjGTk0wiIGZ5zQqO0SQZHFMOxexSBAz/AJVARAjM96aTBgk/saBH2qScme/epaAUPaTVFG1JkTIntRKSQIOCOAM0BKQCpIzxkimkMGZwsjHA70KkzHkIHvmm+p4McDtQBKkcmRBxT0HYsgD7hP5qtoMECKlOZ3GPeqBSCBmKOxAgEkEmABUhSSDugyMGpkcqk549RUciFZ9JpiBAHBgz6nioAB8uTHpRzkj1GYqIAEDueZpgDuXBSTwczUiASDyPaiPMbeagJmVcwc5oQqKj/FxzgZFIUZnb2/mrgiEwnJJ/ApTv2nJkdqTIdL3O1JIIGSSe5qCrgHPYn2pQXjcFR6Ua1yYEmKRzxfsCVGCY4GJxSlKEHykAY5qVkwQDHtQnvPJ5BpmvQCiAIByfSlbiokST8imKOIMgelK3AHHfjNFlqmDPIjA4pa4gkwMd6IwRB5Jpa09uRHNFFCyVKhSikR6Utah3TnvTFBIISVSDnFAriefzmgYpYHBzH8UuQAQcR37U1RlJ+IwKSZEhRkn04oGLXCQSEj/QUsnttweJ/vTFjdjnHxSijsD+5pUAtYk44FCrA7RTCkj+rFLUBzIik2gEkKKsJMRnNCogDBGPWmqkpxHrQiAMzBNDYCFJI5TE1W2QFHkCSJpqiQfUH2pYByD8UbY+hRjPAoSCc7hj3zTFNgTnPaaBaI3Dgmh/UBeVZ2/vQkA/dBjimKAAjigUnEn+1MBZVIyM5oeE7gI+aMpBGfSh4TBkT6UDtAFQBO0yPYzQgAEQYOY9jTCkZWo/HtQk9lDPYnvQxCyVQTyJjjNCr7JggDIphSRJGR3HvQgQkg4BoAVK1AwIERVEcAR8VJCkpCwqfYdvmqAk4GTToClRg9hiQO9CNpGAcd6KFKOCDHao2EEqBmP5oH2CpHmgKM94qIHYY9aYRhKVDaO4GZFUVgHAgekUXQrBhSVQIj5qijaeCZqVBSiEqkxkVQCtwCTJGRI4piKKTClRAFWN5cMWzZuHXDA/NXqpjbuknsE1p3WepqYlG4BLac+xqZNroKvR6LScQDjGPQURUkYn8UtJhAEk+oqlL9cf50I5Y/idkqUkDuZ96WSckAR6TUSCJg45mo3A959+KZrsEjBnAOZoSAQe49KqfOYxUFUiYwfxQNCyNokCoUQTCiMVKhnygj3patnmAABFBaBySZHlFBKVpJJBmiVOwJ5ilpjk/bORQFAKwJgChWR/SJnmcRUkhY2q47QKBShwAqfijsYC9sCRMeopSkzCgRntNMUJhRnA/FLUVKBOCPegAMk+f8RSzOUg7s+lGrgzS5MTmDQAOwDkmP7UChIn/wCmjUJxVbQOIxQAoozII/1oTKQD2ppPb80uMEqEmlsYHA3E5P8ANAvmNuT6UxXASYJ9u1LHtjtzxS9xC1EzgihUMgjmjkHHeqIR4alY9MmmxiSQCBz2qFHBHGOe1UlaSTsKTOeaWXVqylCSCY55pdBZRhRBBgRQpBAUTtIGRHY0SYVmcjsM1JBAk9z60/oAsqAHqOfihXG2SRJHGBTI8TJAgcd6iNwmJPrijoBU7kkbRgcDmjRmClIgdozVBH9JyQfeq2AEgGTzgcU+wBBKnDiD3E9qhJgbYkZialKsp3LMgRUq4yPiD/Jp0AsJCvKJkZEVEcpKfzRp27pzuMx2FVlRCuAcUCIBkAFQGee9CQQYMknNMCSAQoq9xHNSlCU5VCh60ALc3JkkYImuTdc3hXePslRSQuT6xXV1JOVDKSK5L1Y7bi+unAQVqcVuJzms5uioOmerEKBjdjEcUailQ3KGKUhQUNvAPtRqMYJMVaOKLRCsicnOaFRhWBE8kGq3SDt3ET3NCVCYkE+x5pmydkKKQQJk+s0BkKiDP8URHc0tSjuAgz2FBV2USCYUTJ7UClAgzJ9faqUpQJTMgepoSpRJ80A8UAgVJEAdj3oDJI9BRFRgQe8xNAZ27kjmgoXHrJPahEAE4kjiiME4MEd/8qWoRjdg5BHagAVKMASBPtS1CBJT3zFGopJO5WCO3FAoe8+lKhgEKEqIwaAntOKPH3Hke9Acd49omgASQKDmVZFHA3ZqCIJjigBZB7Z4ihWS3nOe1X9uyjwlPONKURlI4BjtNaz1NroZ/wDD2zIBzIJifzToLHajrVrpqPEdIM5jvWt3P1I6etypLy3ELgwlSe/4rmnWvWryHA00/CUqgsqyZrSidb1MvXFu2GkBO7e5j9hUyajtlRg5dHXr76t2bLqQzsXzCSoj+axVz9XAonYShs9ic/vXJV6Vdv8AnuL4lffaKx11ZXBX4QuVr7ZERWX3iCdG33aaWzumm/Vm0VDb/hlI8s8QPzWZs+vNHuXQ0LtKVExBIEV5ges75h07nHQYyJgUdvfX9m8HmLhxK08mc0/Xgw+7yo9hN37CEp8BSXCvM7pwferlq4DvlRnGfmvMfTXXmsablb630nI3KIINdF0b6nsObE3C1NuKwdwPP9v3rSMoy6M3ilFbOupAQN0AA4oFRwMZ4isTpevtXraQVgn1rMeI24BCue1NkEICkzIgGqEQVKTxj0NUWk8An15qgpIEbDI7c5piAmSNnxIHaqAnzKPaJnmpIVgFIM8xUyBtBxGaAICTsEdhM96EKUIGM4gCiLe07iqR6Gh2BR7gTiP9KYFEKydhBiBVSRuMRiI96pU7ZQZ7ZNQFAmSkqjmZ5pUACxtkAmDOBXD+qbpblzclRSNry8z7mu3rJWk7oAzxXE9e0u7Xf3zq0JCUvubd6ufMc1nOl2OKt0euGz5SclJ7Ci3AgEqjvJpSQZgESc004ggCTzNaHKtETI2qHPftUKKe0T8VBIPlJ70MwTCeTHNBpfzJC85EehpZVu5VB/vUmAYJyMERihVswBAIxFFDTQK0pPEyTzQkHkngSaIqJMAiOIBpcnIyB3mgZLhSSJJx74palACRicQf9KlSknAMn1ofKoHnGPegaAVI9z/b3oFqSBBODzUqkkBSpqDECcigoWSmME44PFAsGNowDmOaNStpiDFKJSD3ntQBCgANx/ihAESck9qncRmqUdwyc0gAJE/HEU22Z8ZUKIgHNKPYpMe9V44ZwFKkgyRwB600KxnUuqs6Vp5CH/DkTAIM/PpXn/rDqnUdRv1aZoB8W5cEKWP6R89vmtq+o+srYSpanHXHVHaygHbn1NaRZvI0hh26cUTc3KpcVyT3/alKShtmmPHKb0NtOkrfTWf12prF5qVwfEccUMIJ7JFDc6c0pKtrSUg5NMPVOnls/qFHdHCRRWmo6Ze58ZQUcCRXDkTyu0elhaxKjBv2tu2rahAP4qzctW9xC7dMHvFbDqDVuxOzaokTIrX7i4IUYVEmIriyY2ujuhlhIx9zp6H2lBSBuA8pisUdCa+9aYPt3rLruFJJgkUq7dY2pcLp9xPBpRUvcuUY/AsW7G1QMQD7VcJt0rRAzHpzVm7coY86OKZb6myVSpUEiIrohCVnNk4V0bD031je6JeN2L5JZUfKRXbentYRqFulTZPmTwea85XRRdIHhqIWk7kEdq336bdX/qiLB9wJuGSBEx+a9LFPkqfZ5WfGou0dqlIO7JIyaIpVu8oAn1NWlhci6aC5hXGfarsFOQAfccE1oznK3RMEDHeoKzBmBmqCdvmUAZ9T/FVtkJIIOO1ICFSqJAjnn+KEqIGI9/8ASmFShAgcetArKiAmZ/imBSVBQyPL3jtVEx5SkhPPzUbFK8kDcIH4qZ//AFkFR9z29aKAWoAeY8KyMVxrq15xjVb9tcEF5RTmfKTIrsqtwBgqMYMmuO/UtAY1t4z/ANZCV+/Ef5VnNP2Kxumep2lHaBB4z7imKXAyCVH1zSW1AiZKiciaNSlYJSJ7iqWzhjF+5K1DaCBB75qs5KpgQQB3pZXuUTG0fFVvIJImD7UzVFFRB3ACAKHdv4nNRvIEwoeoIoFRsJSPmmUvkRuBxI5jFQqDlMTEHtQkjgzk9z3qQoLTBEmhlNtFSB5QDAoPF/wGFf5VSpIKQeIzSleXMgZikNBrPCjEnMUokkfcMcVK1BMxuH5qMTtSDnmgYJUEx6nk+tApfdQzUkiY4PBIoCrOSc0DIJ3ZM+lARIz2qVTPIoSQe+aAKUcbgfxWD6mv1WVuVgHAJABiT71mVBKRz/Nc4+rWoi205xfjeHtQRM9/b1NMRzTXuo39Z16HVgtscCe/rihublL8b1Ag9q03Rl5U42VbVqJKlGSc1nkrc2jBMnn0rjyu30ej48ajpjf0Fi2ve6s+b9qydq3atsFTLQB4msagJUZV5j7niiNwEjYFH47VjdnSl8wdSdWlJJdEzxWGdufEkJXmcmm3inipe5UisJc3qm1FCux7VLjy7Li1Fl444UpkKJBpCl7pk7hVp/vGYSTn370tVytRMGCKlR4s0c29lzvSCQ59p4nigU0yrzoO2D2qxdedJ2nz5n4oUXK5MA/M1orTMskrWjNNbRC0H7aFi+Oj6qzqzUgBQDiU/wBVWlq8oIM4n3o7hXisLbcSMjHrW8bjKzjknNUelejNVY1GwQ7bmQsAjI/etlIIGIk+prh30W6jUp9rSlPHcCUBM/kV3IHhJEwOa7Ozha4uiYk8kfFUVBUgGfao3xlGZ7+1Jurtq1aU+84EttiSo0hDCUbcInOZFSNgE481alqHVtx4kWaEJSBgr+6rFHWt8w4G7vw1pnvjHtUtmscM5K0bydyiYQAR2qJ2EHORExWP0vWbXVrZLjBJP9SSYIq/3IySDjg+1UjGSa0C4siRHm4M1y76k2CLzXbbxVwgseYAcmVf9q6jJIKpExXO+vHm0a0044QEJYEz67jUy17DgrZ6FRuSBtAkCiUrcRPfAP8ApS2lEpjBHuMzRyIAwSORTqzjiCuFSEpkjiagHHnESMgVMhUYMjiqEYOZ5OaZstkb4MqE0BydwJM+1StffifalFQJ8snE49aENIkrHqDu5nFASAZChI96gHBUBJBk0BUCJJOO1BSJVIO5UzGAKArTtIiPT1qVKKoJx6DvQlZJkERPE0FAkiI2k+lCpRAKd0GpUTujgDj2oJUqSqgQUmROBQHJiD+KmBIzgepqoMQkgxyaQwMRBkGhIBzJkGikQZ7UHqIpjIWRAjI9a89/XXVvCvH7ValKK1SEzECBXoMzwa8r/Xm4W/1m9YuHatIQoe6TgE/lJ/aga2zAaMFrtGnBgcxWbRdtpbgqBJ96xdsk22mNwYSRmKw9zrFrZu737tppPMrXFcUkpyPQhLjE2hepW7IWp9YQE8EnmktazpS1lKbhGe81zbVup2roLat3VvBXdIJrS9R1PU25Ns680k9igj+9axw2qJ9eS9ju+o6zaJa2suoOPWsC9dMXaSIBJ9DXGm+p9WZIT+pU5HINbFpHU77nkcwomplgcejSPktqmbncbG5UqBHGaurLw1CXVATnPpWru6opaQHFTPeatb7qEspKG3ZAHINRxb0jTkuzelvWCRtC0GOZOaXttnlAtuoA5ya5TfdY3YSSwncviatv+JNdeEgExzB7VUcLfuQ8t6o68pTaR/ynAoA5INSpYCTE5/iudaFrVyy4FXDq1E8pPat80579Y0FBMhYxNU8bRhzdmzfSdbjXWVuhpRPiPBMemCa9RpTLaVlRB715i+jwI66ZQBIS4oH5CSRXp9IUUAzIPaK6Y6Ry5HcifIJClZJ9KstT09Oq6e9YLWWw4kjcOQex/erwjasgQO/zVbZhI9dxz2ptEHHFm90u9c0vVEqS+0qAr+laexBq31W7ZYyTv7wK336i9Pu6ppDl7pbG+/tU72Y5WO6f2rk2m3zN1a+IshbhwdwyD6Vjki5I9DDm5Kq2Znp/qe8s75D7QIaCgFAnlNdhtLxq+t27plSVNrSCmciuHoUFHaQBFbv0Hr5ZcOjXCxsXlok8HuKeKTri0ZeTjd8kdAcWnaSUjOa5H9Tb1w6+WWyFgMpAQBmcn/MV1S7uWLVhVxcqDbaEkqUeAK4hrOot3Oo3Wpol919aij/yp7AUZZJaObHFyekesEqgkgkCeZmmrko3EbSferdBSB5ZgnFMBBGCQY7960RwJMLdIkD+KpSlEQSDjt3oCpYSQe3IAqPMRuET3ntFN7NlpdFKWn7c4HBpallIA5jkVKlpJKhlQ/alOHsVD3zQVFV7DAQlRIMT6GlL2gHYJ3VKiE+VIHPNBuEqChJ9CaB3QShCcqzQFKTBzHqakLSY2z70JEHKvekNWiCRwOajA559KhS582VEeveoBgSSfigorcO4z3qMAEc1BI7iDQlQmI+DTGSZ2/PNAonmc1JJCYBPzS1OIbG95QCUjcoyBgZOaQWa/r3XXT/T736e/eWtY5S2ASPmSK85fXS50PqPqjT9c07Vdls9bkXjmwhbaW52pKT/AFEmPeQcxWk9WdU67q/U17cm9WQ7cOLSk8QpUgR2iY/FXOnIXq/TPUtzcIJftUaW3JEiHNQaSoj34HwTWVz5fI6n49RT9xmt69pVn0rcnT74uXbLQFul3AUokCV8YE7jxIECK53od5aav1xrFy85+q0+1uHUWfifaWwshCo9wAfzXQ+oOmbXU7VSWWgFpRBHZVcp0mwf0nqq50plrw/1CApoLxujkf2rTFNO0TPHKKOos32lqSAGm0KTgFKRFW1+7pi0q8RxuT6gZrWbpjWLJuSiAedp7Vr+p312FhLjbxANen40fEcP8j2cc3kT/CjKa5Y6WpBdKEbT3ArVrrSnGGlXelXSkOIBUEHKVe1XbjtzdthlKHEEnlVN1Rl7StEN5cJ27xsQVYkniubyVijL/F0aY3Jq2jB2vWLykLaubNSlN4JRwasf+IHdSuP0lm2rxFnCCOPmtz6ettOXojfh2Dgf5cUoAhSu5rWvCaY61GxpLXi26wABGRGa5MUccsiU+jqfPhyQxHTt6pIVd3QBGSlGP5rI2OlsoMHUHxIjkYpepOXSGHU+KJjABrXGeo75g+GtIVHqK6s+HHjr0pGOPJJ9nQToHhH/AMPqqllAmSkEVcWvUer6MwXV2rV0w1lZbJSsD1g81quk9RkuJQ4ytAPcAkVf3WpgJcDP2qBBmuaf4no15Ud4/wBnBaeqOprnqO0Xvs2GlBQ7odVt2g+hgL/mvUTYUE8yK8E/7OfW910Nr+qaohpLjFyx+mW2tZShfn3TjuCMHP3K9a9r9GdYaf1fpQ1CwAQUEJcbBnaqJ571eukYSTTsz5KSYIiKiEpO0Az3qNqSrOc0RIkKSkk9vimQA9CSJEx3PauH/ULp9rp3qI6hZoKLLVFKd2jht3lQ/Mz+9dycCTgqhMelan9SNCRrnS17bsN+JcMINywAZJcQCQPzkfmpasuEuLOR2r7SgoH0kGkG9etV+Iw4sKSQUkHirfRHWnWwFQSffFbA1oy7wANt7Up+6KyumdiakZ3U+qmtd6fYsL+4U0tZBf2p/wCoE5j8nmtY1PX7OzR+n0xtLSQOe9Zq/wBPS3bi2bbStCU4jmtZvulvE3OFS0+0UnUuyVxx9HrZlSwACnAPpVwhaASSAMRjmrVskAEqIjIPvTFrJErJBPOO9bdnip72MWsq+1YM5oSog4wAMZ5oCYyOw5qt6QFBIgcjdTNEyFSE7oTnGRNCpRESB6VShHGB3AoAokkKSMY9aLNF8gsmYMZ5NQoJ7ZpckfaYA5JqlKjJWD/lRthfwJJ2kHcR61SjwAQRzxQlWYSP3qN24poLTspXqJM80BUMgGPSpUAe49YqNyQnzQCDQUVMmTGKFUHImalUYxigKwnPM0JCspRIGT8zWvddJuv+CeoFWZP6gaXdFqDncGlGRWfWpIBUJjvVvcModaUw6mW3ElCh/wCU4I/akOzw2200+5cagsbpJUCe81nOhLsX9n1fo5MIVp+n3I/9TWosq/sDR9Q6K9pOq6noik7V2rzjRMQVbTg/kQfzTPpxpJtLHqvUXIS45prTSEnnF4wo/wD8hVczlUqs9JtTgtmSYcAWTuGORWqdZaBZ6ioXrbIC0HcFpwpJ9QRxWYLqgojicmn2waeRsdWCg81LbsII58xY6nef8prVVEjs+kK/nFW99pV5bqUHlWjhAmd5H+Vb1e9JsO3CnrZ7Yk8Cku9O6XaILty/4hTyPej1JfEp4oSOci7urVW1jSWFrHCisn/Kic6a6i6wuGf1YUptog7EJhCR61sF8th6/b03SmUlx0wn/WukaD0/d6TYpadQlJcG5SieatTvdFLAoDtL6N0vTuj7Rq3tkKeQpXirUmVKJ4z8DiuRfVPoJwu22uaO2Wrq3Vu8owfUV6De1PTWenW9OaWkvBwrWf7fNahqqLS/snm1vJCwPIk9zWMpNT5I3jGPCjgSdb051gW2vaa9avJ8pXtlM+sisLet6eh0KYeZuEEyCMGt/wCotKXpl8j9cyDbXJhKokA+lAjpHSLsodZbShUgwEito5Ets5vRo0+zeaSjwihICuDyavX9Jub22Nrpds4t57ybymEoHqTW52vSqEvCUN7U4BArYEW6bRKEFsR8VblatI55wadGir6eTotra2TSlAttALP+JXc16l/2XbJFv9P7u+JUp661N7eVHgIQhKUj2jPyo1wPV7J+8u27S0QXXnlJbabTytajCU/kkCvXHQXSVv0X0tY9OW7iVKYQVPLAje6olSz/APImPaKvHb7M8q4xo2RsK2mYnvNTMiNon3wKCVb/ADE/tk0cqIkx+a0aOfog7oCNh57UK0gplKZAkHFSpR4SrJMccVRKW/ug4/g091QvoebupLT/AIU6p1HSy3sbbf8AEZjG5tYCkx7CSn/2ms5p3Ufg26G0JAKs/NbX9YejBrVknqDTWt17ZIhyOXGuSPkZI/I71xqxv1hAQV98E1j06OmGRNbOlMa0sNlxTSSDjn/7NW11qxdbI8MAegrWW9ScQnw0qBTGc96S/fvJRAWI7waJJexSlu0ewGlKVCSMRz6USVpMpPmJ9O9KbKfDiJEYkcUSVgKAgRzitUmeOglLA8m0dvgVBUkiVduTNCTkwQSe3agnbB7/ANqpNPTLjfsMCwTAP4ilqVMAkEHETUAkGNwgGYJqFKTlR/ECpfZrVdkqUoyO37VAVCIHeh3hWFJMGoJOQADHAqnfTBOgt5PEf9qoHn044pYPuc1R8uVYqWikySobvLUhRxHelSgqEfOKn2SAKbSXRVh7vX9qAqBMDnuKgKORIMUJweZMZzxSr4jCwMevakqgzIk+hqpyEjPuRUDuEz6+lOqA4v8AWnowuXzOv2AKF3ENvEDhaR5VH2KRHyPetL0pKkOOaZ5C5c2jzPlSAFK2FSR/8kpj3iu69edLXXVGlCztL0W7zLgcSpQJScEEGMxBrhes9O670BrNk9rFzbOLccL7KmVFSdrakzO4D/EO3esMmNSdnXgyxUak9mrnapG8VDdyhtcEpA7k07qG2/3de3dp9vhOkJA7o5Sfykg/mtVur5SZnj2rmlFKVHRjmZu710MylK8d4rV9e191aFNpXjkwasLvU1EFIE/NYooXeveGFGJkn0qow+OjSWRBdP64/p+sjU3gSBISSMAVk+pvqvqKSGtPQtwnASk4FZbSdB0+6t/DfnaRhUd6xGrdGGzdLls34rRMhSRxWzUX2R6kktFlafUbVlthV0HG19weKsdX+pV+xt8NDrqpzHAHzVy5ZNIT4JbClH81br0jcD4jCYjsKlQgmR6k32N1nqxes6Qhh5wqMpKRGQavNG1VxTKSVH0rEvaOG7ULskJCie9XFk2u2BQ6kyRJ+aHjj8S1Js3Cx1eEhK0RGJrLJvU3CAkZ9yM1oaLstq8s/FZ7RLkPuJBJ54ms0nZMmn2dc+jnQr2sdUo6p1Br/wABp2Wtww4//SR7J5PuR7x6IEHj8mMmuefRi/auekU2KGdpsHlMkj+vd55+fMR+K6CjdJkeU+84rujFJaODI7YUiCEgie+6qSRMzzUK8oTCRMVW4EnciSRPNVxIQU+fycx6YqFCDKzuM0IkSdsmqKT2BM5nmKaRNgOpS4disgj7exrgn1N6IPTGouaxYtn/AHddOSoAYZWr+n4JmPmK76StKtoSDHNWGr6ba61YP6bftJcZuUFtaT6fNTOLfsOM6PLzeoAtlClCexpf6sqH3mBU9fdO6h0ZrLmn3CVqZUCthwD/AKiPX5BMGtZOouhtJS5Cgc1hTN+T9j3wFbkgAd/3o+JkfGaU2UqIiJAzREwmEYPtW/yR5cdhBRAyIHzJqAucBP5oSqeAfcUJUByRMcDtRxo3UkEXCnBzI5qN8I3Tn0oJSMTJ4559qHKfNjI/NHfQ0ldjCcwI4nNDuOQoKg4BoCSSAR3mJyKpSypUzx39KY9hKIHY4gVBMiPQjPNBvJwVcnsalXlJgmp6K0iStXEcHBqg5nsfc0A27wUk/wCdUCFTI+MU1XuNNewwKSRJMDtQbp8wHHeagmU8gZ/NRKY55opdjtAlQJ5moOTPY+tSTjHalggnvNGn0OyVxMduDXK/rzp6ndF07VUpSRa3KmFY4S6mf7tj966kpQn0A9a1P6mN2N50ndadeOlv9YUssLSjdseOUKj0BE/ihJt0F12cB6wYNxpmn6zbALQm2asrlU58VtG1Ko9ClIHynvNc6u0q3eoNehUdJaba6O3ol2VOKVZpbudp+5cyVA9oIxXIuteiX9DuF3NoHF2hzn7kf+r/AFq8viNR5LZfj+ZGUnCRoV61CZkCR2qzt3gw62rACs/NXWoujYRuSPXNYJbVxfOeCz5B61yJVo65u+jdLfq6z05oqcKVKOEoT3rGXHWF44vx/HCQMhAPA96wrHStuLgHUL11EggLQJg1jbrojUG3y5Z6qHmyf8UT+KfpxfbGpV0bCrqWyCvEDaNxMqMd6pHUbSlbn2klpRiU9q1F/pzXUFSBCgDkg1as6H1ChwLS75QY2qPFNYUt3/Jpyb9jdXrppP8AzGnQpvsB2pQfTcCUqyPetRcOr2Di2/K42oSoJyKPSL9TqiFrKSkkxPFS417kOTT0bQGzwjknNZzQZbWQkncASBE5rAMOFxI4iOa376V6Hda91HZ2jVuXm23m3HhOA2FAmfaAaqCcnSM5ulZ6x6K0C26e6dtLFllKHC0hy4KeFulI3K/J/iK2BK/DyfuEx70hKpSAFT3jtTQqAcgj9proetM4bsnJUUqUBnPqKkYWY7cEd6BZRuK5gxGapK0gQNs+9PtAnfsEpZkqBiREGqhZUAVRk496FUtwO5zRbp28CCTHrV2kidEpO6VyEmoCdmfKe2D/ADQmYySQDPbmpKgo/dPaI4pRjfQm6NW696N0/rLRXNPuDtuG5VbuRJbX/ocSK8ldXdP6r0zqbthqTKm3G1EDBgjsRXts8YXkdorVesuhtD6xsVWmq2wUsAltxIG9B9QfzWMsdbGsnHR0ZtXYKPOIojgffAP7UhkEAFRAPMelEpaoBJkHMU02jkSoNIMFaSokHA5qEqH3qEq4PahUoEHzYqJSCSQB6Dt+1Pb7NU0ydxBz3HpUpHmiIHIpZJB8pwaMuqiVHI7c0+ujSIRE+YjBGABSiQlWUx2yc1IWCCCqD7UBKifNPz60RtFLfYYXBiYHtVFWYAqN24kqyY+KgkBUc/ml9RppdBFQxM8elQVEYPBoDkeXHrUYBA5IzzmmkvcLCPmg8RUrPoTgUAcIPnMAdqEqTmFEge9NplWEVDkwSKjdI8370K3JIlMjkVb3NzbspLjy0oQnJKlQB+9FAnY0rTyeE8kVg+sbFjVdBumHXQgIR4u5RgJ25kntia1jqP6t9O6Q65a2b7dy6n/qOIWC2j8jk+wrRtL+pOt/ULWbjopkttsag2pKXkJ8yEAguHnIKAoAc7lJ9a68PiZclNLRnOUEtsytrqqlWSG13CLhLzYW06jkpPGfil3JYvmlJdSguJBSQUT4iDyD74/iubdB9T25uXumL+5AW064bRYVgtlRJAPsT/NbleXT1ncB/cR4ZAUlJ5x9wr1uCS4s4X3Zzbrf6clxbl5075m1edVuT5uc7PUe3PzWm2dgWApLrCmljBChBHtXdbkIdaL1qlMEzt42zn9qwF/bs3KtupaahwKyVxCvncP8/wBq4PI+zua5w0duDzP/ADPZyK+bfSnyAkR61g7i6u2JI3JnFdfu+i9LvSpenaipncJ8O4Tge25PP7CsJe/THV0tqdatxcomJt1B3PpCZivJngyQdNHoxzQf5Wc3Rql4lIkqAOPeg/W3Dx2uOqVJ9OK2lzom+bWQq1eBSfMlTZGaubboTXH/AP8AH0t47j9xQQP3NQscrtJmvPWzWEMpda27PL696xF3p6LZ7xG0woenFdKe+nmqWaC5e3VragiYW7Kj7Qmc/NVZdEaO4orvrtb8n7UiE/vVxw5JvoyeeCRqXTWm32ruJYt2yqeT2HzXqj6E9PadobN44HW1XCkoQoz5u547DP8AFc20zTrDSrSLJlDTaB2FaRe9cOt6jdapofUb1u80nbtaJSIEiJnnv+a7cfi8VSe/occsjyOj24HEY8wnnA7Uzek5CpBA/BrwDp31m+oTN6Fs9X6ikFcCblSh+QSR+9d26Z+q/wBSmLRg6tfaTcB9SUoU+kbjPH2EY/FX9wypXa/ev7MnNJ0j0QCCCCBuIiaoHaft3YrkzP1nvrZ5m21LphKnXFFIRaXQcWqBkhBAMfJrcenevdD6kCm2HHWLhr77d9AS4k88SRUPx8y3x1+/9Apxum9m1khI8u4+kxx/lVJ4nt+9Y9nVdOudyWbxlxSTCkhQkH0I9auwUkxhWJ9qzii3Q1AJlSgQnvFSAgkEKUSTGKGPKoGYPviqBRHlJxyd3PtFDSZm5JKkilTwRJA7VbOztwokEfFOkrkz7HFJeVt2zInBgelFfAxlJV0ZxDkQCSQOJ7UW6FbQBxyaU3AAUnMmSZqTtiJgk/msk4p0Z41bCkhRmf8AWpCgZSBAFLSDt+4pPrNFuMDJE+tVo3/ULxQobUnjHvUeYwoqIg8UIWmOQD3jmoUSkgbhNKkux96DBEiCZHNAXCCoASBVBSUpGff0qAolXMgcn0oKTrTJ8UkbgCfYCAKrcmRnJ9qDeB3zE45qxu9Y060UE3F22hRVtSgZUsxwEjJPsKpRfsVyT7MiJn7SJ5panBuIUoDiCK17qLX77TNPU41Y3AfdB8BkMqUpfuQPtHzXM+sOpOukMJU+1/u9tSUkgPhSk477cA11YPBy5XvX1MpeRCHzOt6l1No+jo3ahftIVyElXmP45rWz15q+oXf6Tp3pdbqiY8a7uEtIHuYkx/PtXnq41ZYWX7y4cUtSirxVkkqitm6N+p6NPvEWzqFvNLUAsjgJ+K9VfY0cceTfJ/sYvy3J1BHctU1zUQy5Z6PbeNqAalCiPIFxxJwRPfFaA5px125Fr1rq+o3OrhiV6PYojwlkA+Vc+GUxOSRzVjf/AFEA6ucvumVquNPu9OZtb9KgoN2xQ6o+L7QF5PtntFp1B1toTL11p/Td2lOtXK0NK1do+QIBE5/rO2QOw5mqxeL6e1Gm/wB/5M3k5akzm/1M6dc6Xv0WxfQhb/mLCVlfhDsCrE+kwKseh+oDp+st3bd4m0ftrK78MoSQt1wNFbaZgiPFbaJB5A9a6Kx0R03qV6dVe1my1VwkKi/u5KlDsraoTkcf3rnn1M1jTNOvGtMt9DsLK68VI32KPKUbgD+wNdOTyE0oTdsUU2tI0y8avnVW+o6clSLmyVvSQTj/ADNdO0TqxzqLS20OBLd20mHEnBUmK0jV7K66a17UNGuCp/8ATXDlv4jQMObVEBxHqkxIPcEUi9dudMum9c08u+HtCCtWIPpFcHkZHimpRWjfGvUjxOiMau7pzoO4rbPIP9qyTV0+ttbtmRc2/wBy2leZSR8dxWm6d1Bb67aBxvaHR96ferhi5vLEh23dhYORPatIZlkVo5ZJ45VLs2RDGn3O5SXfAWOAeKQqzvreHWHAUzgoXmfWrVvWNL1EJZuiLG5mC6QS2v3UOR8j9qundK1i2ZNy2yp+2CdxetVh5sJ9VbZKcf4opyjGTor1H7hjVdXbHh/qrgBGQN5FWj2pXznlb3yT3OKty7cvrJQ4qQDI2mQKphu6uUr8PeGkSFuuQhCfyefgZpeljh7f9+w/WvoRd2aXEbr+6QkgztBmhZtrdlHjIbKAOFLPI9hSNQ1TRrFRUwU3j8RuM7Un29a1XqLq8aXanUNQeCB2T6j2rLJkjjVxNY8pF/8AUnrL/c+ktadYqJv9TPhNpGNjcHc5/ED3PtXKen9KTqHUR003gYtyjxHXSkqCPYxV+hd/1Ut3qW9cQgKAQy2oypCB2A9+au7G/tOnSi4ukJaW8SkAZUpPvXFj8j/LyR0ODjCite+nzeh3rVyx1BaXWmvypt63VugjkKScpOe4/tWce67tVMWbDukoft7ZBQ0vKFf61cuDofXrJq1Xrm1x8FRCmlANRwlQHv3E1zrWheWl4pN1dIG0w0G8pKZgEfiu9yeRrf8Aoy5yUdrZ0DSesNQ0q7GpWbj1u8uQgk7oSe1dE0f6vXzTDTFxYxcFsp/UJQCsH1zyK4vbeE9ZBbanN4EgEyK2XRvqF+h01Fi/a+K42CmSe3pXa2oxpq2YwlcuzOat1n1Hdamb62eeackw80SgkT3IrdOlvrH9QbRDTS3279tv7kXKMqH/AKhB/vWlHr66vre2tNP6fYRbN/cgNSXMHk8963PpdTGp6Vc6gLVVndWbSluBo7J9JkEfgRT9OM4XPHS+dCllalXI7N039T7XUm2W9YslWbz0BG1W9tU+9bu1cIdyhwKj815S0b6iOWl0kLDSkBQH24J9R6GutdKdSuak2rUP96qVJ8zbf3JE9xwf71w5/BX5oKivW49nWN6FA7SDA/ekPK3J82IHJrEt6+ytlDzCkvMuCZBgg/8A3tV1b6rZX+5lh2FtGHG1Dzpkdx2ry8mKUHbQnLltGwNO7wN8we/pTkrQTHfkxWNTdqCEyR/GKYm8QCSkpMVy7qzKLbZfboGDJJ7djQqcnyYnmRVmbuePuHYGKWq9TMKUD8etQm30jdNdF6CkplQgkYM5oFPwCAkeXmasXb/wUKcW4EgCTjiuLdT/AFa1PqLVv+Guj5SHFlrxgYUsxOD/AEjBrr8fBl8mXGA5ZVBb2da1Hrvp3SH1W19qrKFpypE7in9qt2utLnULxm20vQ7lTFwZRdPAJbKO6kidx9sCfjNaHY9E9Mos02fU7brV82nxHHUXQBcJ5yZT/wD7Wy6G7pdna3V3p+s/p1sgs2nikHYCmJUR9559uOK9J/Z+LErlbf8ABz/eZy/Kq/75m7aqdafsg3ozltaKAG511orWR3IBISPk/sa0S7s9P6Mec6k1G5ccebClG7ulSpxRE7W0DGfirvTdQRpTJXffUgvtqG90C1SFKV6biCQM9q0rXrnom81b9Rr3UWoawyDuQz4hUhJPYEcUYcbi6S19GKUrV9/sZY/U9i+sBc67e2GnMPjei1ILz0f+YJMD81p3VH1Q6UbtHLLRNG8Z1aY8d5Mwf3M1rH1BvUIWp230tvT7UGGkKELKexI7VpWnXAuL1hKyytBP2uGEEe9evDwsdc7r5GSzctVs2jS+mde6rQXrDT3LohaQUoGUhRgGOw9T2rOaF0JrWk6ghrU+m27hJe8LYblKRlKiFKKTITCVEHHb4rL9ZPdU2vSenW+hbGbbwSFCy8RUJABysiYj1J4rli7Dri4Yub39Pflq0R/z1gKhASmfMe0JM+wNbr1ZahSXze/4ZC4e7L7re6uOn9avtD02+cRZPkOLYS5KQTkJJGFAdjWt6dd3X6ptFq0XXVrCUgiZJPEd6xd4q7t3N94hYJE+cRP71OmX6g94jdz4G1U7xyK6oQnijQSyxerO0ap1drekaH+k6h6bsPCLcIW2kBSDHcdj8VwS6uVa3qzpedcSkuKQkkk7Uk9vgVmeo+pNV8P9C/rP6q2cTuSVrJVj5rAaHa3Wqaixa2LS3bm5dS0yhGSpxRAAjvkivElCUs3Vfrf9nUp8cdr+jfOpOof1PW7musOJcaD7KGysQktBtLQkdhtHHb8VnLvRn/1a7XWGEW9s8fOAZTjmPQ1pHXC2F9QapaspYFu26bT/AJZ/5aw2A2VD2UUFX/uram9M6r1roa260tNcRfshC3F27mYLa1JWArvBQa6vMwJ40lVnPjzxTr/Ro2oqe6T1pZsHvEtvEUG3AcKAPetx0vXLXqC3EKKXBzBgzWL1R3pTqzpmHHEaXqreUySAoz37GucW+tX2i3y0Nr2qaUUgjIVHcHuK+fyYsvjS5xPTUo+RHi/zfE6rf2F8SktrS4gf4jkVZW2sa5o73jWT13bKnbubUpP8isXpn1CYu2Qi5cShxPriaZfdaWzDJcRcIgZOa3j5GLJG8mvkY+lmg6Nh/wCOusXAQdWeBKY3f1R881jLzVNZvc6jfPuwIBWskR+a0y8+ol2+Fi3Rt7Axg+9a/qHVF9cNLXfXa4BwngCuafl4cbrHGzpjhyS/M6Nt1zrLTNAYUW0fqLmDtzgH3rmeo6hr/Ul8q4vV7kqHlSTKUj2HarxGkXWrJS648pJcMogyI96zyNO0FzwLVF8EvJUEqCT9/tRDn5FSyLRTnDx01jVyY7RNds2LVnR7HTXFX90oJDrn2Jgc1ntV6LtLPQrzVtWu3Lm7SyXVOJ+1hIyYq4uNAbOmouba2SlyxIWkggEj1q162+oNpf8ATC9B0xkJNw14TxPMHkTV5U4r8CMYynLs5Fe3i1XKXbRx0lP2wo1mLXVLq4tktXrSitpMNqImRVk34l0E2LVkYTgrEAJPrWdav9NukP6e+U+LY2qlykxBjA/mq8eT+A8snpIZaa5d2toLZJ8scxMVuv0n09jVLi6urhlFy6yQGm1xBPMxXKbe8S2C2l5BEgCTms5051G/pd8FNPqAXg7ZA5kTXqYozyPaowbjG3f8Hoa86zuekmQl3RbVjxPOhIZGDOfwawnW31xbuLNem6Dp6bVF20nxiBkLiCR7RH/arN/6qaP1LptxZ9WWzblw8gxcJAlo42pSPTFao70L+vshqNlqSHSrIQjOPmtsuPGtTTX6ujGORvr/AERpWuFBSbiUj7vWu2/RXU2rl1xVvcMvOo3LLPDkd9smDjMV58DLenLDV8532jEHmurfRBppm/Jt7dxwOvSXEKhafj4ro9K4/h6+hzyad33+h6AcvrGy1RLjGrW9qyIc8J9QSl31O0+vsQZGauNT1BOo6mxqWi3FsL2zSUgIcALrZ5bI/t6GKxmoF1N0m3bvtJX/AFJa1JEbieSg9+c+9WjFmUamyrU+mWmyPN4lq7KB2JEGfWvO9FJ2/wDv5RlLK0j/2Q==','{\"lat\":\"-7.3290297\",\"long\":\"112.7277185\"}','jalannya bergelombang','PBM@2022-04-22qeUWx','Diajukan','2022-04-22 07:22:19'),(33,5,NULL,NULL,NULL,NULL,'PBM@2022-04-22IvR5Y','Permintaan Token',NULL),(34,6,NULL,NULL,NULL,NULL,'PBM@2022-04-22zOU30','Permintaan Token',NULL),(35,10,NULL,NULL,NULL,NULL,'PBM@2022-05-92SFT9','Permintaan Token',NULL),(36,5,NULL,NULL,NULL,NULL,'PBM@2022-05-10V7wLg','Permintaan Token',NULL),(37,11,NULL,NULL,NULL,NULL,'PBM@2022-05-10h2Xyp','Permintaan Token',NULL),(38,11,NULL,NULL,NULL,NULL,'PBM@2022-05-11mIcR3','Permintaan Token',NULL),(39,12,NULL,NULL,NULL,NULL,'PBM@2022-05-13oE6kE','Permintaan Token',NULL),(40,12,NULL,NULL,NULL,NULL,'PBM@2022-05-13DKMyc','Permintaan Token',NULL),(41,12,NULL,NULL,NULL,NULL,'PBM@2022-05-13pJ9uO','Permintaan Token',NULL),(42,12,NULL,NULL,NULL,NULL,'PBM@2022-05-13uHrQH','Permintaan Token',NULL),(43,14,NULL,NULL,NULL,NULL,'PBM@2022-05-14QkcC4','Permintaan Token',NULL),(44,11,NULL,NULL,NULL,NULL,'PBM@2022-05-18ja3ND','Permintaan Token',NULL),(45,12,NULL,NULL,NULL,NULL,'PBM@2022-05-18uI8fy','Permintaan Token',NULL),(46,17,NULL,NULL,NULL,NULL,'PBM@2022-05-189HBeu','Permintaan Token',NULL),(47,1,NULL,NULL,NULL,NULL,'PBM@2022-05-20BAyaM','Permintaan Token',NULL),(48,1,NULL,NULL,NULL,NULL,'PBM@2022-05-207Ca7G','Permintaan Token',NULL),(49,1,NULL,NULL,NULL,NULL,'PBM@2022-05-20JqVRx','Permintaan Token',NULL),(50,1,NULL,NULL,NULL,NULL,'PBM@2022-05-20MewJw','Permintaan Token',NULL),(51,1,NULL,NULL,NULL,NULL,'PBM@2022-05-20Jv1el','Permintaan Token',NULL),(52,1,NULL,NULL,NULL,NULL,'PBM@2022-05-20W44oI','Permintaan Token',NULL),(53,1,NULL,NULL,NULL,NULL,'PBM@2022-05-20OtmHm','Permintaan Token',NULL);
/*!40000 ALTER TABLE `pengaduan` ENABLE KEYS */;
UNLOCK TABLES;

--
-- Table structure for table `pengguna`
--

DROP TABLE IF EXISTS `pengguna`;
/*!40101 SET @saved_cs_client     = @@character_set_client */;
/*!50503 SET character_set_client = utf8mb4 */;
CREATE TABLE `pengguna` (
  `id` int NOT NULL AUTO_INCREMENT,
  `upt_id` int DEFAULT NULL,
  `nama` varchar(50) CHARACTER SET utf8 COLLATE utf8_unicode_ci DEFAULT NULL,
  `username` varchar(50) CHARACTER SET utf8 COLLATE utf8_unicode_ci DEFAULT NULL,
  `password` varchar(50) CHARACTER SET utf8 COLLATE utf8_unicode_ci DEFAULT NULL,
  `level` int DEFAULT NULL,
  PRIMARY KEY (`id`) USING BTREE
) ENGINE=InnoDB AUTO_INCREMENT=3 DEFAULT CHARSET=utf8 COLLATE=utf8_unicode_ci ROW_FORMAT=DYNAMIC;
/*!40101 SET character_set_client = @saved_cs_client */;

--
-- Dumping data for table `pengguna`
--

LOCK TABLES `pengguna` WRITE;
/*!40000 ALTER TABLE `pengguna` DISABLE KEYS */;
INSERT INTO `pengguna` VALUES (1,NULL,'Admin','admin','admin',1),(2,1,'Operator UPT Kabupaten Nganjuk','upt-Kabupaten Nganjuk01','uptKabupaten Nganjuk',2);
/*!40000 ALTER TABLE `pengguna` ENABLE KEYS */;
UNLOCK TABLES;

--
-- Table structure for table `pertanyaan`
--

DROP TABLE IF EXISTS `pertanyaan`;
/*!40101 SET @saved_cs_client     = @@character_set_client */;
/*!50503 SET character_set_client = utf8mb4 */;
CREATE TABLE `pertanyaan` (
  `id` int NOT NULL AUTO_INCREMENT,
  `pid` int DEFAULT NULL,
  `nama` varchar(255) CHARACTER SET utf8 COLLATE utf8_unicode_ci DEFAULT NULL,
  `code` varchar(50) CHARACTER SET utf8 COLLATE utf8_unicode_ci DEFAULT NULL,
  `jawaban` text CHARACTER SET utf8 COLLATE utf8_unicode_ci,
  `file` varchar(50) CHARACTER SET utf8 COLLATE utf8_unicode_ci DEFAULT NULL,
  PRIMARY KEY (`id`) USING BTREE
) ENGINE=InnoDB AUTO_INCREMENT=157 DEFAULT CHARSET=utf8 COLLATE=utf8_unicode_ci ROW_FORMAT=DYNAMIC;
/*!40101 SET character_set_client = @saved_cs_client */;

--
-- Dumping data for table `pertanyaan`
--

LOCK TABLES `pertanyaan` WRITE;
/*!40000 ALTER TABLE `pertanyaan` DISABLE KEYS */;
INSERT INTO `pertanyaan` VALUES (1,NULL,'TATA CARA LAYANAN ONLINE ADMINDUK','1','Pelayanan online Dispendukcapil Kabupaten Nganjuk dapat diakses melalui beberapa website kami. Apabila belum memiliki\nakun dapat mendaftarkan diri terlebih dahulu dengan syarat berdomisili asli warga Kabupaten Nganjuk.\n\n*Silahkan Pilih Menu sebagai berikut :*',NULL),(2,NULL,'SYARAT UMUM PENGAJUAN ADMINDUK','2','Berikut syarat umum pengajuan Administrasi Kependudukan Dispendukcapil Kabupaten Nganjuk.\n*Silahkan Piih Menu sebagai berikut :*',NULL),(4,1,'Cara mengurus Pengajuan Permohonan melalui Online Mandiri Klampid','A','*Halo Sobat Dukcapil....*\n\nPengajuan bisa dilakukan secara online melalui situs kami link: https://klampid-dispendukcapil.Kabupaten Nganjuk.go.id/\n\n\n*Apakah Anda ingin mengajukan Permohonan melaui situs Klampid Next Generation?*\nJika YA ketik *YA* untuk mengajukan Permohonan.\nJika Tidak ketik *Tidak* Akhiri Percakapan.\nJika ingin kembali ke MENU UTAMA silakan ketik *Menu*',NULL),(5,1,'Aduan permasalahan masyarakat terkait ADMINDUK','B','Aduan permasalahan masyarakat *Administrasi Kependudukan*\n*Silahkan Piih Menu sebagai berikut :*',NULL),(9,NULL,'LINK LAYANAN ADMINDUK','3','LINK Layanan *Administrasi Kependudukan*\n*Silahkan Piih Menu sebagai berikut :*',NULL),(10,5,'Website SAPA WARGA','1.b','*Halo Sobat Dukcapil...*\n\n*Website Sapa Warga* merupakan layanan pengaduan untuk mengadukan permasalahan masyarakat terkait administrasi kependudukan.\n\n*Layanan Sapa Warga :*\n- Klik link berikut ini : *https://dukcapilsapawarga-dispendukcapil.Kabupaten Nganjuk.go.id* \n- Silahkan Isi Captcha dengan benar\n- Mohon masukan pengaduan cukup satu kali saja untuk permasalahan yang sama dan jelaskan permasalahan secara detail.\n- Jika ada pengaduan berkali-kali dengan permasalahan yang sama akan memperlama proses solusi permasalahan anda. \n\nNote :  Untuk melihat status pengaduan anda silahkan Klik Menu _*\"Cek Pengaduan\"*_\n\n\n*Apakah Anda ingin mengajukan Permohonan melaui situs Klampid Next Generation?*\nJika YA ketik *YA* untuk mengajukan Permohonan.\nJika Tidak ketik *Tidak* Akhiri Percakapan.\nJika ingin kembali ke MENU UTAMA silakan ketik *Menu*',NULL),(11,5,'Instagram','2.b','*Halo Sobat Dukcapil...*\n\n*Berikut Akun Instagram dan Tata Cara Pengaduan Permasalahan Dispendukcapil Kabupaten Nganjuk:*\n\n@Dispendukcapil.sby atau pada link *https://www.instagram.com/dispendukcapil.sby/*\n- Silahkan Follow akun Instagram @Dispendukcapil.sby \n- Silahkan baca pada Feed IG kami untuk mengetahui perkembangan Informasi Layanan Adminduk di Dispendukcapil Kabupaten Nganjuk\n- Aduan permohonan bisa dilakukan melalui DM IG @Dispendukcapil.sby dengan menyertakan _*\"Nama dan NIK Pelapor/Pemohon\"*_\n\n\n*Apakah Anda ingin mengajukan Permohonan melaui situs Klampid Next Generation?*\nJika YA ketik *YA* untuk mengajukan Permohonan.\nJika Tidak ketik *Tidak* Akhiri Percakapan.\nJika ingin kembali ke MENU UTAMA silakan ketik *Menu*',NULL),(12,5,'Twitter','3.b','*Halo Sobat Dukcapil...*\n\n*Berikut Akun Twitter dan Tata Cara Pengaduan Permasalahan Dispendukcapil Kabupaten Nganjuk:*\n\n@DispendukcapilS atau pada link *https://twitter.com/DispendukcapilS/*\n- Silahkan follow Akun Twitter @DispendukcapilS\n- Silahkan membaca informasi pada akun Twitter untuk mengetahui Perkembangan Informasi Layanan Adminduk di Dispendukcapil Kabupaten Nganjuk.\n- Untuk pengajuan terkait aduan permohnan dapat dilakukan melalui DM pada akun Twitter @DispendukcapilS dengan menyertakan _*\"Nama dan NIK Pelapor / Pemohon.\"*_\n\n\n*Apakah Anda ingin mengajukan Permohonan melaui situs Klampid Next Generation?*\nJika YA ketik *YA* untuk mengajukan Permohonan.\nJika Tidak ketik *Tidak* Akhiri Percakapan.\nJika ingin kembali ke MENU UTAMA silakan ketik *Menu*',NULL),(13,5,'SSW e-KIOS LAYANAN PUBLIK','4.b','*Halo Sobat Dukcapil...*\n\n*Berikut Link SSW e-KIOS LAYANAN PUBLIK dan Tata Cara Pengaduan Permasalahan Dispendukcapil Kabupaten Nganjuk:*\n\nhttps://ssw.Kabupaten Nganjuk.go.id/anjungan/index.php\n- Silahkan masuk pada link *https://ssw.Kabupaten Nganjuk.go.id/anjungan/index.php*\n- Silahkan pilih pada menu Mall Pelayanan Publik ( Jika ingin mengetahui atau mengecek data terkait dokumen Adminduk yang ada).\n\n\n*Apakah Anda ingin mengajukan Permohonan melaui situs Klampid Next Generation?*\nJika YA ketik *YA* untuk mengajukan Permohonan.\nJika Tidak ketik *Tidak* Akhiri Percakapan.\nJika ingin kembali ke MENU UTAMA silakan ketik *Menu*',NULL),(14,5,'E-mail','5.b','*Halo Sobat Dukcapil...*\n\n*Berikut Alamat Email dan Tata Cara Pengaduan Permasalahan Dispendukcapil Kabupaten Nganjuk:*\n\ndis_dukcapil@Kabupaten Nganjuk.go.id\nEmail Dispendukcapil Kabupaten Nganjuk merupakan media yang digunakan untuk sarana pengaduan warga melalui by email, reset password akun Klampid yang terkait dengan Administrasi Kependudukan.\n\n\n*Apakah Anda ingin mengajukan Permohonan melaui situs Klampid Next Generation?*\nJika YA ketik *YA* untuk mengajukan Permohonan.\nJika Tidak ketik *Tidak* Akhiri Percakapan.\nJika ingin kembali ke MENU UTAMA silakan ketik *Menu*',NULL),(15,1,'Cara Mengetahui (Tracking) Proses Pengajuan Dokumen Permohonan Administrasi kependudukan','C','Silahkan Download Aplikasi TAKON KLAMPID di PlayStore (Khusus Android) atau Pilih Menu AKUN TAKON KLAMPID di bawah ini :',NULL),(16,15,'AKUN TAKON KLAMPID','1.c','*Halo Sobat Dukcapil...*\n\n*Aplikasi Takon Klampid* digunakan untuk melakukan cek berkala (tracking) permohonan pengajuan dokumen administrasi kependudukan atau bisa dilihat melalui Notifikasi di Akun KLAMPID.\n\nTata cara tracking dokumen Takon Klampid :\n- Silahkan unduh aplikasi Takon Klampid di Playstore atau pada link berikut : https://play.google.com/store/apps/details?id=dispendukcapil.Kabupaten Nganjuk.takonklampid&amp;hl=in&amp;gl=US\n- Masukkan NIK/No.E-Kitir anda dan tekan tombol Search\n\n\n*Apakah Anda ingin mengajukan Permohonan melaui situs Klampid Next Generation?*\nJika YA ketik *YA* untuk mengajukan Permohonan.\nJika Tidak ketik *Tidak* Akhiri Percakapan.\nJika ingin kembali ke MENU UTAMA silakan ketik *Menu*',NULL),(17,1,'Warga yang berumur 17 tahun atau yang belum pernah perekaman KTP-EL (?)','D','*Halo Sobat Dukcapil...*\n\n*Perekaman Warga yang berumur 17 tahun* atau yang belum pernah perekaman KTP-EL, dapat dilakukan di Kecamatan/Siola. \n\n- Jika di Kecamatan cukup membawa fotocopy KK (Kartu Keluarga).\n- Jika di Siola dapat dilakukan, dengan:\n- Silakan Ambil Antrean secara Online di:\n*https://ssw.Kabupaten Nganjuk.go.id/anjungan/index.php*\n- Pilih Antrian e-KTP SIOLA, Klik LAYANAN REKAM dan pilih tanggal perekaman.\n\n\n*Apakah Anda ingin mengajukan Permohonan melaui situs Klampid Next Generation?*\nJika YA ketik *YA* untuk mengajukan Permohonan.\nJika Tidak ketik *Tidak* Akhiri Percakapan.\nJika ingin kembali ke MENU UTAMA silakan ketik *Menu*',NULL),(18,1,'Proses Pengajuan Permohonan Dokumen Administrasi Kependudukan','E','*Halo Sobat Dukcapil...*\n\n*Proses Pengajuan Permohonan Dokumen Administrasi Kependudukan*\n\n- Waktu Permohonan Administrasi Kependudukan yaitu 7 (Tujuh) Hari Kerja dihitung setelah mendapatkan bukti *E-Kitir.*\n- Jika melebihi waktu yang sudah ditentukan silahkan menghubungi *Call Center* kami di 031-99254200.\n\n\n*Apakah Anda ingin mengajukan Permohonan melaui situs Klampid Next Generation?*\nJika YA ketik *YA* untuk mengajukan Permohonan.\nJika Tidak ketik *Tidak* Akhiri Percakapan.\nJika ingin kembali ke MENU UTAMA silakan ketik *Menu*',NULL),(19,1,'Pengambilan Dokumen Administrasi Kependudukan','F','*Halo Sobat Dukcapil...*\n\n*Pengambilan Dokumen Administrasi Kependudukan* khusus untuk *KTP* (Kartu Tanda Penduduk) dan *KIA* (Kartu Identitas Anak) dapat  dilakukan di Kelurahan sesuai dengan domisili / wilayah masing-masing.\n\n\n*Apakah Anda ingin mengajukan Permohonan melaui situs Klampid Next Generation?*\nJika YA ketik *YA* untuk mengajukan Permohonan.\nJika Tidak ketik *Tidak* Akhiri Percakapan.\nJika ingin kembali ke MENU UTAMA silakan ketik *Menu*',NULL),(20,1,'Lokasi dan Waktu Layanan Administrasi Kependudukan Dispendukcapil Kabupaten Nganjuk ( Mall Pelayanan Publik Dispendukcapil Kabupaten Nganjuk )','G','*Halo Sobat Dukcapil...*\n\n*Lokasi dan Waktu Layanan Administrasi Kependudukan Dispendukcapil Kabupaten Nganjuk (Mall Pelayanan Publik Dispendukcapil Kabupaten Nganjuk).*\n\n*- Lokasi* Mall Pelayanan Publik Dinas Kependudukan dan Pencatatan Sipil Kabupaten Nganjuk berada di Jl. Tunjungan No.1-3 Gedung Siola Lantai III.\n*- Jam Operasional Layanan Adminduk* pada hari kerja Senin - Kamis (07.30-16.00), hari Jumat (07.30-15.00) dan hari Sabtu (08.00-13.00).\n\n\n*Apakah Anda ingin mengajukan Permohonan melaui situs Klampid Next Generation?*\nJika YA ketik *YA* untuk mengajukan Permohonan.\nJika Tidak ketik *Tidak* Akhiri Percakapan.\nJika ingin kembali ke MENU UTAMA silakan ketik *Menu*',NULL),(21,1,'Tata Cara legalisir dokumen yang belum menggunakan QR-Code','H','*Halo Sobat Dukcapil...*\n\n*Tata Cara legalisir dokumen yang belum menggunakan QR-Code*\n\nDokumen Kependudukan yang *Belum ber-barcode*  terbitan Dispendukcapil Kabupaten Nganjuk, bisa dilakukan melalui website klampid-dispendukcapil.sirabaya.go.id. \n- Fotocopy dokumen kependudukan warna hitam dan putih\n- Dokumen Kependudukan (Asli) yang akan dilegalisir\nNote : untuk dokumen kependudukan bukan terbitan dispendukcapil Kabupaten Nganjuk, legalisirnya di Pengadilan Negeri.\n\n\n*Apakah Anda ingin mengajukan Permohonan melaui situs Klampid Next Generation?*\nJika YA ketik *YA* untuk mengajukan Permohonan.\nJika Tidak ketik *Tidak* Akhiri Percakapan.\nJika ingin kembali ke MENU UTAMA silakan ketik *Menu*',NULL),(22,1,'Tata Cara mencetak Dokumen Administrasi Kependudukan jika sudah diterbitkan melalui situs Online Mandiri KLAMPID','I','*Halo Sobat Dukcapil...*\n\n*Tata Cara mencetak Dokumen Administrasi Kependudukan jika sudah diterbitkan melalui situs Online Mandiri KLAMPID*\n\nTata Cara mencetak Dokumen Administrasi Kependudukan *jika sudah diterbitkan* melalui situs Online Mandiri KLAMPID\n- Sesuai aturan Permendagri no 109 thn 2019, dokumen kependudukan dicetak secara mandiri di kertas HVS A4 ukuran 80 gram.\n- Dokumen hasil permohonan akan diberikan dalam bentuk PDF yang dapat diunduh oleh Pemohon dan dicetak secara mandiri.\nTerima Kasih.\n\n\n*Apakah Anda ingin mengajukan Permohonan melaui situs Klampid Next Generation?*\nJika YA ketik *YA* untuk mengajukan Permohonan.\nJika Tidak ketik *Tidak* Akhiri Percakapan.\nJika ingin kembali ke MENU UTAMA silakan ketik *Menu*',NULL),(23,9,'Klampid','3.1','*Halo Sobat Dukcapil..*\n\n*Website Klampid* merupakan layanan pengajuan permohonan administrasi kependudukan bagi warga yang ingin mengurus administrasi kependudukan berbasis online.\n\n*Berikut Link Klampid:*\nhttps://klampid-dispendukcapil.Kabupaten Nganjuk.go.id/ \n\n\n*Apakah Anda ingin mengajukan Permohonan melaui situs Klampid Next Generation?*\nJika YA ketik *YA* untuk mengajukan Permohonan.\nJika Tidak ketik *Tidak* Akhiri Percakapan.\nJika ingin kembali ke MENU UTAMA silakan ketik *Menu*',NULL),(24,9,'Takon Klampid','3.2','*Halo Sobat Dukcapil...*\n\n*Takon Klampid* merupakan sebuah aplikasi layanan dari Dispendukcapil Kabupaten Nganjuk dengan memiliki layanan untuk mengajukan pertanyaan terkait dengan administrasi Adminduk yang sedang diajukan oleh pemohon, sehingga terkait segala permasalahan dapat dilakukan dengan menananyakannya pada aplikasi yang berbasis online ini.\n\nBerikut Link Unduh Aplikasi \"Takon Klampid\":\nhttps://play.google.com/store/apps/details?id=dispendukcapil.Kabupaten Nganjuk.takonklampid&amp;hl=in&amp;gl=US\n\n\n*Apakah Anda ingin mengajukan Permohonan melaui situs Klampid Next Generation?*\nJika YA ketik *YA* untuk mengajukan Permohonan.\nJika Tidak ketik *Tidak* Akhiri Percakapan.\nJika ingin kembali ke MENU UTAMA silakan ketik *Menu*',NULL),(25,9,'Website Sapa Warga','3.3','*Halo Sobat Dukcapil...*\n\n*Website Sapa Warga* adalah website resmi dari Dispendukcapil Kabupaten Nganjuk bagi warga yang memiliki kendala dalam pengurusan dokumen administrasi kependudukan dan melakukan pelaporan terkait permasalahan dan kendala yang dialami.\nhttps://dukcapilsapawarga-dispendukcapil.Kabupaten Nganjuk.go.id/\n\n\n*Apakah Anda ingin mengajukan Permohonan melaui situs Klampid Next Generation?*\nJika YA ketik *YA* untuk mengajukan Permohonan.\nJika Tidak ketik *Tidak* Akhiri Percakapan.\nJika ingin kembali ke MENU UTAMA silakan ketik *Menu*',NULL),(26,9,'Link Instagram','3.4','*Halo Sobat Dukcapil...*\n\nInstagram @Dispendukcapil.sby merupakan akun sosial media yang dimiliki oleh Dispendukcapil Kabupaten Nganjuk untuk mampu memberikan segala informasi terkait layanan yang ada pada Dispendukcapil Kabupaten Nganjuk berbasis sosial media selain terdapat informasi, Sobat Adminduk juga dapat mengajukan pengaduan melalui fitur DM Instagram dengan format ( Nama Lengkap serta melampirkan NIK ).\n\n*Berikut Link Akun Instagram Dispendukcapil Kabupaten Nganjuk:*\nhttps://www.instagram.com/dispendukcapil.sby/\n\n\n*Apakah Anda ingin mengajukan Permohonan melaui situs Klampid Next Generation?*\nJika YA ketik *YA* untuk mengajukan Permohonan.\nJika Tidak ketik *Tidak* Akhiri Percakapan.\nJika ingin kembali ke MENU UTAMA silakan ketik *Menu*',NULL),(27,9,'Link Twitter','3.5','*Halo Sobat Dukcapil...*\n\nTwitter @DispendukcapilS merupakan akun sosial media twitter yang dimiliki oleh Dispendukcapil Kabupaten Nganjuk untuk mampu memberikan segala informasi terkait layanan yang ada pada Dispendukcapil Kabupaten Nganjuk berbasis sosial media selain terdapat informasi, Sobat Adminduk juga dapat mengajukan pengaduan melalui fitur DM Twitter dengan format (Nama Lengkap serta melampirkan NIK).\n\n*Berikut Link Akun Twitter Dispendukcapil Kabupaten Nganjuk:*\nhttps://twitter.com/DispendukcapilS/\n\n\n*Apakah Anda ingin mengajukan Permohonan melaui situs Klampid Next Generation?*\nJika YA ketik *YA* untuk mengajukan Permohonan.\nJika Tidak ketik *Tidak* Akhiri Percakapan.\nJika ingin kembali ke MENU UTAMA silakan ketik *Menu*',NULL),(28,9,'Link SSW e-KIOS LAYANAN PUBLIK','3.6','*Halo Sobat Dukcapil...*\n\n*SSW e-KIOS LAYANAN PUBLIK* adalah website untuk melakukan pencetakan dokumen perizinan secara mandiri oleh warga Kabupaten Nganjuk.\n\n*Berikut Link SSW atau Kabupaten Nganjuk Single Window:*\nhttps://ssw.Kabupaten Nganjuk.go.id/anjungan/index.php\n\n\n*Apakah Anda ingin mengajukan Permohonan melaui situs Klampid Next Generation?*\nJika YA ketik *YA* untuk mengajukan Permohonan.\nJika Tidak ketik *Tidak* Akhiri Percakapan.\nJika ingin kembali ke *Menu Utama* silakan ketik *Menu*',NULL),(29,9,'E-mail Resmi Dispendukcapil','3.7','*Halo Sobat Dukcapil...*\nEmail Dispendukcapil Kabupaten Nganjuk merupakan media yang digunakan untuk sarana pengaduan warga melalui by email, reset password akun Klampid yang terkait dengan Administrasi Kependudukan.\nBerikut alamat *Email* resmi Dispendukcapil Kabupaten Nganjuk: \ndis_dukcapil@Kabupaten Nganjuk.go.id\n\n\n*Apakah Anda ingin mengajukan Permohonan melaui situs Klampid Next Generation?*\nJika YA ketik *YA* untuk mengajukan Permohonan.\nJika Tidak ketik *Tidak* Akhiri Percakapan.\nJika ingin kembali ke MENU UTAMA silakan ketik *Menu*',NULL),(30,NULL,'JENIS-JENIS LAYANAN ADMINDUK','4','*JENIS-JENIS LAYANAN Administrasi Kependudukan*\nSilakan pilih opsi jenis layanan:',NULL),(31,30,'KTP-eL','4.1','a. Tempat Pelayanan Pembuatan KTP-el Baru dan Syaratnya\nb. Tata Cara Pembuatan KTP-el Baru\nc. Tata Cara Pengajuan Perubahan Elemen Data, Rusak dan Hilang terkait KTP-el\nd. Tata Cara Cetak Pengajuan Perubahan Elemen Data KTP-el\ne. Terkait Legalisir KTP-el\nf. Memeriksa ( Tracking ) permohonan KTP-el\ng. Tata Cara Pembuatan KTP-el luar Kabupaten Nganjuk ( Luar Jawa Timur )\nh. Tata Cara Cetak Pembuatan KTP-el Luar Kabupaten Nganjuk ( Luar Jawa Timur )\ni. Tata Cara Pengajuan Perekaman Ulang KTP-el Akibat Kesalahan Biometrik',NULL),(32,30,'Akta Kelahiran','4.2','Silakan pilih opsi yang Anda inginkan:\n\n*a. Tata cara Pengajuan Permohonan Akta Kelahiran*\n\n*b. Kepengurusan Akta Kelahiran untuk:*\n   1. Untuk Diri Sendiri\n   2. Untuk Anak atau Cucu (Keluarga satu KK)\n   3. Lain - lain\n   \n   *1. Diri sendiri*\n      a. Tata Cara dan Syarat Pembetulan Nama Akta Kelahiran\n      b. Tata Cara dan Syarat Penerbitan Akta Kelahiran untuk Dewasa\n      c. Tata Cara Mengurus Akta Kelahiran yang Hilang\n      d. Tata Cara Legalisir Akta Kelahiran\n   \n   *2. Anak atau Cucu (Keluarga satu KK)*\n      a. Tata Cara dan Syarat Mengurus Pengajuan Akta Kelahiran\n      b. Tata Cara dan Syarat Pembetulan Nama Akta Kelahiran\n      c. Pengurusan Akta Kelahiran Bayi yang Lahir di Luar Kabupaten Nganjuk\n      d. Tata Cara Mengurus Akta Kelahiran yang Hilang\n      e. Tata Cara Legalisir Akta Kelahiran\n   \n   *3. Lain - Lain*\n      a. Pengurusan Akta Kelahiran tanpa Memiliki Surat Keterangan Lahir dan Keberadaan Orang Tua Tidak Jelas.\n      b. Tata Cara Membuat Akta Kelahiran, jika Orang Tua tidak Memiliki Surat Nikah atau Akta Kawin atau Ibu dibawah Umur\n      c. Tata Cara Penerbitan Akta untuk Anak Adopsi',NULL),(33,30,'Akta Kematian','4.3','a. Tempat Kepengurusan Akta Kematian\nb. Tata Cara Perubahan nama pada Akta Kematian\nc. Tata Cara Kepengurusan Akta Kematian yang Hilang\nd. Tata Cara Legalisir Akta Kematian\ne. Tata Cara Mengurus Akta Kematian untuk Anggota Keluarga Tunggal ( Tidak memiliki Keluarga / Tunggal di dalam KK )',NULL),(34,30,'Akta Perkawinan','4.4','a. Tata cara pengajuan pencatatan perkawinan\nb.  Pengajuan Akta Perkawinan untuk :\n1. WNI menikah di Indonesia\n2. WNI menikah di luar negeri\n3. WNI dan WNA\nc. Tata cara pengajuan akta perkawinan \nd. Tata cara pembayaran denda akta perkawinan',NULL),(35,30,'Akta Perceraian','4.5','a. Tata cara pengajuan akta perceraian\nb. Pengajuan Akta Perceraian untuk :\n  1. Diri Sendiri;\n  2. Keluarga;\n  3. Lain – lain\n\n  1. Diri Sendiri \n      - Persyaratan membuat akta perceraian\n      - Kelengkapan berkas pengajun akta perceraian\n      - Tata cara mendapat no akta perceraian \n      - Tata cara mencetak akta perceraian secara online\n      - Tata cara legalisir akta perceraian \n  2. Keluarga \n      - Tata cara dan syarat mengurus akta perceraian\n      - Kelengkapan berkas pengajuan akta perceraian\n      - Tata cara mendapat no akta perceraian yang hilang\n      - Tata cara pengambilan akta perceraian salah satu pemohon sudah meninggal\n      - Tata cara legalisisr akta perceraian \n  3. Lain – lain \n      - Tata cara mengurus akta perceraian tanpa pengacara\n      - Tata cara pengecekan status perceraian',NULL),(36,30,'Pemuktahiran Biodata','4.6','a. Tata cara pengurusan pengajuan permohonan perubahan biodata\nb. Pengajuan permohonan perubahan (Pemutakhiran) biodata untuk :\n    1. Diri Sendiri\n    2. Keluarga',NULL),(37,30,'Pindah Keluar WNI','4.7','a. Tempat Mengurus Pindah Keluar WNI\nb. Syarat Pengajuan Pindah Keluar\nc. Jika Penduduk Yang Pindah Masih Dibawah 17 Tahun\nd. Persyaratan Batal Pindah\ne. Jika Yang Pindah Adalah Istri Dan Anak (Bercerai)\nf. Durasi Proses Pengajuan Pindah',NULL),(38,30,'Pindah Datang','4.8','a. Tempat Mengurus Pindah Datang\nb. Syarat Pengajuan Pindah Datang\nc. Tata Cara Jika Penduduk Yang Pindah Masih Dibawah 17 Tahun\nd. Jika Alamat Tujuan Bukan Milik Sendiri\ne. Jika Masa Berlaku Masa SKPWNI Sudah Habis\nf. Durasi Pengurusan Pindah Datang',NULL),(39,30,'Pindah Dalam Kota','4.9','a. Tempat Mengurus Pindah Dalam Kota\nb. Syarat Pengajuan Pindah Dalam Kota\nc. Tata Cara Proses Pindah Jika Alamat Yang Digunakan Adalah Rusun\nd. Persyaratan Jika Pemohon Tinggal Di Apartemen',NULL),(40,30,'Kartu Keluarga','4.10','*Silakan pilih opsi yang Anda inginkan:*\na. Tata cara Pengajuan Kartu Keluarga\nb. Tata cara pemutakhiran Biodata &amp; Pemutakhiran Biodata Keluarga\nPEMUTAKHIRAN BIODATA KELUARGA :\n*Untuk pemohon usia dibawah 17 thn, gunakan akun orang tua\n*Untuk orang tua yang mau mengubah data anaknya\n*Atau untuk anak yang mau mengubah data keluarganya\nc. Tata cara cetak KK yang rusak\nD. Tata cara cetak KK yang hilang\nE. Tata cara memperbaharui KK WNI yang lama (KK warna merah/KK warna pink/KK bahan karton/KK warna biru muda)\nF. Tata cara pecah Kartu Keluarga \nG. Tata cara mengurus KK setelah pelaporan Akta Lahir Luar Negeri',NULL),(41,4,'AKUN KLAMPID','1.a','*AKUN KLAMPID*\nWebsite Klampid digunakan untuk mengajukan permohonan seperti cetak E-KTP, Akta Kelahiran, KK dan sebagainya.\n\nTata cara pembuatan akun Klampid :\n- Silahkan masuk pada link berikut  https://klampid-dispendukcapil.Kabupaten Nganjuk.go.id/ \n- Buat akun klampid\n- Verifikasi akun (Foto KTP-el/KK/Surat kehilangan dari Kepolisian dan Selfie dengan KTP-el/KK dengan ukuran maks.1MB)\n- Tunggu proses verifikasi (1x24 jam), apabila sudah diverifikasi maka dapat lanjut ke tahap berikutnya\n\n*Apakah Anda ingin mengajukan Permohonan melaui situs Klampid Next Generation?*\nJika YA ketik *YA* untuk mengajukan Permohonan.\nJika Tidak ketik *Tidak* Akhiri Percakapan.\nJika ingin kembali ke MENU UTAMA silakan ketik *Menu*',NULL),(46,2,'Syarat Umum KTP-eL','2.1','*Halo Sobat Dukcapil...*\n\nBerikut syarat umum KTP-eL:\n1. Fotocopy KK\n2. Nomer Antrian (Apabila melakukan perekaman di Siola)\n\n- Perekaman KTP-el dilakukan pada HARI dan JAM KERJA\n- Nomer antrian bisa dicetak atau di screenshoot dan disimpan di gadget masing-masing. Nomor antrian dapat didapatkan pada http://ssw.Kabupaten Nganjuk.go.id/anjungan/index.php\n\n*Apakah Anda ingin mengajukan Permohonan melaui situs Klampid Next Generation?*\nJika YA ketik *YA* untuk mengajukan Permohonan.\nJika Tidak ketik *Tidak* Akhiri Percakapan.\nJika ingin kembali ke MENU UTAMA silakan ketik *Menu*',NULL),(47,NULL,'KLAMPID NEXT GENERATION','5','*KLAMPID NEXT GENERATION* merupakan situs Layanan Dispendukcapil Kabupaten Nganjuk yang dapat digunakan untuk mengajukan berbagai permohonan administrasi kependudukan, seperti: Permohonan cetak KTP-el, Permohonan penerbitan akta kelahiran, Permohonan penerbitan Kartu Keluarga, dan lain sebagainya. \nKLAMPID NEXT GENERATION dapat diakses melalui Android dan Website.\n\nAnda dapat mengunduh aplikasi KLAMPID NEXT GENERATION melalui Google PlayStore pada Link berikut:\n......\n\nAtau anda dapat mengakses KLAMPID NEXT GENERATION melalui Link Website:\n*v2.klampid.disdukcapilKabupaten Nganjuk.id*',NULL),(49,2,'Syarat Umum Akta Kelahiran','2.2','*Halo Sobat Dukcapil...*\nPengajuan akta kelahiran bisa dilakukan dengan cara sebagai berikut :\n \n1. Pengajuan bisa dilakukan di Kelurahan/Kecamatan \n2. Pengajuan bisa dilakukan secara online melalui situs kami link: https://klampid-dispendukcapil.Kabupaten Nganjuk.go.id/ \n\nPERSYARATAN AKTA KELAHIRAN :\n1. Surat Kelahiran ASLI dr dokter/bidan/RS/penolong kelahiran\n2. KK dan KTP-el ortu\n3. fotocopy buku nikah ortu dilegalisir\n4. ktp-el 2 orang saksi (saksi berktp-el sby)\n\n\n*Apakah Anda ingin mengajukan Permohonan melaui situs Klampid Next Generation?*\nJika YA ketik *YA* untuk mengajukan Permohonan.\nJika Tidak ketik *Tidak* Akhiri Percakapan.\nJika ingin kembali ke MENU UTAMA silakan ketik *Menu*',NULL),(50,2,'Syarat Umum Akta Kematian','2.3','*Halo Sobat Dukcapil...*\n\nPengajuan Akta Kematian dapat dilakukan secara online (mandiri) melalui website klampid di klampid-dispendukcapil.Kabupaten Nganjuk.go.id atau di kelurahan / kecamatan sesuai domisili.\n\nuntuk persyaratan mengurus akta kematian adalah sebagai berikut:\n1. Surat kematian dari dokter/RS ASLI atau Surat Pernyataan kematian dari keluarga (Bisa didownload pada menu permohonan akta kematian) ditanda tangani di atas materai 10000\n2. KTP/KK Asli yang meninggal\n3. Fotocopy KTP &amp; KK pelapor\n4. Fotocopy KTP 2 orang saksi (saksi KTP-el Kabupaten Nganjuk)\n\n\n*Apakah Anda ingin mengajukan Permohonan melaui situs Klampid Next Generation?*\nJika YA ketik *YA* untuk mengajukan Permohonan.\nJika Tidak ketik *Tidak* Akhiri Percakapan.\nJika ingin kembali ke MENU UTAMA silakan ketik *Menu*',NULL),(51,2,'Syarat Umum Akta Perkawinan','2.4','*Halo Sobat Dukcapil....*\nPengisian formulir permohonan akta perkawinan bisa melalui https://klampid-dispendukcapil.Kabupaten Nganjuk.go.id/ dan melengkapi berkas yang diperlukan.\n\nPersyaratan Pencatatan Perkawinan :\n1. Mengisi formulir permohonan melalui https://klampid-dispendukcapil.Kabupaten Nganjuk.go.id/\n2. Surat keterangan telah terjadinya perkawinan dari pemuka agama\n3. Pas foto berdampingan 4x6 (background bebas)\n4. KK &amp; KTP-el (apabila salah satu mempelai warga luar Kabupaten Nganjuk)\n*Catatan: Saksi pencatatan perkawinan mohon bukan orang tua kandung atau kakek atau nenek dari mempelai serta saksi berusia minimal 21 tahun dan memiliki KTP-el Kabupaten Nganjuk\n\n\n*Apakah Anda ingin mengajukan Permohonan melaui situs Klampid Next Generation?*\nJika YA ketik *YA* untuk mengajukan Permohonan.\nJika Tidak ketik *Tidak* Akhiri Percakapan.\nJika ingin kembali ke MENU UTAMA silakan ketik *Menu*',NULL),(52,2,'Syarat Umum Akta Perceraian','2.5','*Halo Sobat Dukcapil...* \n\nUntuk pengajuan Akta Perceraian dapat dilakukan dengan beberapa cara, sebagai berikut : \n\n1. Pengajuan bisa dilakukan secara offline dengan mengunjungi Kelurahan/Kecamatan yang saat ini menjadi domisili pemohon \n2. Selanjutnya pengajuan secara online dapat dilakukan dengan mengunjungi situs website klampid, berikut link sistus website dapat di akses : https://klampid-dispendukcapil.Kabupaten Nganjuk.go.id \n\nNOTE : jika belum memiliki akun silahkan mendaftar akun dengan memilih menu \"DAFTAR\" jika sudah memiliki akun silahkan langsung login menggunakan username dan password kemudian memilih menu \"PERMOHONAN AKTA PERCERAIAN\"\n\n\n*Apakah Anda ingin mengajukan Permohonan melaui situs Klampid Next Generation?*\nJika YA ketik *YA* untuk mengajukan Permohonan.\nJika Tidak ketik *Tidak* Akhiri Percakapan.\nJika ingin kembali ke MENU UTAMA silakan ketik *Menu*',NULL),(53,2,'Syarat Umum Pemutakhiran Biodata','2.6','*Halo Sobat Dukcapil....* \nPengajuan permohonan pemuktahiran biodata bisa dilakukan dengan cara sebagai berikut : \n\n1. Pengajuan bisa dilakukan di Kelurahan/Kecamatan \n2. Pengajuan bisa dilakukan secara online melalui situs kami link https://klampid-dispendukcapil.Kabupaten Nganjuk.go.id/ \n\nNote : jika belum memiliki akun silahkan mendaftar akun dengan memilih menu \"DAFTAR\" jika sudah memiliki akun silahkan langsung login menggunakan username dan password kemudian memilih menu \"PEMUTAKHIRAN BIODATA KELUARGA\".\n\n\n*Apakah Anda ingin mengajukan Permohonan melaui situs Klampid Next Generation?*\nJika YA ketik *YA* untuk mengajukan Permohonan.\nJika Tidak ketik *Tidak* Akhiri Percakapan.\nJika ingin kembali ke MENU UTAMA silakan ketik *Menu*',NULL),(54,2,'Syarat Umum Pindah Keluar WNI','2.7','*Halo Sobat Dukcapil....* \nPengajuan permohonan pindah keluar bisa dilakukan dengan cara sebagai berikut : \n\n- Pemohon hanya perlu melampirkan KK Kabupaten Nganjuk (jika melakukan pengajuan melalui kelurahan / kecamatan maka diserahkan ke petugas)\n(KTP-el hanya ditunjukkan saja)\n- Pengajuan Pindah Keluar dapat dilakukan secara mandiri melalui website klampid pada alamat klampid-dispendukcapil.Kabupaten Nganjuk.go.id ataumelalui kelurahan / kecamatan / RT (rintisan kalimasada).\n\n\n*Apakah Anda ingin mengajukan Permohonan melaui situs Klampid Next Generation?*\nJika YA ketik *YA* untuk mengajukan Permohonan.\nJika Tidak ketik *Tidak* Akhiri Percakapan.\nJika ingin kembali ke MENU UTAMA silakan ketik *Menu*',NULL),(55,2,'Syarat Umum Pindah Datang','2.8','*Halo Sobat Dukcapil....* \n\nPengajuan pindah datang bisa dilakukan dengan cara sebagai berikut : \n\n- Surat Keterangan Pindah dari daerah asal (SKPWNI), SPTJM (formulir disediakan di kelurahan).\n- Pengajuan Pindah datang dapat dilakukan di kelurahan / di RT rintisan kalimasada yang selanjutnya akan dilakukan outreach oleh petugas ke rumah pemohon dan RT.\n\n\n*Apakah Anda ingin mengajukan Permohonan melaui situs Klampid Next Generation?*\nJika YA ketik *YA* untuk mengajukan Permohonan.\nJika Tidak ketik *Tidak* Akhiri Percakapan.\nJika ingin kembali ke MENU UTAMA silakan ketik *Menu*',NULL),(56,2,'Syarat Umum Pindah Dalam Kota','2.9','*Halo Sobat Dukcapil...*\n\nPengajuan bisa dilakukan dengan cara sebagai berikut : \n- KK Kabupaten Nganjuk, KTP-el, surat jaminan tempat tinggal (disediakan oleh kelurahan), dan Berita Acara Verifikasi (formulir disediakan oleh kelurahan).\n- Pengajuan Pindah Datang dapat dilakukan di kelurahan tujuan yang selanjutnya akan dilakukan outreach oleh petugas ke rumah pemohon dan RT dengan hasil outreach berupa berita acara verifikasi.\n\n\n*Apakah Anda ingin mengajukan Permohonan melaui situs Klampid Next Generation?*\nJika YA ketik *YA* untuk mengajukan Permohonan.\nJika Tidak ketik *Tidak* Akhiri Percakapan.\nJika ingin kembali ke MENU UTAMA silakan ketik *Menu*',NULL),(57,2,'Syarat Umum Kartu Keluarga','2.10','*Halo Sobat Dukcapil...*\n\nBerikut ini adalah persyaratan untuk pengajuan Kartu Keluarga:\n1. Fotocopy Akta Kawin;\n2. Surat Keterangan Jaminan Tempat Tinggal dari pemilik rumah diketahui oleh RT &amp;RW;\n3. KTP pemilik rumah;\n4. Surat Keterangan Pindah Datang (bila yang pindah dalam wilayah Negara RI);\n5. Surat Keterangan Datang dari Luar Negeri (bagi yang datang dari Luar Negeri karena pindah);\n6. Akta Kelahiran/Biodata (bila ada).\n\n\n*Apakah Anda ingin mengajukan Permohonan melaui situs Klampid Next Generation?*\nJika YA ketik *YA* untuk mengajukan Permohonan.\nJika Tidak ketik *Tidak* Akhiri Percakapan.\nJika ingin kembali ke MENU UTAMA silakan ketik *Menu*',NULL),(63,NULL,'PERTANYAAN UMUM TERKAIT ADMINDUK','6','Silakan pilih opsi *Pertanyaan Umum* terkait ADMINDUK:',NULL),(64,63,'Bagaimana cara memperbaiki data jika ada yang salah?','6.1','*Halo Sobat Dukcapil...*\n\nJika mengalami kendala dapat mengajukan melalui Petugas Dispendukcapil yang bertugas di Kantor Kecamatan sesuai domisili KK Saudara, atau bisa menghubungi Call Center kami di 031-99254200.  \n\n\n*Apakah Anda ingin mengajukan Permohonan melaui situs Klampid Next Generation?*\nJika YA ketik *YA* untuk mengajukan Permohonan.\nJika Tidak ketik *Tidak* Akhiri Percakapan.\nJika ingin kembali ke MENU UTAMA silakan ketik *Menu*',NULL),(65,1,'Selesai','Selesai','Mudah Bukan Sobat Dukcapil... Ayo Segera Tertib Administrasi Kependudukan.\n\n\n*Apakah Anda ingin mengajukan Permohonan melaui situs Klampid Next Generation?*\n\nJika YA ketik *YA* untuk mengajukan Permohonan.\nJika Tidak ketik *TIdak* Akhiri Percakapan.',NULL),(67,31,'a. Tempat Pelayanan Pembuatan KTP-el Baru dan Syaratnya','4.1a','*a. Tempat Pelayanan Pembuatan KTP-eL Baru dan Syaratnya:*\n\n*Halo Sobat Dukcapil...*\nUntuk perekaman KTP-eL yang baru berumur 17 tahun bisa dilakukan di seluruh kantor kecamatan di Kabupaten Nganjuk atau di Siola (Mall Pelayanan Publik)\n\n*Berikut persyaratan melakukan perekaman KTP-eL , yaitu:*\n1. Fotocopy KK\n2. Nomer Antrian (Apabila melakukan perekaman di Siola)\n\n*Perekaman KTP-el dilakukan pada HARI dan JAM KERJA\n\n\n*Apakah Anda ingin mengajukan Permohonan melaui situs Klampid Next Generation?*\nJika YA ketik *YA* untuk mengajukan Permohonan.\nJika Tidak ketik *Tidak* Akhiri Percakapan.\nJika ingin kembali ke MENU UTAMA silakan ketik *Menu*',NULL),(70,31,'b. Tata Cara Pembuatan KTP-el Baru','4.1b','*b. Tata Cara Pembuatan KTP-eL Baru*\n\n*Halo Sobat Dukcapil...*                                                                                                                                                                                                                                                                                                                                               Silahkan Anda konfirmasi kepada pihak kecamatan, untuk melakukan pelayanan perekaman KTP-eL baru. Apabila, kecamatan Anda menerima perekaman KTP-eL, silakan melakukan perekaman KTP-eL di kecamatan, namun apabila tidak menerima perekaman KTP-eL baru silakan Anda melakukan perekaman di Siola dengan mengambil nomer antrian melalui http://ssw.Kabupaten Nganjuk.go.id/anjungan/index.php\n(silakan cek secara berkala untuk info terbaru tanggal pendaftaran perekaman di Siola)\n\nPersyaratan melakukan perekaman ktp-el , yaitu :\n1. Fotocopy KK\n2. Nomer Antrian (Apabila melakukan perekaman di Siola)\n\n*Perekaman KTP-el dilakukan pada HARI &amp; JAM KERJA\n*Nomer antrian bisa dicetak atau di screenshoot dan disimpan di gadget masing-masing.\n\n\n*Apakah Anda ingin mengajukan Permohonan melaui situs Klampid Next Generation?*\nJika YA ketik *YA* untuk mengajukan Permohonan.\nJika Tidak ketik *Tidak* Akhiri Percakapan.\nJika ingin kembali ke MENU UTAMA silakan ketik *Menu*',NULL),(73,32,'a. Tata cara Pengajuan Akta Kelahiran','4.2a','*a. Tata cara Pengajuan Permohonan Akta Kelahiran*\n\n*Halo Sobat Dukcapil...*\nPengajuan bisa dilakukan dengan cara sebagai berikut :\n1. Pengajuan bisa dilakukan di Kelurahan/Kecamatan \n2. Pengajuan bisa dilakukan secara online melalui situs kami link:  https://klampid-dispendukcapil.Kabupaten Nganjuk.go.id/\n\nNOTE: Jika belum memiliki akun silahkan mendaftar akun dengan memilih menu _*DAFTAR*_  jika sudah memiliki akun silahkan langsung login menggunakan username dan password kemudian memilih menu _*PERMOHONAN AKTA KELAHIRAN*_.\n\n\n*Apakah Anda ingin mengajukan Permohonan melaui situs Klampid Next Generation?*\nJika YA ketik *YA* untuk mengajukan Permohonan.\nJika Tidak ketik *Tidak* Akhiri Percakapan.\nJika ingin kembali ke MENU UTAMA silakan ketik *Menu*',NULL),(76,32,'b. Kepengurusan Akta Kelahiran','4.2b','*Silakan pilih opsi Kepengurusan Akta Kelahiran, berikut:*\n\n1. Untuk Diri Sendiri\n2. Untuk Anak atau Cucu (Keluarga satu KK)\n3. Lain - lain',NULL),(77,76,'1. Akta Kelahiran untuk Diri Sendiri','4.2b1','*1. Pengurusan Akta Kelahiran untuk Diri Sendiri*\n\nPilih opsi pertanyaan berikut:\na. Persyaratan pembetulan Nama Akta Kelahiran \nb. Tata Cara dan Syarat Penerbitan Akta Kelahiran untuk Dewasa \nc. Tata Cara Mengurus Akta Kelahiran yang Hilang \nd. Tata Cara Legalisir Akta Kelahiran',NULL),(78,77,'a. Pembetulan Nama pada Akta Kelahiran','4.2b1a','*a. Persyaratan pembetulan Nama pada Akta Kelahiran*\n\n*Halo Sobat Dukcapil...*\nNama pada Akta Kelahiran *dapat dibetulkan*, dengan mengajukan Perubahan Nama pada Akta Kelahiran secara online (mandiri) melalui website klampid di https://klampid-dispendukcapil.Kabupaten Nganjuk.go.id/ atau di kelurahan / kecamatan sesuai domisili dengan melampirkan persyaratan.\n\nPersyaratan Permohonan Perubahan Nama:\n1. Asli dan fotocopy Kutipan Akta Kelahiran yang akan mengalami perubahan nama\n2. Fotocopy KTP + KK \n3. Fotocopy akta perkawinan / nikah (bagi yang sudah menikah)\n4. Fotocopy salinan Penetapan Pengadilan Negeri tentang Ganti Nama yang dilegalisasi\n\n\n*Apakah Anda ingin mengajukan Permohonan melaui situs Klampid Next Generation?*\nJika YA ketik *YA* untuk mengajukan Permohonan.\nJika Tidak ketik *Tidak* Akhiri Percakapan.\nJika ingin kembali ke MENU UTAMA silakan ketik *Menu*',NULL),(80,77,'b. Akta Kelahiran untuk Dewasa (Bayi Tua)','4.2b1b','*b. Tata Cara dan Syarat Penerbitan Akta Kelahiran untuk Dewasa*\n\n*Halo Sobat Dukcapil...*\nAkta Kelahiran *dapat* diterbitkan untuk *orang dewasa*. \n\nPengajuan Akta Kelahiran dapat dilakukan secara online (mandiri) melalui website klampid di  https://klampid-dispendukcapil.Kabupaten Nganjuk.go.id/ atau di kelurahan / kecamatan sesuai domisili dengan melampirkan:\n- Surat Kelahiran ASLI (apabila ada) atau SPTJM KELAHIRAN, \n- KK dan KTP-el pemohon, \n- fotocopy buku nikah milik orang tua pemohon dilegalisir (apabila ada) atau SPTJM KEBENARAN SUAMI-ISTRI pengganti buku nikah orang tua, \n- ktp-el 2 orang saksi (saksi berktp-el sby).\n\n*SPTJM KELAHIRAN dan SPTJM KEBENARAN SUAMI-ISTRI dapat diunduh melalui website klampid.\n\n\n*Apakah Anda ingin mengajukan Permohonan melaui situs Klampid Next Generation?*\nJika YA ketik *YA* untuk mengajukan Permohonan.\nJika Tidak ketik *Tidak* Akhiri Percakapan.\nJika ingin kembali ke MENU UTAMA silakan ketik *Menu*',NULL),(81,77,'c. Akta Kelahiran yang Hilang','4.2b1c','*c. Tata Cara pengurusan Akta Kelahiran yang Hilang*\n\n*Halo Sobat Dukcapil...*\nPengajuan Kutipan Kedua Akta Kelahiran karena hilang *dapat* dilakukan secara online (mandiri) melalui website klampid di  https://klampid-dispendukcapil.Kabupaten Nganjuk.go.id/ atau di kelurahan / kecamatan dengan melampirkan surat kehilangan dari kepolisian dan fotokopi akta kelahiran yang hilang.  \n\nNOTE: Jika tidak memiliki fotokopi akta kelahiran yang hilang, maka pemohon diarahkan untuk mengajukan konfirmasi akta terlebih dahulu melalui menu konfirmasi keabsahan akta melalui website klampid. \n\n\n*Apakah Anda ingin mengajukan Permohonan melaui situs Klampid Next Generation?*\nJika YA ketik *YA* untuk mengajukan Permohonan.\nJika Tidak ketik *Tidak* Akhiri Percakapan.\nJika ingin kembali ke MENU UTAMA silakan ketik *Menu*',NULL),(82,33,'a. Tempat Kepengurusan Akta Kematian','4.3a','*Halo Sobat Dukcapil...*\n\nPengajuan Akta Kematian dapat dilakukan secara online (mandiri) melalui website klampid di klampid-dispendukcapil.Kabupaten Nganjuk.go.id atau di kelurahan / kecamatan sesuai domisili. \n\n\n*Apakah Anda ingin mengajukan Permohonan melaui situs Klampid Next Generation?*\nJika YA ketik *YA* untuk mengajukan Permohonan.\nJika Tidak ketik *Tidak* Akhiri Percakapan.\nJika ingin kembali ke MENU UTAMA silakan ketik *Menu*',NULL),(83,33,'b. Tata Cara Perubahan nama pada Akta Kematian','4.3b','*Halo Sobat Dukcapil...*\nUntuk perubahan nama pada akta kematian dapat dilakukan dengan cara mengajukan Perubahan Nama pada Akta Kematian  dapat dilakukan secara online (mandiri) melalui website klampid di klampid-dispendukcapil.Kabupaten Nganjuk.go.id atau di kelurahan / kecamatan sesuai domisili dengan melampirkan persyaratan penetapan pengadilan negeri.\n\n\n*Apakah Anda ingin mengajukan Permohonan melaui situs Klampid Next Generation?*\nJika YA ketik *YA* untuk mengajukan Permohonan.\nJika Tidak ketik *Tidak* Akhiri Percakapan.\nJika ingin kembali ke MENU UTAMA silakan ketik *Menu*',NULL),(84,33,'c. Tata Cara Kepengurusan Akta Kematian yang Hilang','4.3c','*Halo Sobat Dukcapil...*\n\nPengajuan Kutipan Kedua Akta Kematian  karena hilang dapat dilakukan secara online (mandiri) atau di kelurahan / kecamatan dengan melampirkan surat kehilangan  dari kepolisian dan fotokopi akta kematian yang hilang.  \n\n\n*Apakah Anda ingin mengajukan Permohonan melaui situs Klampid Next Generation?*\nJika YA ketik *YA* untuk mengajukan Permohonan.\nJika Tidak ketik *Tidak* Akhiri Percakapan.\nJika ingin kembali ke MENU UTAMA silakan ketik *Menu*',NULL),(85,77,'d. Tata Cara Legalisir Akta Kelahiran','4.2b1d','*d. Tata Cara Legalisir Akta Kelahiran*\n\n*Halo Sobat Dukcapil...*\nJika akta kelahiran yang *belum bertandatangan* elektronik, *dapat dilegalisir* secara online (mandiri) melalui website klampid di  https://klampid-dispendukcapil.Kabupaten Nganjuk.go.id/ atau di kelurahan / kecamatan sesuai domisili.\n\nPengajuan Legalisir Akta Kelahiran dapat lakukan dengan cara berikut:\n- Buat akun klampid\n- Verifikasi akun (upload foto KTP-el/KK dan selfie dengan KTP-el/KK)\n- Tunggu proses verifikasi (1x24 jam), apabila sudah diverifikasi maka dapat lanjut ke tahap berikutnya\n- Pilih menu Legalisir Online\n- Isi data dengan benar dan lengkap\n\n*Untuk contoh posisi scan dokumen bisa di liat melaui tombol Posisi Dokumen yang discan, setelah memilih dokumen yang akan discan\n\nNOTE: Sesuai Peraturan Menteri Dalam Negeri Republik Indonesia No. 104 Tahun 2019 pasal 19 ayat (6) bahwa dokumen kependudukan dengan format digital dan sudah ditandatangani secara elektronik dan KTP-el tidak memerlukan legalisir.\n\n\n*Apakah Anda ingin mengajukan Permohonan melaui situs Klampid Next Generation?*\nJika YA ketik *YA* untuk mengajukan Permohonan.\nJika Tidak ketik *Tidak* Akhiri Percakapan.\nJika ingin kembali ke MENU UTAMA silakan ketik *Menu*',NULL),(86,33,'d. Tata Cara Legalisir Akta Kematian','4.3d','*Halo Sobat Dukcapil...*\nJika akta kematian yang _*belum bertandatangan elektronik*_, dapat dilegalisir secara online (mandiri) melalui website klampid pada alamat  klampid-dispendukcapil.Kabupaten Nganjuk.go.id atau di kelurahan / kecamatan sesuai domisili. \nSesuai Peraturan Menteri Dalam Negeri Republik Indonesia No. 104 Tahun 2019 pasal 19 ayat (6) bahwa dokumen kependudukan dengan format digital dan sudah ditandatangani secara elektronik dan KTP-el tidak memerlukan legalisir. \n\n\n*Apakah Anda ingin mengajukan Permohonan melaui situs Klampid Next Generation?*\nJika YA ketik *YA* untuk mengajukan Permohonan.\nJika Tidak ketik *Tidak* Akhiri Percakapan.\nJika ingin kembali ke MENU UTAMA silakan ketik *Menu*',NULL),(87,33,'e. Tata Cara Mengurus Akta Kematian untuk Anggota Keluarga Tunggal ( Tidak memiliki Keluarga / Tunggal di dalam KK )','4.3e','*Halo Sobat Dukcapil...*\nJika yang meninggal tidak memiliki keluarga / tunggal di dalam kartu keluarga. Maka, Pelapornya adalah Ketua RT dengan melampirkan SK pengangkatan RT dan persyaratan lain sesuai ketentuan.\n\n\n*Apakah Anda ingin mengajukan Permohonan melaui situs Klampid Next Generation?*\nJika YA ketik *YA* untuk mengajukan Permohonan.\nJika Tidak ketik *Tidak* Akhiri Percakapan.\nJika ingin kembali ke MENU UTAMA silakan ketik *Menu*',NULL),(88,31,'c. Tata Cara Pengajuan Perubahan Elemen Data, Rusak dan Hilang terkait KTP-el','4.1c','*Halo Sobat Dukcapil...*\nTerkait pengajuan cetak ulang KTP-el yang mengalami kerusakan, perubahan data, atau hilang dapat dilakukan secara online (mandiri)  atau dapat dilakukan di kelurahan / kecamatan dengan melampirkan: \n-Surat Kehilangan\n-Kartu Keluarga terbaru\n-KTP-el lama untuk kemudian dicetak oleh Dinas Kependudukan dan Pencatatan Sipil dan dikirim ke kelurahan.\n\n\n*Apakah Anda ingin mengajukan Permohonan melaui situs Klampid Next Generation?*\nJika YA ketik *YA* untuk mengajukan Permohonan.\nJika Tidak ketik *Tidak* Akhiri Percakapan.\nJika ingin kembali ke MENU UTAMA silakan ketik *Menu*',NULL),(89,31,'d. Tata Cara Cetak Pengajuan Perubahan Elemen Data KTP-el','4.1d','*Halo Sobat Dukcapil...*\nTerkait pengajuan KTP-el karena perubahan element pada KTP-el bisa dilakukan melalui situs kami https://klampid-dispendukcapil.Kabupaten Nganjuk.go.id/ dengan mengikuti arahan sebagai berikut:\n- Pilih menu LOGIN WARGA\n- Buat akun klampid\n- Verifikasi akun (Foto KK dan Selfie dengan KK)\nTunggu proses verifikasi (1x24 jam), apabila sudah diverifikasi maka dapat lanjut ke tahap berikutnya\n- Pilih menu Cetak KTP-el (Identitasku)\n- Login kembali dgn username dan password klampid\n- Pilih menu di pojok kiri atas\n- Pilih permohonan pengajuan baru\n- Cek dan isi data pemohon dgn benar dan lengkap \n- Pilih alasan “Perubahan element”\n- Upload foto KTP-el lama dan KK Kabupaten Nganjuk baru\n- Cek di menu status pengajuan. Tunggu sampai permohonan ditolak/diapprove oleh petugas. Note: Apabila permohonan diapproval petugas, pemohon akan mendapatkan E-KITIR. Apabila permohonan ditolak, maka mohon dipahami catatan dr petugas utk alasan penolakannya \nPengambilan KTP-el di kelurahan dgn membawa ekitir dan KTP-el lama , silakan tracking secara berkala melalui aplikasi TAKON KLAMPID (download di playstore). Apabila KTP-el sudah jadi dan dapat diambil di kelurahan , akan muncul keterangan di aplikasi tersebut.\n\n\n*Apakah Anda ingin mengajukan Permohonan melaui situs Klampid Next Generation?*\nJika YA ketik *YA* untuk mengajukan Permohonan.\nJika Tidak ketik *Tidak* Akhiri Percakapan.\nJika ingin kembali ke MENU UTAMA silakan ketik *Menu*',NULL),(90,31,'e. Terkait Legalisir KTP-el','4.1e','*Halo Sobat Dukcapil...*\nMengikuti Peraturan Menteri Dalam Negeri Republik Indonesia No. 104 Tahun 2019 pasal 19 ayat (6) bahwa dokumen kependudukan dengan format digital dan sudah ditandatangani secara elektronik dan KTP-el tidak memerlukan legalisir. \n\n\n*Apakah Anda ingin mengajukan Permohonan melaui situs Klampid Next Generation?*\nJika YA ketik *YA* untuk mengajukan Permohonan.\nJika Tidak ketik *Tidak* Akhiri Percakapan.\nJika ingin kembali ke MENU UTAMA silakan ketik *Menu*',NULL),(91,31,'f. Memeriksa ( Tracking ) permohonan KTP-el','4.1f','*Halo Sobat Dukcapil...*\nTerkair status pengajuan cetak KTP-el dapat dilihat pada aplikasi android Takon Klampid pada menu Layanan Takon-ID, lalu Cek Status Kependudukan, KTP-el. \n\n\n*Apakah Anda ingin mengajukan Permohonan melaui situs Klampid Next Generation?*\nJika YA ketik *YA* untuk mengajukan Permohonan.\nJika Tidak ketik *Tidak* Akhiri Percakapan.\nJika ingin kembali ke MENU UTAMA silakan ketik *Menu*',NULL),(92,31,'g. Tata Cara Pembuatan KTP-el luar Kabupaten Nganjuk ( Luar Jawa Timur )','4.1g','*Halo Sobat Dukcapil...*\n\nTerkait perekaman KTP-el Penduduk luar domisili Kabupaten Nganjuk (Luar Jawa Timur), bisa pendaftaran melalui petugas Dispendukcapil yang ada di Kecamatan. Dengan membawa Fotocopy KK Pemohon. Untuk pelaksanaan perekaman KTP-el dilakukan di Kantor Pelayanan Dispendukcapil Gedung Siola lt.1 (alamat bisa Pemohon cari melalui google), sesuai jadwal yang diinfokan oleh Petugas. Namun untuk cetak KTP-el, yang mencetak adalah Dispendukcapil sesuai domisili KK Pemohon. \n\n\n*Apakah Anda ingin mengajukan Permohonan melaui situs Klampid Next Generation?*\nJika YA ketik *YA* untuk mengajukan Permohonan.\nJika Tidak ketik *Tidak* Akhiri Percakapan.\nJika ingin kembali ke MENU UTAMA silakan ketik *Menu*',NULL),(93,31,'h. Tata Cara Cetak Pembuatan KTP-el Luar Kabupaten Nganjuk ( Luar Jawa Timur )','4.1h','*Halo Sobat Dukcapil...*\n\nBerikut persyaratan untuk cetak KTP-el Luar Kabupaten Nganjuk (Luar Jawa Timur) sebagai berikut :\n- KTP-el asli \n- Fotocopy KK\n- Surat permohonan untuk cetak KTP-el luar Kabupaten Nganjuk yg ditujukan kepada kepala Dinas Kependudukan dan Pencatatan Sipil Kabupaten Nganjuk\npengajuan cetak ktp-el luar Kabupaten Nganjuk silahkan kakak ke Kecamatan sesuai domisili saat ini untuk bertemu dengan petugas Dispendukcapil yang ditempatkan di Kecamatan. \nTerima Kasih\n\n\n*Apakah Anda ingin mengajukan Permohonan melaui situs Klampid Next Generation?*\nJika YA ketik *YA* untuk mengajukan Permohonan.\nJika Tidak ketik *Tidak* Akhiri Percakapan.\nJika ingin kembali ke MENU UTAMA silakan ketik *Menu*',NULL),(94,31,'i. Tata Cara Pengajuan Perekaman Ulang KTP-el Akibat Kesalahan Biometrik','4.1i','*Halo Sobat Dukcapil...*\n\nTerkait perekaman ulang KTP-el dikarenakan YOB (salah background/menggunakan peci/memakai softlens/memakai kacamata/foto buram/tanda tangan kosong) pengajuan bisa dilakukan di Kecamatan sesuai domisili KK bertemu dengan petugas Dispendukcapil yang ditempatkan di Kecamatan. \nBisa disampaikan ke petugas untuk pengajuan Perekaman YOB dan didaftarkan melalui e-sulay. \n\nUntuk perekaman KTP-el ulang diwajibkan untuk mengantri ya sobat Adminduk, jadi sobat Adminduk tidak perlu datang ke kantor pelayanan kami apabila belum dihubungi petugas. Note: mohon untuk tidak mengganti nomor HP agar memudahkan petugas untuk menghubungi kakak.\nTerimakasih\n\n\n*Apakah Anda ingin mengajukan Permohonan melaui situs Klampid Next Generation?*\nJika YA ketik *YA* untuk mengajukan Permohonan.\nJika Tidak ketik *Tidak* Akhiri Percakapan.\nJika ingin kembali ke MENU UTAMA silakan ketik *Menu*',NULL),(95,76,'2. Akta Kelahiran untuk Anak/Cucu','4.2b2','*2. Pengurusan Akta Kelahiran untuk Anak/Cucu (Keluarga satu KK)*\n\nPilih opsi pertanyaan berikut:\na. Tata Cara dan Syarat Mengurus Pengajuan Akta Kelahiran \nb. Tata Cara dan Syarat Pembetulan Nama Akta Kelahiran \nc. Tata Cara Pengurusan Akta Kelahiran Bayi yang Lahir di Luar Kabupaten Nganjuk \nd. Tata Cara Mengurus Akta Kelahiran yang Hilang \ne. Tata Cara Legalisir Akta Kelahiran',NULL),(96,63,'Berapa Lama waktu Pengajuan ADMINDUK?','6.2','*Halo Sobat Dukcapil...*\nWaktu Permohonan Administrasi Kependudukan yaitu 7 (Tujuh) Hari Kerja dihitung setelah mendapatkan bukti E-Kitir. \n\n\n*Apakah Anda ingin mengajukan Permohonan melaui situs Klampid Next Generation?*\nJika YA ketik *YA* untuk mengajukan Permohonan.\nJika Tidak ketik *Tidak* Akhiri Percakapan.\nJika ingin kembali ke MENU UTAMA silakan ketik *Menu*',NULL),(98,63,'Bagaimana cara mencetak Dokumen ADMINDUK?','6.4','*Halo Sobat Dukcapil...*\nUntuk Mencetak Dokumen Adminduk Jika sudah *diterbitkan melalui online mandiri Klampid*, *Sesuai aturan Permendagri no 109 thn 2019*, dokumen kependudukan dicetak secara mandiri di kertas *HVS A4 ukuran 80 gram*.\n\nDokumen hasil permohonan akan diberikan dalam bentuk PDF yang dapat diunduh oleh Pemohon dan dicetak secara mandiri. \n\n\n*Apakah Anda ingin mengajukan Permohonan melaui situs Klampid Next Generation?*\nJika YA ketik *YA* untuk mengajukan Permohonan.\nJika Tidak ketik *Tidak* Akhiri Percakapan.\nJika ingin kembali ke MENU UTAMA silakan ketik *Menu*',NULL),(99,63,'Bagaimana Jika NIK tidak bisa terbaca oleh sistem?','6.3','*Halo Sobat Dukcapil...*\nBagi Sobat Adminduk Kabupaten Nganjuk yang mengalami permasalahan  kependudukan dalam pelayanan publik seperti registrasi provider, BPJS, Pembukaan Rekening Bank dan pengurusan sejenisnya. Silahkan *KONSOLIDASI* NIK melalui *DUKCAPIL SAPAWARGA.*\n\nAkses Link dibawah ini :\nhttps://dukcapilsapawarga-dispendukcapil.Kabupaten Nganjuk.go.id\nDengan melampirkan data dibawah ini :\n1. NIK :\n2. NO.KK :\n3. NAMA :\n4. EMAIL :\n5. PERMASALAHAN :\n\n\n*Apakah Anda ingin mengajukan Permohonan melaui situs Klampid Next Generation?*\nJika YA ketik *YA* untuk mengajukan Permohonan.\nJika Tidak ketik *Tidak* Akhiri Percakapan.\nJika ingin kembali ke MENU UTAMA silakan ketik *Menu*',NULL),(100,63,'Verifikasi akun Klampid butuh waktu berapa lama?','6.5','Verifikasi Akun Klampid menunggu 2x24 jam, dan dilakukan pada hari kerja.\n\n\n*Apakah Anda ingin mengajukan Permohonan melaui situs Klampid Next Generation?*\nJika YA ketik *YA* untuk mengajukan Permohonan.\nJika Tidak ketik *Tidak* Akhiri Percakapan.\nJika ingin kembali ke MENU UTAMA silakan ketik *Menu*',NULL),(101,63,'Mengapa NIK dan KK tidak valid pada menu Klampid?','6.6','*Halo Sobat Dukcapil...*\n\nKetika dinyatakan tidak valid saat pengajuan proses pada menu-menu di klampid, NIK yang didaftarkan di akun Klampid harus sama dengan NIK yang mengajukan permohonan Kepengurusan.\n\n\n*Apakah Anda ingin mengajukan Permohonan melaui situs Klampid Next Generation?*\nJika YA ketik *YA* untuk mengajukan Permohonan.\nJika Tidak ketik *Tidak* Akhiri Percakapan.\nJika ingin kembali ke MENU UTAMA silakan ketik *Menu*',NULL),(102,63,'Mengapa tidak bisa upload dokumen persyaratan?','6.7','*Halo Sobat Dukcapil...*\n\nApabila tidak bisa upload dokumen persyaratan pada menu-menu di klampid, Pastikan ukuran dokumen tidak lebih dari 250kb dan perhatikan format dokumen yang diminta apakah JPEG atau PDF.\n\n\n*Apakah Anda ingin mengajukan Permohonan melaui situs Klampid Next Generation?*\nJika YA ketik *YA* untuk mengajukan Permohonan.\nJika Tidak ketik *Tidak* Akhiri Percakapan.\nJika ingin kembali ke MENU UTAMA silakan ketik *Menu*',NULL),(103,34,'a. Tata cara pengajuan pencatatan perkawinan','4.4.a','*a. Tata cara pengajuan pencatatan perkawinan*\n\n*Halo Sobat Dukcapil...*\nPengajuan pencatatan perkawinan dapat dilakukan dengan pengisian formulir permohonan melalui https://klampid-dispendukcapil.Kabupaten Nganjuk.go.id/ dan melengkapi berkas yang diperlukan. Persyaratan Pencatatan Perkawinan :\n1. Mengisi formulir permohonan melalui https://klampid-dispendukcapil.Kabupaten Nganjuk.go.id/\n2. Surat keterangan telah terjadinya perkawinan dari pemuka agama\n3. Pas foto berdampingan 4x6 (background bebas)\n4. KK &amp; KTP-el (apabila salah satu mempelai warga luar Kabupaten Nganjuk)\n*saksi pencatatan perkawinan mohon bukan orang tua kandung atau kakek atau nenek dari mempelai serta saksi berusia minimal 21 thn dan memiliki KTP-el Kabupaten Nganjuk\n\n\n*Apakah Anda ingin mengajukan Permohonan melaui situs Klampid Next Generation?*\nJika YA ketik *YA* untuk mengajukan Permohonan.\nJika Tidak ketik *Tidak* Akhiri Percakapan.\nJika ingin kembali ke MENU UTAMA silakan ketik *Menu*',NULL),(104,34,'b. Pengajuan Akta Perkawinan','4.4.b','*Silakan pilih opsi pengajuan kepengurusan Akta Perkawinan, berikut:*\n1. WNI menikah di Indonesia \n2. WNI menikah di luar negeri \n3. WNI dan WNA',NULL),(105,104,'1.  WNI menikah di Indonesia','4.4.b1','*1.  WNI menikah di Indonesia*\n\n*Halo Sobat Dukcapil...*\nAnda dapat melakukan pengisian formulir permohonan melalui https://klampid-dispendukcapil.Kabupaten Nganjuk.go.id/ dan melengkapi berkas yang diperlukan. Persyaratan Pencatatan Perkawinan :\n1. Mengisi formulir permohonan melalui https://klampid-dispendukcapil.Kabupaten Nganjuk.go.id/\n2. Surat keterangan telah terjadinya perkawinan dari pemuka agama\n3. Pas foto berdampingan 4x6 (background bebas)\n4. KK &amp; KTP-el (apabila salah satu mempelai warga luar Kabupaten Nganjuk)\n*saksi pencatatan perkawinan mohon bukan orang tua kandung atau kakek atau nenek dari mempelai serta saksi berusia minimal 21 thn dan memiliki KTP-el Kabupaten Nganjuk\n\n\n*Apakah Anda ingin mengajukan Permohonan melaui situs Klampid Next Generation?*\nJika YA ketik *YA* untuk mengajukan Permohonan.\nJika Tidak ketik *Tidak* Akhiri Percakapan.\nJika ingin kembali ke MENU UTAMA silakan ketik *Menu*',NULL),(106,104,'2. WNI menikah di luar negeri','4.4.b2','*2. WNI menikah di luar negeri*\n\n*Halo Sobat Dukcapil...*\nBerdasarkan Undang-Undang No 23 tahun 2006 tentang Kependudukan Pasal 37 ayat 4 bahwa :\nPenduduk Kabupaten Nganjuk yang beragama non muslim yang sudah melaksanakan perkawinan dihadapan pemuka agama atau penghayat kepercayaan di luar negeri wajib untuk melakukan pelaporan kepada Dispendukcapil paling lambat 30 hari sejak yang bersangkutan kembali ke daerah.\nPersyaratan perkawinan untuk pernikahan WNI di luar negeri yakni : \n1. Bukti pencatatn perkawinan/akta perkawinan dari negara setempat yang sudah diterjemahkan kedalam bahasa Indonesia\n2. Akta Kelahiran\n3. Paspor Republik Indonesia\n4. KTP dan KK\n\n\n*Apakah Anda ingin mengajukan Permohonan melaui situs Klampid Next Generation?*\nJika YA ketik *YA* untuk mengajukan Permohonan.\nJika Tidak ketik *Tidak* Akhiri Percakapan.\nJika ingin kembali ke MENU UTAMA silakan ketik *Menu*',NULL),(107,104,'3. WNI dan WNA','4.4.b3','*3. WNI dan WNA*\n\n*Halo Sobat Dukcapil...*\nPERSYARATAN :\n1. Fotocopy Kutipan Akta Kelahiran / Surat Keterangan Kelahiran suami istri dengan menunjukkan aslinya (catatan pinggir bagi yang sudah berganti nama dan atau berubah kewarganegaraan);\n2. Surat Bukti Pemberkatan Perkawinan menurut agamanya;\na. Fotocopy dengan menunjukkan aslinya bila pemberkatan dan pencatatan dilakukan bersamaan;\nb. Fotocopy dilegalisir bila pemberkatan dan pencatatan tidak dilakukan bersamaan.\n3. Fotocopy KK dan KTP suami istri dengan menunjukkan aslinya;\n4. Fotocopy Surat bukti ganti nama (bagi yang telah ganti nama) dengan menunjukkan aslinya;\n5. Fotocopy Dokumen Imigrasi, STLD dari Kepolisian dan surat dari Kedutaan/Konsul/Perwakilan Negaranya (bagi Orang Asing yang akan melakukan perkawinan dengan WNI) dengan menunjukkan aslinya;\n6. Surat-surat kelengkapan dari Kedutaan Besar yang bersangkutan (bagi perkawinan antar Orang Asing) asli;\n7. Fotocopy Kutipan Akta Kelahiran Anak (bagi calon mempelai yang telah mempunyai anak yang akan diakui dan disahkan setelah perkawinan dengan menunjukkan aslinya;\n8. Izin tertulis dari orang tua apabila belum mencapai umur 21 (dua puluh satu) tahun (asli);\n9. Izin tertulis dari Pengadilan Negeri apabila calon suami belum mencapai umur 19 (sembilan belas) tahun dan calon isteri belum mencapai umur 16 (enam belas) tahun;\n10. Izin dari pejabat yang berwenang bagi anggota TNI/POLRI (asli);\n11. Kutipan Akta Perceraian bagi yang cerai hidup (asli);\n12. Pas Foto berdampingan ukuran 4 x 6 cm sebanyak 5 lembar;\n13. Fotocopy KTP 2 (dua) orang saksi (yang mengetahui peristiwa);\n14. Surat Pernyataan Belum Pernah Menikah dengan materai Rp 6.000,-;\n15. Surat Keterangan dari Kelurahan setempat.\nRETRIBUSI :\n\nWNI : Rp. 275.000,-\nOrang Asing : Rp. 500.000,-\n\n\n*Apakah Anda ingin mengajukan Permohonan melaui situs Klampid Next Generation?*\nJika YA ketik *YA* untuk mengajukan Permohonan.\nJika Tidak ketik *Tidak* Akhiri Percakapan.\nJika ingin kembali ke MENU UTAMA silakan ketik *Menu*',NULL),(108,34,'c. Tata cara pengajuan akta perkawinan','4.4.c','*c. Tata cara pengajuan akta perkawinan*\n\n*Halo Sobat Dukcapil...*\nPendaftaran akta perkawinan dilakukan oleh calon mempelai yang merupakan penduduk Kabupaten Nganjuk. Permohonan dapat dilakukan secara online melalui situs kami https://klampid-dispendukcapil.Kabupaten Nganjuk.go.id/ . Langkah-langkah yang dilakukan yakni : \n- Pilih login warga\n- Daftar akun klampid\n- Verifikasi akun (Foto KTP-el/KK dan Selfie dengan KTP-el/KK)\n- Tunggu proses verifikasi (1x24 jam), apabila sudah diverifikasi maka dapat lanjut ke tahap berikutnya\n- Pilih menu Permohonan Akta Perkawinan \n- Isi data dengan benar dan lengkap \n- Jangan lupa upload berkas persyaratannya ya (untuk berkas persyaratannya dijadikan 1 file PDF)\n- Di akhir permohonan, Pemohon akan mendapat e-kitir sebagai tanda bukti permohonan\n\n\n*Apakah Anda ingin mengajukan Permohonan melaui situs Klampid Next Generation?*\nJika YA ketik *YA* untuk mengajukan Permohonan.\nJika Tidak ketik *Tidak* Akhiri Percakapan.\nJika ingin kembali ke MENU UTAMA silakan ketik *Menu*',NULL),(109,34,'d. Tata cara pembayaran denda akta perkawinan','4.4.d','*d. Tata cara pembayaran denda akta perkawinan*\n\n*Halo Sobat Dukcapil...*\nUntuk pembayaran denda akan diarahkan oleh petugas sesudah mengajukan pendaftaran melalui klampid. Pembayaran disarankan melalui teller bank jatim agar mendapat bukti pembayaran\n\n\n*Apakah Anda ingin mengajukan Permohonan melaui situs Klampid Next Generation?*\nJika YA ketik *YA* untuk mengajukan Permohonan.\nJika Tidak ketik *Tidak* Akhiri Percakapan.\nJika ingin kembali ke MENU UTAMA silakan ketik *Menu*',NULL),(110,36,'a. Tata cara permohonan perubahan biodata','4.6.a','*a. Tata cara pengurusan pengajuan permohonan perubahan biodata*\n\n*Halo Sobat Dukcapil...*\nPengajuan bisa dilakukan dengan cara sebagai berikut :\n1. Pengajuan bisa dilakukan di Kelurahan/Kecamatan \n2. Pengajuan bisa dilakukan secara online melalui situs kami link (https://klampid-dispendukcapil.Kabupaten Nganjuk.go.id/)\n\nNote : jika belum memiliki akun silahkan mendaftar akun dengan memilih menu \"DAFTAR\"  jika sudah memiliki akun silahkan langsung login menggunakan username dan password kemudian memilih menu \"PEMUTAKHIRAN BIODATA KELUARGA\".\n\n\n*Apakah Anda ingin mengajukan Permohonan melaui situs Klampid Next Generation?*\nJika YA ketik *YA* untuk mengajukan Permohonan.\nJika Tidak ketik *Tidak* Akhiri Percakapan.\nJika ingin kembali ke MENU UTAMA silakan ketik *Menu*',NULL),(111,36,'b. Pengajuan perubahan (Pemutakhiran) biodata','4.6.b','*Silahkan pilih opsi permohonan perubahan (Pemutakhiran) biodata, berikut :*\n1. Untuk Diri Sendiri\n2. Untuk Keluarga',NULL),(112,111,'1. Untuk Diri Sendiri','4.6.b1','*1. Untuk Diri Sendiri*\n\n*Halo Sobat Dukcapil...*\nSilahkan melakukan pengajuan secara online melalui situs kami \'KLAMPID\', syarat perubahan biodata bisa disesuaikan dengan pengajuan permohonan di menu \"PEMUTAKHIRAN BIODATA\".\ncontoh : Merubah Data Status Perkawinan (Belum Kawin/Kawin/Cerai Hidup/Cerai Mati).\nsyaratnya : Melampirkan Dokumen Kartu Keluarga; Dokumen Perkawinan \n\nNote : Untuk Syarat Permohonan, bisa disesuaikan dengan Status Biodata yang ingin di rubah.me\n\n\n*Apakah Anda ingin mengajukan Permohonan melaui situs Klampid Next Generation?*\nJika YA ketik *YA* untuk mengajukan Permohonan.\nJika Tidak ketik *Tidak* Akhiri Percakapan.\nJika ingin kembali ke MENU UTAMA silakan ketik *Menu*',NULL),(113,111,'2. Untuk Keluarga','4.6.b2','*2. Untuk Keluarga*\n\n*Halo Sobat Dukcapil...*\nSilahkan melakukan pengajuan secara online melalui situs kami \'KLAMPID\', syarat perubahan biodata bisa disesuaikan dengan pengajuan permohonan di menu PEMUTAKHIRAN BIODATA KELUARGA, mengisi kolom Nama Ayah/Ibu sesuai yang diinginkan dan melampirkan berkas persyaratan berupa KK dan Akta Kelahiran.\nJika mengalami kendala dapat mengajukan melalui Petugas Dispendukcapil yang bertugas di Kantor Kecamatan sesuai domisili KK Saudara, terimakasih.\n\n\n*Apakah Anda ingin mengajukan Permohonan melaui situs Klampid Next Generation?*\nJika YA ketik *YA* untuk mengajukan Permohonan.\nJika Tidak ketik *Tidak* Akhiri Percakapan.\nJika ingin kembali ke MENU UTAMA silakan ketik *Menu*',NULL),(114,35,'a. Tata Cara Pengajuan Akta Perceraian','4.5.a','*a.Tata Cara Pengajuan Akta Perceraian*\n\n*Halo Sobat Dukcapil...*\nUntuk pengajuan Akta Perceraian dapat dilakukan dengan beberapa cara, sebagai berikut : \n1. Pengajuan bisa dilakukan secara offline dengan mengunjungi Kelurahan/Kecamatan yang saat ini menjadi domisili pemohon;\n2. Selanjutnya pengajuan secara online dapat dilakukan dengan mengunjungi situs website klampid, berikut link sistus website dapat di akses : (https://klampid-dispendukcapil.Kabupaten Nganjuk.go.id/)\n\nNOTE : jika belum memiliki akun silahkan mendaftar akun dengan memilih menu \"\"DAFTAR\"\"  jika sudah memiliki akun silahkan langsung login menggunakan username dan password kemudian memilih menu \"\"PERMOHONAN AKTA PERCERAIAN\"\".\n\n\n*Apakah Anda ingin mengajukan Permohonan melaui situs Klampid Next Generation?*\nJika YA ketik *YA* untuk mengajukan Permohonan.\nJika Tidak ketik *Tidak* Akhiri Percakapan.\nJika ingin kembali ke MENU UTAMA silakan ketik *Menu*',NULL),(115,35,'b.Pengajuan Akta Perceraian','4.5.b','*Silakan pilih opsi pengajuan kepengurusan Akta Perceraian, berikut:*\n1. Diri Sendiri\n2. Keluarga\n3. Lain - Lain',NULL),(116,37,'a. Tempat Mengurus Pindah Keluar WNI','4.7a','*Halo Sobat Dukcapil...*\n\n- Tempat Mengurus Pindah Keluar WNI dapat dilakukan secara mandiri melalui website klampid pada alamat klampid-dispendukcapil.Kabupaten Nganjuk.go.id ataumelalui kelurahan / kecamatan / RT (rintisan kalimasada).\n\n\n*Apakah Anda ingin mengajukan Permohonan melaui situs Klampid Next Generation?*\nJika YA ketik *YA* untuk mengajukan Permohonan.\nJika Tidak ketik *Tidak* Akhiri Percakapan.\nJika ingin kembali ke MENU UTAMA silakan ketik *Menu*',NULL),(117,37,'b. Syarat Pengajuan Pindah Keluar','4.7b','*Halo Sobat Dukcapil...*\n\n- Pemohon hanya perlu melampirkan KK Kabupaten Nganjuk (jika melakukan pengajuan melalui kelurahan / kecamatan maka diserahkan ke petugas)\n(KTP-el hanya ditunjukkan saja)\n\n\n*Apakah Anda ingin mengajukan Permohonan melaui situs Klampid Next Generation?*\nJika YA ketik *YA* untuk mengajukan Permohonan.\nJika Tidak ketik *Tidak* Akhiri Percakapan.\nJika ingin kembali ke MENU UTAMA silakan ketik *Menu*',NULL),(118,37,'c. Jika Penduduk Yang Pindah Masih Dibawah 17 Tahun','4.7c','*Halo Sobat Dukcapil...*\n\n- Jika Penduduk Yang Pindah Masih Dibawah 17 Tahun Pengajuan dapat diproses dengan melampirkan surat pernyataan tidak keberatan dari orang tua.\n\n\n*Apakah Anda ingin mengajukan Permohonan melaui situs Klampid Next Generation?*\nJika YA ketik *YA* untuk mengajukan Permohonan.\nJika Tidak ketik *Tidak* Akhiri Percakapan.\nJika ingin kembali ke MENU UTAMA silakan ketik *Menu*',NULL),(119,37,'d. Persyaratan Batal Pindah','4.7d','*Halo Sobat Dukcapil...*\n\nPersyaratan Batal Pindah sebagai berikut:\n- Surat Keterangan Pindah antar kabupaten/kota/provinsi yang asli, Surat Pernyataan Batal Pindah yang diketahui RT, Surat Pernyataan tidak keberatan penggunaan alamat dari pemilik di alamat tujuan di Kabupaten Nganjuk, Kartu Keluarga dan KTP-el penjamin, foto pemohon memegang Surat Pernyataan Batal Pindah.\n\n\n*Apakah Anda ingin mengajukan Permohonan melaui situs Klampid Next Generation?*\nJika YA ketik *YA* untuk mengajukan Permohonan.\nJika Tidak ketik *Tidak* Akhiri Percakapan.\nJika ingin kembali ke MENU UTAMA silakan ketik *Menu*',NULL),(120,38,'a. Tempat Mengurus Pindah Datang','4.8a','*Halo Sobat Dukcapil...*\n\n- Tempat Mengurus Pindah Datang dapat dilakukan di kelurahan / di RT rintisan kalimasada yang selanjutnya akan dilakukan outreach oleh petugas ke rumah pemohon dan RT.\n\n\n*Apakah Anda ingin mengajukan Permohonan melaui situs Klampid Next Generation?*\nJika YA ketik *YA* untuk mengajukan Permohonan.\nJika Tidak ketik *Tidak* Akhiri Percakapan.\nJika ingin kembali ke MENU UTAMA silakan ketik *Menu*',NULL),(121,38,'b. Syarat Pengajuan Pindah Datang','4.8b','*Halo Sobat Dukcapil...*\n\nSyarat Pengajuan Pindah Datang Adalah Sebagai Berikut:\n- Surat Keterangan Pindah dari daerah asal (SKPWNI) dan SPTJM (formulir disediakan di kelurahan).\n\n\n*Apakah Anda ingin mengajukan Permohonan melaui situs Klampid Next Generation?*\nJika YA ketik *YA* untuk mengajukan Permohonan.\nJika Tidak ketik *Tidak* Akhiri Percakapan.\nJika ingin kembali ke MENU UTAMA silakan ketik *Menu*',NULL),(122,38,'c. Tata Cara Jika Penduduk Yang Pindah Masih Dibawah 17 Tahun','4.8c','*Halo Sobat Dukcapil...*\n\n- Tata Cara Jika Penduduk Yang Pindah Masih Dibawah 17 Tahun adalah dengan melampirkan surat pernyataan tidak keberatan dari orang tua bermaterai untuk anaknya dipindahkan mengikuti siapa.\n\n\n*Apakah Anda ingin mengajukan Permohonan melaui situs Klampid Next Generation?*\nJika YA ketik *YA* untuk mengajukan Permohonan.\nJika Tidak ketik *Tidak* Akhiri Percakapan.\nJika ingin kembali ke MENU UTAMA silakan ketik *Menu*',NULL),(123,38,'d. Jika Alamat Tujuan Bukan Milik Sendiri','4.8d','*Halo Sobat Dukcapil...*\n\n- Jika Alamat Tujuan Bukan Milik Sendiri Pengajuan dapat diproses dengan melampirkan KK pemilik rumah dan surat tidak keberatan dari pemilik rumah dan telah diverifikasi kebenaran tempat tinggalnya oleh petugas kelurahan.\n\n\n*Apakah Anda ingin mengajukan Permohonan melaui situs Klampid Next Generation?*\nJika YA ketik *YA* untuk mengajukan Permohonan.\nJika Tidak ketik *Tidak* Akhiri Percakapan.\nJika ingin kembali ke MENU UTAMA silakan ketik *Menu*',NULL),(124,39,'a. Tempat Mengurus Pindah Dalam Kota','4.9a','*Halo Sobat Dukcapil...*\n\n- Tempat Mengurus Pindah Dalam Kota dapat dilakukan di kelurahan tujuan yang selanjutnya akan dilakukan outreach oleh petugas ke rumah pemohon dan RT dengan hasil outreach berupa berita acara verifikasi. \n\n\n*Apakah Anda ingin mengajukan Permohonan melaui situs Klampid Next Generation?*\nJika YA ketik *YA* untuk mengajukan Permohonan.\nJika Tidak ketik *Tidak* Akhiri Percakapan.\nJika ingin kembali ke MENU UTAMA silakan ketik *Menu*',NULL),(125,39,'b. Syarat Pengajuan Pindah Dalam Kota','4.9b','*Halo Sobat Dukcapil...*\n\nSyarat Pengajuan Pindah Dalam Kota Adalah Sebagai Berikut:\n- KK Kabupaten Nganjuk, KTP-el, surat jaminan tempat tinggal (disediakan oleh kelurahan), dan Berita Acara Verifikasi (formulir disediakan oleh kelurahan).\n\n\n*Apakah Anda ingin mengajukan Permohonan melaui situs Klampid Next Generation?*\nJika YA ketik *YA* untuk mengajukan Permohonan.\nJika Tidak ketik *Tidak* Akhiri Percakapan.\nJika ingin kembali ke MENU UTAMA silakan ketik *Menu*',NULL),(126,39,'c. Tata Cara Proses Pindah Jika Alamat Yang Digunakan Adalah Rusun','4.9c','*Halo Sobat Dukcapil...*\n\n- Tata Cara Proses Pindah Jika Alamat Yang Digunakan Adalah Rusun adalah sesuai dengan Perda Kabupaten Nganjuk No. 15 Tahun 2012 tentang perubahan atas Perda Kabupaten Nganjuk No. 2 Tahun 2010 tentang pemakaian rumah susun, ditambahkan persyaratan Bukti Surat Kepemilikan Rusun sesuai nama pemohon yang tertera pada surat perjanjian sewa rusun dari Dinas Pertanahan.\n\n\n*Apakah Anda ingin mengajukan Permohonan melaui situs Klampid Next Generation?*\nJika YA ketik *YA* untuk mengajukan Permohonan.\nJika Tidak ketik *Tidak* Akhiri Percakapan.\nJika ingin kembali ke MENU UTAMA silakan ketik *Menu*',NULL),(128,39,'d. Persyaratan Jika Pemohon Tinggal Di Apartemen','4.9d','*Halo Sobat Dukcapil...*\n\nPersyaratan Jika Pemohon Tinggal Di Apartemen adalah pemohon perlu menambahkan persyaratan-pernyataan dari manajemen apartemen tempat pemohon tinggal.\n\n\n*Apakah Anda ingin mengajukan Permohonan melaui situs Klampid Next Generation?*\nJika YA ketik *YA* untuk mengajukan Permohonan.\nJika Tidak ketik *Tidak* Akhiri Percakapan.\nJika ingin kembali ke MENU UTAMA silakan ketik *Menu*',NULL),(129,63,'Apakah Pengurusan Permohonan Administrasi Kependudukan Harus dilakukan dikantor Mall Pelayanan Publik?','6.8','*Halo Sobat Dukcapil...*\nKepengurusan Administrasi Kependudukan cukup dilakukan dikelurahan/kecamatan sesuai domisili masing-masing atau melalui Online Mandiri KLAMPID. \n\n\n*Apakah Anda ingin mengajukan Permohonan melaui situs Klampid Next Generation?*\nJika YA ketik *YA* untuk mengajukan Permohonan.\nJika Tidak ketik *Tidak* Akhiri Percakapan.\nJika ingin kembali ke MENU UTAMA silakan ketik *Menu*',NULL),(130,115,'1. Akta Perceraian untuk Diri Sendiri','4.5.b1','*1. Pengurusan Akta Perceraian untuk Diri Sendiri* \nPilih opsi pertanyaan berikut: \na. Syarat penduduk luar Kabupaten Nganjuk dapat mengajukan akta perceraian di Dispendukcapil Kabupaten Nganjuk ? \nb. Berkas yang diperlukan untuk mengurus akta perceraian \nc. Tata Cara Mengurus Akta Perceraian yang Hilang \nd. Tata Cara Mencetak Akta Perceraian\ne. Tata Cara Legalisir Akta Perceraian',NULL),(131,63,'Kapan Jam Operasional Layanan Administrasi Kependudukan di Dispendukcapil Kabupaten Nganjuk?','6.9','*Halo Sobat Dukcapil...*\nJam Operasional Layanan Adminduk Pada jam Kerja hari Senin - Kamis (07.30-16.00), hari Jumat (07.30-15.00) dan hari Sabtu (08.00-13.00). \n\n*Apakah Anda ingin mengajukan Permohonan melaui situs Klampid Next Generation?*\nJika YA ketik *YA* untuk mengajukan Permohonan.\nJika Tidak ketik *Tidak* Akhiri Percakapan.\nJika ingin kembali ke MENU UTAMA silakan ketik *Menu*',NULL),(132,76,'3. Pengurusan Akta Kelahiran lain-lain','4.2b3','*3. Pengurusan Akta Kelahiran lain-lain*\n\n*Silakan pilih opsi pertanyaan berikut:*\na. Pengurusan Akta Kelahiran tanpa Memiliki Surat Keterangan Lahir dan Keberadaan Orang Tua Tidak Jelas.\nb. Tata Cara Membuat Akta Kelahiran, jika Orang Tua tidak Memiliki Surat Nikah atau Akta Kawin atau Ibu dibawah Umur\nc. Tata Cara Penerbitan Akta untuk Anak Adopsi',NULL),(133,95,'a. Pengajuan Akta Kelahiran Anak/Cucu','4.2b2a','*a. Pengajuan Akta Kelahiran Anak/Cucu (Keluarga Satu KK)*\n\n*Halo Sobat Dukcapil...*\n\n*Berikut Tata Cara dan Syarat Pengajuan Permohonan Akta Kelahiran untuk Anak/Cucu (Keluarga Satu KK)*\n\nPERSYARATAN AKTA KELAHIRAN :\n1. Surat Kelahiran ASLI dr dokter/bidan/RS/penolong kelahiran\n2. KK dan KTP-el ortu\n3. fotocopy buku nikah ortu dilegalisir\n4. ktp-el 2 orang saksi (saksi berktp-el sby)\n\nPengurusan akta kelahiran bisa dilakukan secara online melalui situs kami :  https://klampid-dispendukcapil.Kabupaten Nganjuk.go.id/  sebagai berikut:\n- Pilih menu LOGIN WARGA\n- Daftar akun klampid\n- Verifikasi akun (Foto KTP-el/KK dan Selfie dengan KTP-el/KK)\n- Tunggu proses verifikasi (1x24 jam), apabila sudah diverifikasi maka dapat lanjut ke tahap berikutnya\nPilih menu Permohonan Akta Kelahiran\n- Isi data dengan benar dan lengkap \n- Jangan lupa upload berkas persyaratannya ya (untuk berkas persyaratannya bisa discan/difoto lalu dijadikan 1 file PDF)\n- Pada akhir permohonan, Pemohon akan mendapat e-kitir sebagai tanda bukti permohonan \n- Cek secara berkala melalui menu notifikasi (gambar lonceng) pd pojok kanan atas di akun klampid milik Pemohon utk proses dari permohonan Pemohon\n\n\n*Apakah Anda ingin mengajukan Permohonan melaui situs Klampid Next Generation?*\nJika YA ketik *YA* untuk mengajukan Permohonan.\nJika Tidak ketik *Tidak* Akhiri Percakapan.\nJika ingin kembali ke MENU UTAMA silakan ketik *Menu*',NULL),(134,95,'b. Pembetulan Nama pada Akta Kelahiran','4.2b2b','*b. Persyaratan pembetulan Nama pada Akta Kelahiran untuk Anak/Cucu*\n\n*Halo Sobat Dukcapil...*\nNama pada Akta Kelahiran *dapat dibetulkan*, dengan mengajukan Perubahan Nama pada Akta Kelahiran secara online (mandiri) melalui website klampid di https://klampid-dispendukcapil.Kabupaten Nganjuk.go.id/ atau di kelurahan / kecamatan sesuai domisili dengan melampirkan persyaratan.\n\nPersyaratan Permohonan Perubahan Nama:\n1. Asli dan fotocopy Kutipan Akta Kelahiran yang akan mengalami perubahan nama\n2. Fotocopy KTP + KK \n3. Fotocopy akta perkawinan / nikah (bagi yang sudah menikah)\n4. Fotocopy salinan Penetapan Pengadilan Negeri tentang Ganti Nama yang dilegalisasi\n\n\n*Apakah Anda ingin mengajukan Permohonan melaui situs Klampid Next Generation?*\nJika YA ketik *YA* untuk mengajukan Permohonan.\nJika Tidak ketik *Tidak* Akhiri Percakapan.\nJika ingin kembali ke MENU UTAMA silakan ketik *Menu*',NULL),(135,130,'a. Penduduk Luar Kabupaten Nganjuk Mengajukan Akta Cerai','4.5.b1a','*Persyaratan Penduduk Luar Kabupaten Nganjuk mengajuan Akta Perceraian di Dispendukcapil Kabupaten Nganjuk* \n\n*Halo Sobat Dukcapil...*\nDispendukcapil dapat menerbitkan akta perceraian untuk penduduk luar Kabupaten Nganjuk apabila, terdapat *Hasil putusan pengadilan negeri yang berkekuatan hukum tetap dan memerintahkan Dispendukcapil Kabupaten Nganjuk untuk menerbitkan \nakta perceraiannya.*\n\n\n*Apakah Anda ingin mengajukan Permohonan melaui situs Klampid Next Generation?*\nJika YA ketik *YA* untuk mengajukan Permohonan.\nJika Tidak ketik *Tidak* Akhiri Percakapan.\nJika ingin kembali ke MENU UTAMA silakan ketik *Menu*',NULL),(136,95,'c. Akta Kelahiran bayi lahir di luar Kabupaten Nganjuk','4.2b2c','*c. Terbitan Akta Kelahiran bayi yang lahir di luar Kabupaten Nganjuk*\n\n*Halo Sobat Dukcapil...*\n\nDispendukcapil Kabupaten Nganjuk tetap menerbitkan Akta Kelahiran untuk anak tersebut dan dimasukkan ke dalam KK orang tua sesuai domisili di Kabupaten Nganjuk. \n\n\n*Apakah Anda ingin mengajukan Permohonan melaui situs Klampid Next Generation?*\nJika YA ketik *YA* untuk mengajukan Permohonan.\nJika Tidak ketik *Tidak* Akhiri Percakapan.\nJika ingin kembali ke MENU UTAMA silakan ketik *Menu*',NULL),(137,95,'d. Akta Kelahiran yang Hilang','4.2b2d','*d. Tata Cara pengurusan Akta Kelahiran yang Hilang*\n\n\n*Halo Sobat Dukcapil...*\n\nPengajuan Kutipan Kedua Akta Kelahiran karena hilang *dapat* dilakukan secara online (mandiri) melalui website klampid di  https://klampid-dispendukcapil.Kabupaten Nganjuk.go.id/ atau di kelurahan / kecamatan dengan melampirkan surat kehilangan dari kepolisian dan fotokopi akta kelahiran yang hilang.  \n\nNOTE: Jika tidak memiliki fotokopi akta kelahiran yang hilang, maka pemohon diarahkan untuk mengajukan konfirmasi akta terlebih dahulu melalui menu konfirmasi keabsahan akta melalui website klampid. \n\n\n*Apakah Anda ingin mengajukan Permohonan melaui situs Klampid Next Generation?*\nJika YA ketik *YA* untuk mengajukan Permohonan.\nJika Tidak ketik *Tidak* Akhiri Percakapan.\nJika ingin kembali ke MENU UTAMA silakan ketik *Menu*',NULL),(138,37,'e. Jika Yang Pindah Adalah Istri Dan Anak (Bercerai)','4.7e','*Halo Sobat Dukcapil...*\n\n- Jika Yang Pindah Adalah Istri Dan Anak (Bercerai) pemohon dapat melakukan Pengajuan melalui menu pindah keluar dengan melampirkan akta cerai, penetapan hak asuh anak atau surat pernyataan anak ikut siapa, KK Kabupaten Nganjuk, dan KTP-el yang pindah.\n\n\n*Apakah Anda ingin mengajukan Permohonan melaui situs Klampid Next Generation?*\nJika YA ketik *YA* untuk mengajukan Permohonan.\nJika Tidak ketik *Tidak* Akhiri Percakapan.\nJika ingin kembali ke MENU UTAMA silakan ketik *Menu*',NULL),(139,37,'f. Durasi Proses Pengajuan Pindah','4.7f','*Halo Sobat Dukcapil...*\n\n- Proses pengajuan pindah keluar setelah e-kitir terbit kurang lebih 1 hari kerja jika tidak terdapat kendala atau kegiatan lain.\n\n\n*Apakah Anda ingin mengajukan Permohonan melaui situs Klampid Next Generation?*\nJika YA ketik *YA* untuk mengajukan Permohonan.\nJika Tidak ketik *Tidak* Akhiri Percakapan.\nJika ingin kembali ke MENU UTAMA silakan ketik *Menu*',NULL),(140,38,'e. Jika Masa Berlaku Masa SKPWNI Sudah Habis','4.8e','*Halo Sobat Dukcapil...*\n\n- Pengajuan pindah datang dapat diproses dengan tetap melampirkan SKPWNI tersebut tanpa meminta kembali SPKWNI di Dukcapil penerbit selama saat dilakukan konsolidasi data pemohon dapat ditarik.\n\n\n*Apakah Anda ingin mengajukan Permohonan melaui situs Klampid Next Generation?*\nJika YA ketik *YA* untuk mengajukan Permohonan.\nJika Tidak ketik *Tidak* Akhiri Percakapan.\nJika ingin kembali ke MENU UTAMA silakan ketik *Menu*',NULL),(141,38,'f. Durasi Pengurusan Pindah Datang','4.8f','*Halo Sobat Dukcapil...*\n\n- Apabila tidak terdapat kendala, maka proses pindah datang dapat diselesaikan dalam waktu 1 hari kerja setelah e-kitir diterbitkan.\n\n\n*Apakah Anda ingin mengajukan Permohonan melaui situs Klampid Next Generation?*\nJika YA ketik *YA* untuk mengajukan Permohonan.\nJika Tidak ketik *Tidak* Akhiri Percakapan.\nJika ingin kembali ke MENU UTAMA silakan ketik *Menu*',NULL),(142,130,'b. Berkas Persyaratan Mengurus Akta Perceraian','4.5.b1b','*Halo Sobat Dukcapil...*\n\n*Akta Perceraian* dapat diterbitkan, dengan melengkapi berkas kepengurusan akta perceraian. Selanjutnya proses tersebut dapat dilakukkan secara online (mandiri) melalui website klampid di https://klampid-dispendukcapil.Kabupaten Nganjuk.go.id/ atau di kelurahan / kecamatan sesuai domisili dengan melampirkan berkas persyaratan.\n\n*Berkas Persyaratan pengajuan Akta Perceraian :*\n1. Keputusan Pengadilan tentang penetapan perceraian yang mempunyai kekuatan hukum yang tetap (asli);\n2. Fotocopy KK dan KTP dengan menunjukkan aslinya;\n3. Fotocopy Kutipan Akta Kelahiran dengan menunjukkan aslinya (catatan pinggir bagi yang sudah berganti nama dan atau \nberubah kewarganegaraan);\n4. Kutipan Akta Perkawinan (asli);\n5. Fotocopy Surat Bukti Ganti Nama (bagi WNI keturunan yang sudah ganti nama) dengan menunjukkan aslinya;\n6. Fotocopy Dokumen Imigrasi dan STLD (bagi Orang Asing) dengan menunjukkan aslinya;\n7. Pas foto 3 x 4 cm sebanyak 3 lembar.\n\n\n*Apakah Anda ingin mengajukan Permohonan melaui situs Klampid Next Generation?*\nJika YA ketik *YA* untuk mengajukan Permohonan.\nJika Tidak ketik *Tidak* Akhiri Percakapan.\nJika ingin kembali ke MENU UTAMA silakan ketik *Menu*',NULL),(143,130,'c. Tata Cara Mengurus Nomor Akta Perceraian yang Hilang','4.5.b1c','*Halo Sobat Dukcapil...*\n\nUntuk Mengurus *Nomor Akta Perceraian yang Hilang*, sobat Adminduk bisa mengajuan keabsahan akta dengan membuat akun terlebih dahulu  *Syarat dan Ketentuan* ada  diaplikasi Klampid : https://wargaklampid-dispendukcapil.Kabupaten Nganjuk.go.id/  \n\n*Berikut langkah - langkah yang perlu diperhatikan untuk mengurus Nomor Akta Perceraian yang Hilang :* \n1. Setelah akun disetujui :\na. Login dan Pilih Legalisir Online (aplikasi legid);\nb. Masukkan Username dan Password;\nc. Pilih Permohonan Keabsahan; \nd. Pengajuan Baru Isi Semua Kolom yang ada.  \nApabila dari keabsahan tercatat maka, dapat mengajukan laporam kehilangan akta perceraian di kepolisian dengan dasar hasil keabsahan dilanjutkan untuk pengajuan kutipan ke 2 akta perceraian. Sedangkan, jika dari proses pencarian data tidak tercatat maka, sobat dapat melakukkan pengajuan baru akta perceraian.  \n2. Pengajuan kutipan ke 2 perceraian : \na. Login ke Akun Klampid;\nb. Pilih Perubahan Akta(aplikasi ecapil);\nc. Masukkan user;\nd. Pilih menu kepengurusan kelahiran/kematian/perkawinan/perceraian-permohonan \nkelahiran/kematian/perkawinan/perceraian kedua;\ne. Lengkapi isi kolom yang tersedia.\n\nNote : Untuk permohonan kutipan kedua akta cerai non muslim.\n\n\n*Apakah Anda ingin mengajukan Permohonan melaui situs Klampid Next Generation?*\nJika YA ketik *YA* untuk mengajukan Permohonan.\nJika Tidak ketik *Tidak* Akhiri Percakapan.\nJika ingin kembali ke MENU UTAMA silakan ketik *Menu*',NULL),(144,65,'YA','YA','*Halo Sobat Dukcapil...*\nBerikut tata cara pembuatan akun dan pengajuan Adminduk melalui _*KLAMPID NEXT GENERATION:*_\n\n- Silahkan buka pada situs layanan online mandiri terbaru *KLAMPID NEXT GENERATION*\n- Klik *\"Buat Akun\"* apabila anda belum memiliki akun\n- Isi informasi akun sesuai dengan data diri Anda, meliputi: (NIK, Username, Email, Nomor Telepon, dan Password)\n- Silahkan Isi Captcha dengan Benar\n- Klik *\"Buat akun\"* apabila informasi akun sudah terisi sesuai data diri\n- Verifikasi akun (Foto KTP-el/KK/Surat kehilangan dari Kepolisian dan Selfie dengan KTP-el/KK dengan ukuran maks.1MB)\n- Tunggu proses verifikasi (1x24 jam), apabila sudah diverifikasi maka dapat lanjut ke tahap berikutnya.\n- Apabila proses verifikasi selesai, Silakan masukkan Username dan Password yang telah ada buat\n- Silahkan Isi Captcha Dengan Benar\n- Klik \"Login\"\n- Pilih menu atau fitur pengajuan yang Anda inginkan.\n\nSitus Layanan KLAMPID NEW GENERATION dapat diakses melalui Link berikut: *https://v2.klampid.disdukcapilKabupaten Nganjuk.id/app/login*',NULL),(145,65,'TIDAK','TIDAK','Mudah Bukan Sobat Dukcapil... Ayo Segera Tertib Administrasi Kependudukan. Terima Kasih Telah Menggunakan Layanan DISPENDUKCAPIL Kabupaten Nganjuk.\n\n*Ingat!* Sobat Dukcapil.... Semua Pelayanan Administrasi Kependudukan _*GRATIS*_ atau _*Tidak Dipungut Biaya.*_',NULL),(146,95,'e. Tata Cara Legalisir Akta Kelahiran','4.2b2e','*e. Tata Cara Legalisir Akta Kelahiran*\n\n*Halo Sobat Dukcapil...*\nJika akta kelahiran yang *belum bertandatangan* elektronik, *dapat dilegalisir* secara online (mandiri) melalui website klampid di  https://klampid-dispendukcapil.Kabupaten Nganjuk.go.id/ atau di kelurahan / kecamatan sesuai domisili.\n\nPengajuan Legalisir Akta Kelahiran dapat lakukan dengan cara berikut:\n- Buat akun klampid\n- Verifikasi akun (upload foto KTP-el/KK dan selfie dengan KTP-el/KK)\n- Tunggu proses verifikasi (1x24 jam), apabila sudah diverifikasi maka dapat lanjut ke tahap berikutnya\n- Pilih menu Legalisir Online\n- Isi data dengan benar dan lengkap\n\n*Untuk contoh posisi scan dokumen bisa di liat melaui tombol Posisi Dokumen yang discan, setelah memilih dokumen yang akan discan\n\nNOTE: Sesuai Peraturan Menteri Dalam Negeri Republik Indonesia No. 104 Tahun 2019 pasal 19 ayat (6) bahwa dokumen kependudukan dengan format digital dan sudah ditandatangani secara elektronik dan KTP-el tidak memerlukan legalisir.\n\n\n*Apakah Anda ingin mengajukan Permohonan melaui situs Klampid Next Generation?*\nJika YA ketik *YA* untuk mengajukan Permohonan.\nJika Tidak ketik *Tidak* Akhiri Percakapan.\nJika ingin kembali ke MENU UTAMA silakan ketik *Menu*',NULL),(147,132,'a. Akta Kelahiran Bayi Tanpa Asal Usul','4.2b3a','*a. Pengurusan Akta Kelahiran tanpa Memiliki Surat Keterangan Lahir dan Keberadaan Orang Tua Tidak Jelas*\n\n*Halo Sobat Dukcapil...*\nPengurusan permohonan Akta kelahiran jika tidak memiliki surat keterangan lahir dan keberadaan orang tua tidak jelas atau bayi tanpa asal usul *bisa diterbitkan* dengan persyaratan antara lain : \n- Berita acara kepolisian atau surat pernyataan dari pemohon.\n\n\n*Apakah Anda ingin mengajukan Permohonan melaui situs Klampid Next Generation?*\nJika YA ketik *YA* untuk mengajukan Permohonan.\nJika Tidak ketik *Tidak* Akhiri Percakapan.\nJika ingin kembali ke MENU UTAMA silakan ketik *Menu*',NULL),(148,132,'b. Akta Kelahiran, Tanpa Surat Nikah','4.2b3b','*b. Tata Cara Membuat Akta Kelahiran, jika Orang Tua tidak Memiliki Surat Nikah atau Akta Kawin atau Ibu dibawah Umur*\n\n*Halo Sobat Dukcapil...*\nPengurusan permohonan membuat akta kelahiran jika orang tua tidak memiliki surat nikah / akta kawin atau ibu masih di bawah umur bisa diterbitkan dengan persyaratan antara lain :  \n- Surat Kelahiran ASLI dr dokter/bidan/RS/penolong kelahiran\n- KK dan KTP-el ibu kandung\n- Surat Keterangan Anak Seorang Ibu https://bit.ly/anakseorangibu\n- ktp-el 2 orang saksi (saksi berktp-el sby).\n\nPengurusan akta kelahiran bisa dilakukan secara online melalui situs kami https://klampid-dispendukcapil.Kabupaten Nganjuk.go.id/\n- Pilih menu LOGIN WARGA\n- Daftar akun klampid\n- Verifikasi akun (Foto KTP-el/KK dan Selfie dengan KTP-el/KK)\n- Tunggu proses verifikasi (1x24 jam), apabila sudah diverifikasi maka dapat lanjut ke tahap berikutnya\nPilih menu Permohonan Akta Kelahiran\n- Isi data dengan benar dan lengkap \n- Jangan lupa upload berkas persyaratannya ya (untuk berkas persyaratannya bisa discan/difoto lalu dijadikan 1 file PDF)\n- Pd akhir permohonan, Pemohon akan mendapat e-kitir sebagai tanda bukti permohonan \n- Cek secara berkala melalui menu notifikasi (gambar lonceng) pd pojok kanan atas di akun klampid milik Pemohon utk proses dari permohonan Pemohon.\n\n\n*Apakah Anda ingin mengajukan Permohonan melaui situs Klampid Next Generation?*\nJika YA ketik *YA* untuk mengajukan Permohonan.\nJika Tidak ketik *Tidak* Akhiri Percakapan.\nJika ingin kembali ke MENU UTAMA silakan ketik *Menu*',NULL),(149,132,'c. Akta Kelahiran untuk Anak Adopsi','4.2b3c','c. Tata Cara Penerbitan Akta Kelahiran untuk Anak Adopsi\n\n*Halo Sobat Dukcapil...*\n*Syarat mengadopsi anak* adalah anak tersebut *harus memiliki akta kelahiran terlebih dahulu*, kemudian wajib memiliki penetapan pengadlan terkait hak adopsi. Setelah mendapatkan penetapan pengadilan, Dispendukcapil akan menerbitkan catatan pinggir terkait adopsi anak. Jika anak belum memiliki akta kelahiran, maka berdasarkan penetapan pengadilan anak tersebut akan dibuatkan akta kelahiran dengan nama ayah dan ibu kandung di dalam akta kelahiran, dan diberikan catatan pinggir bahwa anak tersebut diadopsi oleh orang tua yang baru.\n\n\n*Apakah Anda ingin mengajukan Permohonan melaui situs Klampid Next Generation?*\nJika YA ketik *YA* untuk mengajukan Permohonan.\nJika Tidak ketik *Tidak* Akhiri Percakapan.\nJika ingin kembali ke MENU UTAMA silakan ketik *Menu*',NULL),(150,40,'a. Tata cara dan Persyaratan KK','4.10a','*a. Tata cara dan persyaratan mengubah eleman biodata pada Kartu Keluarga*\n\n*Halo Sobat Dukcapil...*\nPengajuan bisa dilakukan dengan cara sebagai berikut :\n1. Pengajuan bisa dilakukan di Kelurahan/Kecamatan \n2. Pengajuan bisa dilakukan secara online melalui situs kami link:  https://klampid-dispendukcapil.Kabupaten Nganjuk.go.id/\n\nBerikut Persyaratan Pengajuan Kartu Keluarga:\n- Melampirkan kartu keluarga yang lama\n- Dokumen pendukung terkait (KTP, ijazah, buku nikah / akta nikah)\n\n\n*Apakah Anda ingin mengajukan Permohonan melaui situs Klampid Next Generation?*\nJika YA ketik *YA* untuk mengajukan Permohonan.\nJika Tidak ketik *Tidak* Akhiri Percakapan.\nJika ingin kembali ke MENU UTAMA silakan ketik *Menu*',NULL),(151,40,'b. Tata cara pemutakhiran Biodata KK','4.10b','*b. Tata cara pemutakhiran Biodata dan Pemutakhiran Biodata Keluarga*\n\n*Halo Sobat Dukcapil...*\nPengajuan dapat melalui situs kami:\nhttps://klampid-dispendukcapil.Kabupaten Nganjuk.go.id/\n\n1) Pilih menu LOGIN WARGA \n2) Daftar akun dulu di klampid \n3) Verifikasi akun dengan Foto KTP-el/KK dan Selfie dengan KTP-el/KK\n4) Tunggu verifikasi akun, apabila sudah di verifikasi oleh petugas kami. Tanda tangan virtual. Lalu lanjut ke  tahap selanjutnya\n5) Pilih Menu Pemutakhiran Biodata atau Pemutakhiran Biodata Keluarga (utk mengubah data anggota keluarga)\n6) Pilih data pemohon yang mau diubah, ikuti alurnya\n7) Perhatikan dokumen yg hrs di upload. Dokumen2 persyaratan discan lalu jadikan 1 file PDF, ukuran PDF tidak lebih dr 2mb, lanjutkan ke tahap berikutnya, dan ikuti alurnya\n8) Di akhir permohonan, pemohon akan mendapat ekitir sbg bukti bahwa pemohon sdh melakukan permohonan.\n9) Cek secara berkala melalui menu notifikasi (gambar lonceng) pd pojok kanan atas di akun klampid milik Pemohon utk proses dari permohonan Pemohon\n\nNote: Sesuai aturan Permendagri no 109 thn 2019, dokumen kependudukan dicetak secara mandiri di kertas HVS A4 ukuran 80 gram.\nDokumen hasil permohonan akan diberikan dalam bentuk PDF yang dapat diunduh oleh Pemohon dan dicetak secara mandiri.\n\n\n*Apakah Anda ingin mengajukan Permohonan melaui situs Klampid Next Generation?*\nJika YA ketik *YA* untuk mengajukan Permohonan.\nJika Tidak ketik *Tidak* Akhiri Percakapan.\nJika ingin kembali ke MENU UTAMA silakan ketik *Menu*',NULL),(152,40,'c. Tata cara cetak KK yang rusak','4.10c','*c.Tata cara cetak Kartu Keluarga yang rusak*\n\n*Halo Sobat Dukcapil...*\nPengajuan dapat melalui situs kami:\nhttps://klampid-dispendukcapil.Kabupaten Nganjuk.go.id/\n\n1) Pilih menu LOGIN WARGA \n2) Daftar akun dulu di klampid\n3) Verifikasi akun dengan Foto KTP-el/Surat Kehilangan dari kepolisian dan Selfie dengan KTP-el/Surat Kehilangan dari kepolisian\n4) Tunggu verifikasi akun, apabila sudah di verifikasi oleh petugas kami. Tanda tangan virtual. Lalu lanjut ke tahap selanjutnya\n5) Pilih Menu CETAK KARTU KELUARGA\n6) Pilih alasan \"hilang\"\n7) Perhatikan dokumen2 persyaratan yg harus diunggah ya kak. Dokumen2 persyaratan discan lalu disimpan dgn format PDF (file maks. 2 mb), lanjutkan ke tahap berikutnya, dan ikuti alurnya\n8) Di akhir permohonan, pemohon akan mendapat ekitir sbg bukti bahwa pemohon sdh melakukan permohonan.\n9)Cek secara berkala melalui menu notifikasi (gambar lonceng) pd pojok kanan atas di akun klampid milik Pemohon utk proses dari permohonan Pemohon\n\nNote: Sesuai aturan Permendagri no 109 thn 2019, dokumen kependudukan dicetak secara mandiri di kertas HVS A4 ukuran 80 gram.\nDokumen hasil permohonan akan diberikan dalam bentuk PDF yang dapat diunduh oleh Pemohon dan dicetak secara mandiri\n\n\n*Apakah Anda ingin mengajukan Permohonan melaui situs Klampid Next Generation?*\nJika YA ketik *YA* untuk mengajukan Permohonan.\nJika Tidak ketik *Tidak* Akhiri Percakapan.\nJika ingin kembali ke MENU UTAMA silakan ketik *Menu*',NULL),(153,40,'d. Tata cara cetak KK yang hilang','4.10d','*d. Tata cara cetak KK yang hilang*\n\n*Halo Sobat Dukcapil...*\nPengajuan dapat melalui situs kami :\nhttps://klampid-dispendukcapil.Kabupaten Nganjuk.go.id/\n\n1. Pilih menu LOGIN WARGA \n2. Daftar akun dulu di klampid\n3. Verifikasi akun dengan Foto KTP-el/Surat Kehilangan dari kepolisian dan Selfie dengan KTP-el/Surat Kehilangan dari kepolisian\n4. Tunggu verifikasi akun, apabila sudah di verifikasi oleh petugas kami. Tanda tangan virtual. Lalu lanjut ke tahap selanjutnya\n5. Pilih Menu CETAK KARTU KELUARGA\n6. Pilih alasan \"hilang\"\n7. Perhatikan dokumen2 persyaratan yg harus diunggah ya kak. Dokumen2 persyaratan discan lalu disimpan dgn format PDF (file maks. 2 mb), lanjutkan ke tahap berikutnya, dan ikuti alurnya\n8. Di akhir permohonan, pemohon akan mendapat ekitir sbg bukti bahwa pemohon sdh melakukan permohonan.\n9. Cek secara berkala melalui menu notifikasi (gambar lonceng) pd pojok kanan atas di akun klampid milik Pemohon utk proses dari permohonan Pemohon\n\nNote : Sesuai aturan Permendagri no 109 thn 2019, dokumen kependudukan dicetak secara mandiri di kertas HVS A4 ukuran 80 gram.\nDokumen hasil permohonan akan diberikan dalam bentuk PDF yang dapat diunduh oleh Pemohon dan dicetak secara mandiri.\n\n*Apakah Anda ingin mengajukan Permohonan melaui situs Klampid Next Generation?*\nJika YA ketik *YA* untuk mengajukan Permohonan.\nJika Tidak ketik *Tidak* Akhiri Percakapan.\nJika ingin kembali ke MENU UTAMA silakan ketik *Menu*',NULL),(154,40,'e. Tata cara memperbaharui KK WNI yang lama','4.10e','*e. Tata cara memperbaharui KK WNI yang lama*\n\n*Halo Sobat Dukcapil...*\nKK yang lama (KK warna merah/KK warna pink/KK bahan karton/KK warna biru muda) dapat diperbaharui dengan cara mengajukan permohonan ke kelurahan/kecamatan melalui aplikasi eDafduk dengan melampirkan syarat dokumen sesuai ketentuan berlaku.\n\n*Apakah Anda ingin mengajukan Permohonan melaui situs Klampid Next Generation?*\nJika YA ketik *YA* untuk mengajukan Permohonan.\nJika Tidak ketik *Tidak* Akhiri Percakapan.\nJika ingin kembali ke MENU UTAMA silakan ketik *Menu*',NULL),(155,40,'f. Tata cara pecah Kartu Keluarga','4.10f','*f. Tata cara pecah Kartu Keluarga*\n\n*Halo Sobat Dukcapil...*\n\nPecah Kartu keluarga dapat dilakukan selama anak umurnya sudah lebih dari 17 Tahun dan atas seizin pemilik rumah, kecuali untuk KK yang beralamat di rusun yang dikelola oleh Pemerintah dan melampirkan dokumen pendukung seperti buku nikah,KTP,dll.\n\n\n\n*Apakah Anda ingin mengajukan Permohonan melaui situs Klampid Next Generation?*\nJika YA ketik *YA* untuk mengajukan Permohonan.\nJika Tidak ketik *Tidak* Akhiri Percakapan.\nJika ingin kembali ke MENU UTAMA silakan ketik *Menu*',NULL),(156,40,'g.Tata cara mengurus KK setelah pelaporan Akta Lahir Luar Negeri','4.10g','*g. Tata cara mengurus KK setelah pelaporan Akta Lahir Luar Negeri* \n\n*Halo Sobat Dukcapil...*\nPermohonan tambah jiwa setelah pelaporan kelahiran Luar Negeri melalui Kecamatan sesuai domisili KK. Temui petugas Dispendukcapil yg bertugas di Kecamatan. Bawa dokumen KK dan KTP-el, akta kelahiran LN, dan surat keterangan pelaporan kelahiran LN yg dari menu perubahan akta (e-capil).\n\n\n*Apakah Anda ingin mengajukan Permohonan melaui situs Klampid Next Generation?*\nJika YA ketik *YA* untuk mengajukan Permohonan.\nJika Tidak ketik *Tidak* Akhiri Percakapan.\nJika ingin kembali ke MENU UTAMA silakan ketik *Menu*',NULL);
/*!40000 ALTER TABLE `pertanyaan` ENABLE KEYS */;
UNLOCK TABLES;

--
-- Table structure for table `setting`
--

DROP TABLE IF EXISTS `setting`;
/*!40101 SET @saved_cs_client     = @@character_set_client */;
/*!50503 SET character_set_client = utf8mb4 */;
CREATE TABLE `setting` (
  `id` int NOT NULL AUTO_INCREMENT,
  `key` varchar(50) CHARACTER SET utf8 COLLATE utf8_unicode_ci DEFAULT NULL,
  `value` longtext CHARACTER SET utf8 COLLATE utf8_unicode_ci,
  PRIMARY KEY (`id`) USING BTREE
) ENGINE=InnoDB AUTO_INCREMENT=13 DEFAULT CHARSET=utf8 COLLATE=utf8_unicode_ci ROW_FORMAT=DYNAMIC;
/*!40101 SET character_set_client = @saved_cs_client */;

--
-- Dumping data for table `setting`
--

LOCK TABLES `setting` WRITE;
/*!40000 ALTER TABLE `setting` DISABLE KEYS */;
INSERT INTO `setting` VALUES (1,'default_message','*Selamat Datang di Pelayanan Administrasi Kependudukan (Dispendukcapil) Kabupaten Nganjuk.*\n\nJam Operasional Layanan Dispendukcapil Kabupaten Nganjuk:\n*hari Senin - Kamis (07.30-16.00),* \n*hari Jumat (07.30-15.00), dan*\n*hari Sabtu (08.00-13.00).*\n\nNote: Hari Libur Nasional/tanggal merah _*Libur*_'),(2,'qr_code','2@6IbSm6YAYvtewGI90d5KkmzPUru2sMhFl6iM8NuxHBjU8yyVYSAUVi8OzvkMWUiZeXUAWG4O/y7t2Q==,4W9n65iQsdgYS8wdxfWHBDEYcml+aoi16gejuPkjWXk=,rctUEZ3QuHhnA1Si6y45qYoExTZypYAMquBOI4Ruy1k=,TWSThCQ/QXKLcRUDzi//S5X+6vnxTenqoSNT96Nyirg='),(3,'status_connection_app','false'),(4,'default_message_user_exist','Selamat datang kembali [nama].'),(5,'generate_token_quest','1'),(6,'status_app','disconnect'),(7,'pid_app',''),(8,'phone_number','6281331854136'),(9,'qr_listchatbot_code','2@16lpDi53eDysSM+JEXrsuRnweyx1EDz0bDEe4zCtcitJwZpsYXMNpmVb7WT2kgP9Xt3z8jOXBb0KPQ==,7f6Y2ztxbMAOPS7k8om8DXBkRNGHYQ0v9lmsUSJYLng=,FRT2SdKc0FbcS7euc8icGD2Lfasu+BybxUh8qmPiND0=,/KrD/2/13GpWfv1P4RG8iZKQkwPEgHHA8a9uQXscd9U='),(10,'status_connection_lustchatbot_app','true'),(11,'template_text','Saya ingin bertanya'),(12,'operator_key','Live Chat');
/*!40000 ALTER TABLE `setting` ENABLE KEYS */;
UNLOCK TABLES;

--
-- Table structure for table `upt`
--

DROP TABLE IF EXISTS `upt`;
/*!40101 SET @saved_cs_client     = @@character_set_client */;
/*!50503 SET character_set_client = utf8mb4 */;
CREATE TABLE `upt` (
  `id` int NOT NULL AUTO_INCREMENT,
  `nama` varchar(50) CHARACTER SET utf8 COLLATE utf8_unicode_ci DEFAULT NULL,
  `nama_pic` varchar(50) CHARACTER SET utf8 COLLATE utf8_unicode_ci DEFAULT NULL,
  `nip_pic` varchar(50) CHARACTER SET utf8 COLLATE utf8_unicode_ci DEFAULT NULL,
  `jabatan_pic` varchar(50) CHARACTER SET utf8 COLLATE utf8_unicode_ci DEFAULT NULL,
  `no_hp_pic` varchar(50) CHARACTER SET utf8 COLLATE utf8_unicode_ci DEFAULT NULL,
  `email_pic` varchar(50) CHARACTER SET utf8 COLLATE utf8_unicode_ci DEFAULT NULL,
  `file` varchar(50) CHARACTER SET utf8 COLLATE utf8_unicode_ci DEFAULT NULL,
  PRIMARY KEY (`id`) USING BTREE
) ENGINE=InnoDB AUTO_INCREMENT=9 DEFAULT CHARSET=utf8 COLLATE=utf8_unicode_ci ROW_FORMAT=DYNAMIC;
/*!40101 SET character_set_client = @saved_cs_client */;

--
-- Dumping data for table `upt`
--

LOCK TABLES `upt` WRITE;
/*!40000 ALTER TABLE `upt` DISABLE KEYS */;
INSERT INTO `upt` VALUES (1,'UPT PJJ Kabupaten Nganjuk','Ir. TUTUK SURYO JATMIKO, M.T.','Test','Kepala UPT','Test','Test','wheel_loader.png'),(3,'UPT PJJ Mojokerto','BUDI SETYONO, S.T., M.T.',NULL,'Kepala UPT',NULL,NULL,'road-roller-vector-31043603.jpg'),(4,'UPT PJJ Bojonegoro','MOKHAMAD SYAIFUDIN, S.T.',NULL,'Kepala UPT',NULL,NULL,NULL),(5,'UPT PJJ Madiun','Ir. AGUS SUTANTO, M.T.',NULL,'Kepala UPT',NULL,NULL,NULL),(6,'UPT PJJ Pacitan','MARIYANTO, S.T., M.M.',NULL,'Kepala UPT',NULL,NULL,NULL),(7,'UPT PJJ Kediri','ALIEF AKBARI, S.T., M.M.',NULL,'Kepala UPT',NULL,NULL,NULL),(8,'UPT PJJ Malang','AGUS HARI PURNOMO, S.T., M.T.',NULL,'Kepala UPT',NULL,NULL,NULL);
/*!40000 ALTER TABLE `upt` ENABLE KEYS */;
UNLOCK TABLES;

--
-- Table structure for table `userlevelpermissions`
--

DROP TABLE IF EXISTS `userlevelpermissions`;
/*!40101 SET @saved_cs_client     = @@character_set_client */;
/*!50503 SET character_set_client = utf8mb4 */;
CREATE TABLE `userlevelpermissions` (
  `userlevelid` int NOT NULL,
  `tablename` varchar(255) CHARACTER SET utf8 COLLATE utf8_unicode_ci NOT NULL,
  `permission` int NOT NULL,
  PRIMARY KEY (`userlevelid`,`tablename`) USING BTREE
) ENGINE=InnoDB DEFAULT CHARSET=utf8 COLLATE=utf8_unicode_ci ROW_FORMAT=DYNAMIC;
/*!40101 SET character_set_client = @saved_cs_client */;

--
-- Dumping data for table `userlevelpermissions`
--

LOCK TABLES `userlevelpermissions` WRITE;
/*!40000 ALTER TABLE `userlevelpermissions` DISABLE KEYS */;
INSERT INTO `userlevelpermissions` VALUES (-2,'{11A19D5D-FC84-4A0A-BEBD-97472F31DBAB}broadcast',0),(-2,'{11A19D5D-FC84-4A0A-BEBD-97472F31DBAB}broadcast_tujuan',0),(-2,'{11A19D5D-FC84-4A0A-BEBD-97472F31DBAB}Dashboard',0),(-2,'{11A19D5D-FC84-4A0A-BEBD-97472F31DBAB}form_pengaduan.php',495),(-2,'{11A19D5D-FC84-4A0A-BEBD-97472F31DBAB}jalan',0),(-2,'{11A19D5D-FC84-4A0A-BEBD-97472F31DBAB}kordinat_jalan',0),(-2,'{11A19D5D-FC84-4A0A-BEBD-97472F31DBAB}log_user_chat',0),(-2,'{11A19D5D-FC84-4A0A-BEBD-97472F31DBAB}pelapor',0),(-2,'{11A19D5D-FC84-4A0A-BEBD-97472F31DBAB}pengaduan',0),(-2,'{11A19D5D-FC84-4A0A-BEBD-97472F31DBAB}pengguna',0),(-2,'{11A19D5D-FC84-4A0A-BEBD-97472F31DBAB}pertanyaan',0),(-2,'{11A19D5D-FC84-4A0A-BEBD-97472F31DBAB}Report Log User Chat',0),(-2,'{11A19D5D-FC84-4A0A-BEBD-97472F31DBAB}setting',0),(-2,'{11A19D5D-FC84-4A0A-BEBD-97472F31DBAB}setting_aplikasi.php',0),(-2,'{11A19D5D-FC84-4A0A-BEBD-97472F31DBAB}upt',0),(0,'{11A19D5D-FC84-4A0A-BEBD-97472F31DBAB}broadcast',0),(0,'{11A19D5D-FC84-4A0A-BEBD-97472F31DBAB}broadcast_tujuan',0),(0,'{11A19D5D-FC84-4A0A-BEBD-97472F31DBAB}Dashboard',0),(0,'{11A19D5D-FC84-4A0A-BEBD-97472F31DBAB}form_pengaduan.php',0),(0,'{11A19D5D-FC84-4A0A-BEBD-97472F31DBAB}jalan',0),(0,'{11A19D5D-FC84-4A0A-BEBD-97472F31DBAB}kordinat_jalan',0),(0,'{11A19D5D-FC84-4A0A-BEBD-97472F31DBAB}log_user_chat',0),(0,'{11A19D5D-FC84-4A0A-BEBD-97472F31DBAB}pelapor',0),(0,'{11A19D5D-FC84-4A0A-BEBD-97472F31DBAB}pengaduan',0),(0,'{11A19D5D-FC84-4A0A-BEBD-97472F31DBAB}pengguna',0),(0,'{11A19D5D-FC84-4A0A-BEBD-97472F31DBAB}pertanyaan',0),(0,'{11A19D5D-FC84-4A0A-BEBD-97472F31DBAB}Report Log User Chat',0),(0,'{11A19D5D-FC84-4A0A-BEBD-97472F31DBAB}setting',0),(0,'{11A19D5D-FC84-4A0A-BEBD-97472F31DBAB}setting_aplikasi.php',0),(0,'{11A19D5D-FC84-4A0A-BEBD-97472F31DBAB}upt',0),(1,'{11A19D5D-FC84-4A0A-BEBD-97472F31DBAB}broadcast',367),(1,'{11A19D5D-FC84-4A0A-BEBD-97472F31DBAB}broadcast_tujuan',367),(1,'{11A19D5D-FC84-4A0A-BEBD-97472F31DBAB}Dashboard',367),(1,'{11A19D5D-FC84-4A0A-BEBD-97472F31DBAB}form_pengaduan.php',367),(1,'{11A19D5D-FC84-4A0A-BEBD-97472F31DBAB}jalan',367),(1,'{11A19D5D-FC84-4A0A-BEBD-97472F31DBAB}kordinat_jalan',367),(1,'{11A19D5D-FC84-4A0A-BEBD-97472F31DBAB}log_user_chat',367),(1,'{11A19D5D-FC84-4A0A-BEBD-97472F31DBAB}pelapor',367),(1,'{11A19D5D-FC84-4A0A-BEBD-97472F31DBAB}pengaduan',367),(1,'{11A19D5D-FC84-4A0A-BEBD-97472F31DBAB}pengguna',367),(1,'{11A19D5D-FC84-4A0A-BEBD-97472F31DBAB}pertanyaan',367),(1,'{11A19D5D-FC84-4A0A-BEBD-97472F31DBAB}Report Log User Chat',367),(1,'{11A19D5D-FC84-4A0A-BEBD-97472F31DBAB}setting',367),(1,'{11A19D5D-FC84-4A0A-BEBD-97472F31DBAB}setting_aplikasi.php',367),(1,'{11A19D5D-FC84-4A0A-BEBD-97472F31DBAB}upt',367),(2,'{11A19D5D-FC84-4A0A-BEBD-97472F31DBAB}broadcast',367),(2,'{11A19D5D-FC84-4A0A-BEBD-97472F31DBAB}broadcast_tujuan',367),(2,'{11A19D5D-FC84-4A0A-BEBD-97472F31DBAB}Dashboard',367),(2,'{11A19D5D-FC84-4A0A-BEBD-97472F31DBAB}form_pengaduan.php',367),(2,'{11A19D5D-FC84-4A0A-BEBD-97472F31DBAB}jalan',367),(2,'{11A19D5D-FC84-4A0A-BEBD-97472F31DBAB}kordinat_jalan',367),(2,'{11A19D5D-FC84-4A0A-BEBD-97472F31DBAB}log_user_chat',367),(2,'{11A19D5D-FC84-4A0A-BEBD-97472F31DBAB}pelapor',367),(2,'{11A19D5D-FC84-4A0A-BEBD-97472F31DBAB}pengaduan',367),(2,'{11A19D5D-FC84-4A0A-BEBD-97472F31DBAB}pengguna',367),(2,'{11A19D5D-FC84-4A0A-BEBD-97472F31DBAB}pertanyaan',367),(2,'{11A19D5D-FC84-4A0A-BEBD-97472F31DBAB}Report Log User Chat',367),(2,'{11A19D5D-FC84-4A0A-BEBD-97472F31DBAB}setting',367),(2,'{11A19D5D-FC84-4A0A-BEBD-97472F31DBAB}setting_aplikasi.php',367),(2,'{11A19D5D-FC84-4A0A-BEBD-97472F31DBAB}upt',367);
/*!40000 ALTER TABLE `userlevelpermissions` ENABLE KEYS */;
UNLOCK TABLES;

--
-- Table structure for table `userlevels`
--

DROP TABLE IF EXISTS `userlevels`;
/*!40101 SET @saved_cs_client     = @@character_set_client */;
/*!50503 SET character_set_client = utf8mb4 */;
CREATE TABLE `userlevels` (
  `userlevelid` int NOT NULL,
  `userlevelname` varchar(255) CHARACTER SET utf8 COLLATE utf8_unicode_ci NOT NULL,
  PRIMARY KEY (`userlevelid`) USING BTREE
) ENGINE=InnoDB DEFAULT CHARSET=utf8 COLLATE=utf8_unicode_ci ROW_FORMAT=DYNAMIC;
/*!40101 SET character_set_client = @saved_cs_client */;

--
-- Dumping data for table `userlevels`
--

LOCK TABLES `userlevels` WRITE;
/*!40000 ALTER TABLE `userlevels` DISABLE KEYS */;
INSERT INTO `userlevels` VALUES (-2,'Anonymous'),(-1,'Administrator'),(0,'Default'),(1,'admin'),(2,'operator');
/*!40000 ALTER TABLE `userlevels` ENABLE KEYS */;
UNLOCK TABLES;
/*!40103 SET TIME_ZONE=@OLD_TIME_ZONE */;

/*!40101 SET SQL_MODE=@OLD_SQL_MODE */;
/*!40014 SET FOREIGN_KEY_CHECKS=@OLD_FOREIGN_KEY_CHECKS */;
/*!40014 SET UNIQUE_CHECKS=@OLD_UNIQUE_CHECKS */;
/*!40101 SET CHARACTER_SET_CLIENT=@OLD_CHARACTER_SET_CLIENT */;
/*!40101 SET CHARACTER_SET_RESULTS=@OLD_CHARACTER_SET_RESULTS */;
/*!40101 SET COLLATION_CONNECTION=@OLD_COLLATION_CONNECTION */;
/*!40111 SET SQL_NOTES=@OLD_SQL_NOTES */;

-- Dump completed on 2022-10-31 22:41:41
